2026-03-20 13:26:13,147 [hotzone] INFO: 🔥 HotZone WiFi Voucher Server starting...
2026-03-20 13:26:13,149 [hotzone] INFO: Startup: allowed MACs = {'DC:29:19:46:1F:27', '60:30:D4:6E:53:10', 'D0:B1:28:FD:9A:43'}
2026-03-20 13:26:15,890 [router_scraper] INFO: Navigating to router login: http://192.168.1.1/login.html
2026-03-20 13:26:23,154 [router_scraper] INFO: Queued block for 0E:E7:14:46:8A:D3
2026-03-20 13:26:23,169 [router_scraper] INFO: Router login successful
2026-03-20 13:26:25,256 [router_scraper] INFO: Clicked Firewall sidebar
2026-03-20 13:26:27,289 [router_scraper] INFO: Clicked Filtering Rules
2026-03-20 13:26:29,323 [router_scraper] INFO: Clicked MAC Filtering tab
2026-03-20 13:26:29,406 [router_scraper] INFO: Router MAC filter is clean — no unauthorized MACs found
2026-03-20 13:26:29,407 [hotzone] INFO: Syncing 3 whitelisted devices to router...
2026-03-20 13:26:37,714 [router_scraper] INFO: Clicked Device List tab
2026-03-20 13:26:37,847 [router_scraper] INFO: Scraped 5 devices from router
2026-03-20 13:26:37,847 [hotzone] INFO: Unknown device 0E:E7:14:46:8A:D3 connected — blocking by default
2026-03-20 13:26:37,847 [router_scraper] INFO: Queued block for 0E:E7:14:46:8A:D3
2026-03-20 13:26:40,019 [router_scraper] INFO: Clicked Firewall sidebar
2026-03-20 13:26:42,078 [router_scraper] INFO: Clicked Filtering Rules
2026-03-20 13:26:44,112 [router_scraper] INFO: Clicked MAC Filtering tab
2026-03-20 13:26:44,181 [router_scraper] INFO: 0E:E7:14:46:8A:D3 already absent from router — no delete needed
2026-03-20 13:26:44,304 [router_scraper] INFO: Clicked 'Save And Apply Rules'
2026-03-20 13:26:47,355 [router_scraper] INFO: Clicked dialog 'Confirm'
2026-03-20 13:26:48,858 [router_scraper] INFO: Batched updates successfully applied routing rules.
2026-03-20 13:26:50,918 [router_scraper] INFO: Clicked Filtering Rules
2026-03-20 13:26:52,954 [router_scraper] INFO: Clicked MAC Filtering tab
2026-03-20 13:26:53,052 [router_scraper] INFO: Existing MACs in router: {'DC:29:19:46:1F:27', '60:30:D4:6E:53:10', 'D0:B1:28:FD:9A:43'}
2026-03-20 13:26:53,052 [router_scraper] INFO: All whitelisted devices already in router
2026-03-20 13:26:53,158 [router_scraper] INFO: Queued block for 0E:E7:14:46:8A:D3
2026-03-20 13:27:01,257 [router_scraper] INFO: Clicked Device List tab
2026-03-20 13:27:01,408 [router_scraper] INFO: Scraped 5 devices from router
2026-03-20 13:27:03,488 [router_scraper] INFO: Clicked DHCP Information sidebar item
2026-03-20 13:27:05,537 [router_scraper] INFO: Clicked Device List tab
2026-03-20 13:27:05,667 [router_scraper] INFO: Scraped 5 devices from router
2026-03-20 13:27:05,667 [hotzone] INFO: Unknown device 0E:E7:14:46:8A:D3 connected — blocking by default
2026-03-20 13:27:05,667 [router_scraper] INFO: Queued block for 0E:E7:14:46:8A:D3
2026-03-20 13:27:07,735 [router_scraper] INFO: Clicked Firewall sidebar
2026-03-20 13:27:09,864 [router_scraper] INFO: Clicked Filtering Rules
2026-03-20 13:27:11,919 [router_scraper] INFO: Clicked MAC Filtering tab
2026-03-20 13:27:11,988 [router_scraper] INFO: 0E:E7:14:46:8A:D3 already absent from router — no delete needed
2026-03-20 13:27:12,100 [router_scraper] INFO: Clicked 'Save And Apply Rules'
2026-03-20 13:27:15,271 [router_scraper] INFO: Clicked dialog 'Confirm'
2026-03-20 13:27:16,776 [router_scraper] INFO: Batched updates successfully applied routing rules.
2026-03-20 13:27:23,161 [router_scraper] INFO: Queued block for 0E:E7:14:46:8A:D3
2026-03-20 13:27:24,977 [router_scraper] INFO: Clicked Device List tab
2026-03-20 13:27:25,132 [router_scraper] INFO: Scraped 5 devices from router
2026-03-20 13:27:27,207 [router_scraper] INFO: Clicked DHCP Information sidebar item
2026-03-20 13:27:29,282 [router_scraper] INFO: Clicked Device List tab
2026-03-20 13:27:29,407 [router_scraper] INFO: Scraped 5 devices from router
2026-03-20 13:27:29,407 [hotzone] INFO: Unknown device 0E:E7:14:46:8A:D3 connected — blocking by default
2026-03-20 13:27:29,407 [router_scraper] INFO: Queued block for 0E:E7:14:46:8A:D3
2026-03-20 13:27:31,539 [router_scraper] INFO: Clicked Firewall sidebar
2026-03-20 13:27:33,589 [router_scraper] INFO: Clicked Filtering Rules
2026-03-20 13:27:35,668 [router_scraper] INFO: Clicked MAC Filtering tab
2026-03-20 13:27:35,724 [router_scraper] INFO: 0E:E7:14:46:8A:D3 already absent from router — no delete needed
2026-03-20 13:27:35,804 [router_scraper] INFO: Clicked 'Save And Apply Rules'
2026-03-20 13:27:38,853 [router_scraper] INFO: Clicked dialog 'Confirm'
2026-03-20 13:27:40,358 [router_scraper] INFO: Batched updates successfully applied routing rules.
2026-03-20 13:27:48,581 [router_scraper] INFO: Clicked Device List tab
2026-03-20 13:27:48,726 [router_scraper] INFO: Scraped 5 devices from router
2026-03-20 13:27:50,800 [router_scraper] INFO: Clicked DHCP Information sidebar item
2026-03-20 13:27:52,848 [router_scraper] INFO: Clicked Device List tab
2026-03-20 13:27:53,021 [router_scraper] INFO: Scraped 5 devices from router
2026-03-20 13:27:53,165 [router_scraper] INFO: Queued block for 0E:E7:14:46:8A:D3
2026-03-20 13:27:55,107 [router_scraper] INFO: Clicked Firewall sidebar
2026-03-20 13:27:57,141 [router_scraper] INFO: Clicked Filtering Rules
2026-03-20 13:27:59,173 [router_scraper] INFO: Clicked MAC Filtering tab
2026-03-20 13:27:59,240 [router_scraper] INFO: 0E:E7:14:46:8A:D3 already absent from router — no delete needed
2026-03-20 13:27:59,340 [router_scraper] INFO: Clicked 'Save And Apply Rules'
2026-03-20 13:28:02,403 [router_scraper] INFO: Clicked dialog 'Confirm'
2026-03-20 13:28:03,909 [router_scraper] INFO: Batched updates successfully applied routing rules.
2026-03-20 13:28:12,096 [router_scraper] INFO: Clicked Device List tab
2026-03-20 13:28:12,261 [router_scraper] INFO: Scraped 5 devices from router
2026-03-20 13:28:14,336 [router_scraper] INFO: Clicked DHCP Information sidebar item
2026-03-20 13:28:16,380 [router_scraper] INFO: Clicked Device List tab
2026-03-20 13:28:16,501 [router_scraper] INFO: Scraped 5 devices from router
2026-03-20 13:28:16,501 [hotzone] INFO: Unknown device 0E:E7:14:46:8A:D3 connected — blocking by default
2026-03-20 13:28:16,501 [router_scraper] INFO: Queued block for 0E:E7:14:46:8A:D3
2026-03-20 13:28:18,590 [router_scraper] INFO: Clicked Firewall sidebar
2026-03-20 13:28:20,631 [router_scraper] INFO: Clicked Filtering Rules
2026-03-20 13:28:22,661 [router_scraper] INFO: Clicked MAC Filtering tab
2026-03-20 13:28:22,718 [router_scraper] INFO: 0E:E7:14:46:8A:D3 already absent from router — no delete needed
2026-03-20 13:28:22,772 [router_scraper] INFO: Clicked 'Save And Apply Rules'
2026-03-20 13:28:23,167 [router_scraper] INFO: Queued block for 0E:E7:14:46:8A:D3
2026-03-20 13:28:25,820 [router_scraper] INFO: Clicked dialog 'Confirm'
2026-03-20 13:28:27,324 [router_scraper] INFO: Batched updates successfully applied routing rules.
2026-03-20 13:28:35,565 [router_scraper] INFO: Clicked Device List tab
2026-03-20 13:28:35,733 [router_scraper] INFO: Scraped 5 devices from router
2026-03-20 13:28:37,878 [router_scraper] INFO: Clicked DHCP Information sidebar item
2026-03-20 13:28:39,930 [router_scraper] INFO: Clicked Device List tab
2026-03-20 13:28:40,047 [router_scraper] INFO: Scraped 5 devices from router
2026-03-20 13:28:40,048 [hotzone] INFO: Unknown device 0E:E7:14:46:8A:D3 connected — blocking by default
2026-03-20 13:28:40,048 [router_scraper] INFO: Queued block for 0E:E7:14:46:8A:D3
2026-03-20 13:28:42,123 [router_scraper] INFO: Clicked Firewall sidebar
2026-03-20 13:28:44,158 [router_scraper] INFO: Clicked Filtering Rules
2026-03-20 13:28:46,207 [router_scraper] INFO: Clicked MAC Filtering tab
2026-03-20 13:28:46,267 [router_scraper] INFO: 0E:E7:14:46:8A:D3 already absent from router — no delete needed
2026-03-20 13:28:46,331 [router_scraper] INFO: Clicked 'Save And Apply Rules'
2026-03-20 13:28:49,366 [router_scraper] INFO: Clicked dialog 'Confirm'
2026-03-20 13:28:50,870 [router_scraper] INFO: Batched updates successfully applied routing rules.
2026-03-20 13:28:53,169 [router_scraper] INFO: Queued block for 0E:E7:14:46:8A:D3
2026-03-20 13:28:59,127 [router_scraper] INFO: Clicked Device List tab
2026-03-20 13:28:59,280 [router_scraper] INFO: Scraped 5 devices from router
2026-03-20 13:29:01,378 [router_scraper] INFO: Clicked DHCP Information sidebar item
2026-03-20 13:29:03,439 [router_scraper] INFO: Clicked Device List tab
2026-03-20 13:29:03,589 [router_scraper] INFO: Scraped 5 devices from router
2026-03-20 13:29:03,590 [hotzone] INFO: Unknown device 0E:E7:14:46:8A:D3 connected — blocking by default
2026-03-20 13:29:03,590 [router_scraper] INFO: Queued block for 0E:E7:14:46:8A:D3
2026-03-20 13:29:05,711 [router_scraper] INFO: Clicked Firewall sidebar
2026-03-20 13:29:07,759 [router_scraper] INFO: Clicked Filtering Rules
2026-03-20 13:29:09,795 [router_scraper] INFO: Clicked MAC Filtering tab
2026-03-20 13:29:09,857 [router_scraper] INFO: 0E:E7:14:46:8A:D3 already absent from router — no delete needed
2026-03-20 13:29:09,931 [router_scraper] INFO: Clicked 'Save And Apply Rules'
2026-03-20 13:29:12,966 [router_scraper] INFO: Clicked dialog 'Confirm'
2026-03-20 13:29:14,469 [router_scraper] INFO: Batched updates successfully applied routing rules.
2026-03-20 13:29:22,709 [router_scraper] INFO: Clicked Device List tab
2026-03-20 13:29:22,850 [router_scraper] INFO: Scraped 5 devices from router
2026-03-20 13:29:23,171 [router_scraper] INFO: Queued block for 0E:E7:14:46:8A:D3
2026-03-20 13:29:24,908 [router_scraper] INFO: Clicked DHCP Information sidebar item
2026-03-20 13:29:26,960 [router_scraper] INFO: Clicked Device List tab
2026-03-20 13:29:27,081 [router_scraper] INFO: Scraped 5 devices from router
2026-03-20 13:29:27,081 [hotzone] INFO: Unknown device 0E:E7:14:46:8A:D3 connected — blocking by default
2026-03-20 13:29:27,081 [router_scraper] INFO: Queued block for 0E:E7:14:46:8A:D3
2026-03-20 13:29:29,148 [router_scraper] INFO: Clicked Firewall sidebar
2026-03-20 13:29:31,185 [router_scraper] INFO: Clicked Filtering Rules
2026-03-20 13:29:33,222 [router_scraper] INFO: Clicked MAC Filtering tab
2026-03-20 13:29:33,277 [router_scraper] INFO: 0E:E7:14:46:8A:D3 already absent from router — no delete needed
2026-03-20 13:29:33,348 [router_scraper] INFO: Clicked 'Save And Apply Rules'
2026-03-20 13:29:36,455 [router_scraper] INFO: Clicked dialog 'Confirm'
2026-03-20 13:29:38,001 [router_scraper] INFO: Batched updates successfully applied routing rules.
2026-03-20 13:29:46,194 [router_scraper] INFO: Clicked Device List tab
2026-03-20 13:29:46,317 [router_scraper] INFO: Scraped 4 devices from router
2026-03-20 13:29:48,372 [router_scraper] INFO: Clicked DHCP Information sidebar item
2026-03-20 13:29:50,419 [router_scraper] INFO: Clicked Device List tab
2026-03-20 13:29:50,532 [router_scraper] INFO: Scraped 4 devices from router
2026-03-20 13:29:52,639 [router_scraper] INFO: Clicked Firewall sidebar
2026-03-20 13:29:53,174 [router_scraper] INFO: Queued block for 0E:E7:14:46:8A:D3
2026-03-20 13:29:54,679 [router_scraper] INFO: Clicked Filtering Rules
2026-03-20 13:29:56,714 [router_scraper] INFO: Clicked MAC Filtering tab
2026-03-20 13:29:56,777 [router_scraper] INFO: 0E:E7:14:46:8A:D3 already absent from router — no delete needed
2026-03-20 13:29:56,823 [router_scraper] INFO: Clicked 'Save And Apply Rules'
2026-03-20 13:29:59,971 [router_scraper] INFO: Clicked dialog 'Confirm'
2026-03-20 13:30:01,481 [router_scraper] INFO: Batched updates successfully applied routing rules.
2026-03-20 13:30:09,832 [router_scraper] INFO: Clicked Device List tab
2026-03-20 13:30:09,960 [router_scraper] INFO: Scraped 4 devices from router
2026-03-20 13:30:12,034 [router_scraper] INFO: Clicked DHCP Information sidebar item
2026-03-20 13:30:14,078 [router_scraper] INFO: Clicked Device List tab
2026-03-20 13:30:14,214 [router_scraper] INFO: Scraped 4 devices from router
2026-03-20 13:30:14,215 [hotzone] INFO: Unknown device 0E:E7:14:46:8A:D3 connected — blocking by default
2026-03-20 13:30:14,215 [router_scraper] INFO: Queued block for 0E:E7:14:46:8A:D3
2026-03-20 13:30:16,289 [router_scraper] INFO: Clicked Firewall sidebar
2026-03-20 13:30:18,323 [router_scraper] INFO: Clicked Filtering Rules
2026-03-20 13:30:20,366 [router_scraper] INFO: Clicked MAC Filtering tab
2026-03-20 13:30:20,427 [router_scraper] INFO: 0E:E7:14:46:8A:D3 already absent from router — no delete needed
2026-03-20 13:30:20,479 [router_scraper] INFO: Clicked 'Save And Apply Rules'
2026-03-20 13:30:23,177 [router_scraper] INFO: Queued block for 0E:E7:14:46:8A:D3
2026-03-20 13:30:23,542 [router_scraper] INFO: Clicked dialog 'Confirm'
2026-03-20 13:30:25,045 [router_scraper] INFO: Batched updates successfully applied routing rules.
2026-03-20 13:30:32,492 [router_scraper] WARNING: No table found on DHCP page (timeout)
2026-03-20 13:30:32,502 [router_scraper] ERROR: Failed to scrape devices: Locator.all: Target page, context or browser has been closed
2026-03-20 13:30:32,563 [hotzone] INFO: Shutting down — cleaning up Playwright...
2026-03-20 13:30:32,637 [asyncio] ERROR: Future exception was never retrieved
future: <Future finished exception=TargetClosedError('Target page, context or browser has been closed')>
playwright._impl._errors.TargetClosedError: Target page, context or browser has been closed
2026-03-20 13:30:39,629 [hotzone] INFO: 🔥 HotZone WiFi Voucher Server starting...
2026-03-20 13:30:39,631 [hotzone] INFO: Startup: allowed MACs = {'D0:B1:28:FD:9A:43', '60:30:D4:6E:53:10', 'DC:29:19:46:1F:27'}
2026-03-20 13:30:41,142 [router_scraper] INFO: Navigating to router login: http://192.168.1.1/login.html
2026-03-20 13:30:48,951 [router_scraper] INFO: Router login successful
2026-03-20 13:30:51,020 [router_scraper] INFO: Clicked Firewall sidebar
2026-03-20 13:30:53,047 [router_scraper] INFO: Clicked Filtering Rules
2026-03-20 13:30:55,095 [router_scraper] INFO: Clicked MAC Filtering tab
2026-03-20 13:30:55,188 [router_scraper] INFO: Router MAC filter is clean — no unauthorized MACs found
2026-03-20 13:30:55,188 [hotzone] INFO: Syncing 3 whitelisted devices to router...
2026-03-20 13:31:03,363 [router_scraper] INFO: Clicked Device List tab
2026-03-20 13:31:03,479 [router_scraper] INFO: Scraped 4 devices from router
2026-03-20 13:31:03,479 [hotzone] INFO: Unknown device 0E:E7:14:46:8A:D3 connected — blocking by default
2026-03-20 13:31:03,479 [router_scraper] INFO: Queued block for 0E:E7:14:46:8A:D3
2026-03-20 13:31:05,583 [router_scraper] INFO: Clicked Firewall sidebar
2026-03-20 13:31:07,621 [router_scraper] INFO: Clicked Filtering Rules
2026-03-20 13:31:09,669 [router_scraper] INFO: Clicked MAC Filtering tab
2026-03-20 13:31:09,731 [router_scraper] INFO: Existing MACs in router: {'D0:B1:28:FD:9A:43', '60:30:D4:6E:53:10', 'DC:29:19:46:1F:27'}
2026-03-20 13:31:09,731 [router_scraper] INFO: All whitelisted devices already in router
2026-03-20 13:31:17,929 [router_scraper] INFO: Clicked Device List tab
2026-03-20 13:31:18,050 [router_scraper] INFO: Scraped 4 devices from router
2026-03-20 13:31:20,127 [router_scraper] INFO: Clicked Firewall sidebar
2026-03-20 13:31:22,171 [router_scraper] INFO: Clicked Filtering Rules
2026-03-20 13:31:24,200 [router_scraper] INFO: Clicked MAC Filtering tab
2026-03-20 13:31:24,259 [router_scraper] INFO: 0E:E7:14:46:8A:D3 already absent from router — no delete needed
2026-03-20 13:31:24,317 [router_scraper] INFO: Clicked 'Save And Apply Rules'
2026-03-20 13:31:27,369 [router_scraper] INFO: Clicked dialog 'Confirm'
2026-03-20 13:31:28,874 [router_scraper] INFO: Batched updates successfully applied routing rules.
2026-03-20 13:31:37,056 [router_scraper] INFO: Clicked Device List tab
2026-03-20 13:31:37,179 [router_scraper] INFO: Scraped 4 devices from router
2026-03-20 13:31:37,179 [hotzone] INFO: Unknown device 0E:E7:14:46:8A:D3 connected — blocking by default
2026-03-20 13:31:37,179 [router_scraper] INFO: Queued block for 0E:E7:14:46:8A:D3
2026-03-20 13:31:39,302 [router_scraper] INFO: Clicked DHCP Information sidebar item
2026-03-20 13:31:41,339 [router_scraper] INFO: Clicked Device List tab
2026-03-20 13:31:41,506 [router_scraper] INFO: Scraped 4 devices from router
2026-03-20 13:31:43,564 [router_scraper] INFO: Clicked Firewall sidebar
2026-03-20 13:31:45,603 [router_scraper] INFO: Clicked Filtering Rules
2026-03-20 13:31:47,637 [router_scraper] INFO: Clicked MAC Filtering tab
2026-03-20 13:31:47,695 [router_scraper] INFO: 0E:E7:14:46:8A:D3 already absent from router — no delete needed
2026-03-20 13:31:47,746 [router_scraper] INFO: Clicked 'Save And Apply Rules'
2026-03-20 13:31:50,780 [router_scraper] INFO: Clicked dialog 'Confirm'
2026-03-20 13:31:52,283 [router_scraper] INFO: Batched updates successfully applied routing rules.
2026-03-20 13:32:00,509 [router_scraper] INFO: Clicked Device List tab
2026-03-20 13:32:00,618 [router_scraper] INFO: Scraped 4 devices from router
2026-03-20 13:32:00,619 [hotzone] INFO: Unknown device 0E:E7:14:46:8A:D3 connected — blocking by default
2026-03-20 13:32:00,619 [router_scraper] INFO: Queued block for 0E:E7:14:46:8A:D3
2026-03-20 13:32:02,712 [router_scraper] INFO: Clicked DHCP Information sidebar item
2026-03-20 13:32:04,762 [router_scraper] INFO: Clicked Device List tab
2026-03-20 13:32:04,882 [router_scraper] INFO: Scraped 4 devices from router
2026-03-20 13:32:06,963 [router_scraper] INFO: Clicked Firewall sidebar
2026-03-20 13:32:09,021 [router_scraper] INFO: Clicked Filtering Rules
2026-03-20 13:32:11,059 [router_scraper] INFO: Clicked MAC Filtering tab
2026-03-20 13:32:11,119 [router_scraper] INFO: 0E:E7:14:46:8A:D3 already absent from router — no delete needed
2026-03-20 13:32:11,178 [router_scraper] INFO: Clicked 'Save And Apply Rules'
2026-03-20 13:32:14,216 [router_scraper] INFO: Clicked dialog 'Confirm'
2026-03-20 13:32:15,719 [router_scraper] INFO: Batched updates successfully applied routing rules.
2026-03-20 13:32:23,893 [router_scraper] INFO: Clicked Device List tab
2026-03-20 13:32:24,003 [router_scraper] INFO: Scraped 4 devices from router
2026-03-20 13:32:24,003 [hotzone] INFO: Unknown device 0E:E7:14:46:8A:D3 connected — blocking by default
2026-03-20 13:32:24,003 [router_scraper] INFO: Queued block for 0E:E7:14:46:8A:D3
2026-03-20 13:32:26,089 [router_scraper] INFO: Clicked DHCP Information sidebar item
2026-03-20 13:32:28,143 [router_scraper] INFO: Clicked Device List tab
2026-03-20 13:32:28,332 [router_scraper] INFO: Scraped 4 devices from router
2026-03-20 13:32:30,421 [router_scraper] INFO: Clicked Firewall sidebar
2026-03-20 13:32:32,472 [router_scraper] INFO: Clicked Filtering Rules
2026-03-20 13:32:34,507 [router_scraper] INFO: Clicked MAC Filtering tab
2026-03-20 13:32:34,567 [router_scraper] INFO: 0E:E7:14:46:8A:D3 already absent from router — no delete needed
2026-03-20 13:32:34,630 [router_scraper] INFO: Clicked 'Save And Apply Rules'
2026-03-20 13:32:37,686 [router_scraper] INFO: Clicked dialog 'Confirm'
2026-03-20 13:32:39,192 [router_scraper] INFO: Batched updates successfully applied routing rules.
2026-03-20 13:32:47,377 [router_scraper] INFO: Clicked Device List tab
2026-03-20 13:32:47,495 [router_scraper] INFO: Scraped 4 devices from router
2026-03-20 13:32:49,577 [router_scraper] INFO: Clicked DHCP Information sidebar item
2026-03-20 13:32:51,641 [router_scraper] INFO: Clicked Device List tab
2026-03-20 13:32:51,857 [router_scraper] INFO: Scraped 4 devices from router
2026-03-20 13:32:59,615 [router_scraper] INFO: Clicked DHCP Information sidebar item
2026-03-20 13:33:01,291 [router_scraper] WARNING: No table found on DHCP page (timeout)
2026-03-20 13:33:01,295 [router_scraper] ERROR: Failed to scrape devices: Locator.all: Target page, context or browser has been closed
2026-03-20 13:33:01,346 [hotzone] INFO: Shutting down — cleaning up Playwright...
2026-03-20 13:33:01,405 [asyncio] ERROR: Future exception was never retrieved
future: <Future finished exception=TargetClosedError('Target page, context or browser has been closed')>
playwright._impl._errors.TargetClosedError: Target page, context or browser has been closed
2026-03-20 14:00:30,975 [hotzone] INFO: 🔥 HotZone WiFi Voucher Server starting...
2026-03-20 14:00:30,976 [hotzone] INFO: Startup: allowed MACs = {'DC:29:19:46:1F:27', 'D0:B1:28:FD:9A:43', '60:30:D4:6E:53:10'}
2026-03-20 14:00:34,883 [router_scraper] INFO: Navigating to router login: http://192.168.1.1/login.html
2026-03-20 14:00:40,980 [hotzone] INFO: [enforcer] Voucher expired for 0E:E7:14:46:8A:D3 — removing from router
2026-03-20 14:00:40,980 [router_scraper] INFO: Queued block for 0E:E7:14:46:8A:D3
2026-03-20 14:00:42,462 [router_scraper] INFO: Router login successful
2026-03-20 14:00:44,567 [router_scraper] INFO: Clicked Firewall sidebar
2026-03-20 14:00:46,597 [router_scraper] INFO: Clicked Filtering Rules
2026-03-20 14:00:48,629 [router_scraper] INFO: Clicked MAC Filtering tab
2026-03-20 14:00:48,682 [router_scraper] INFO: Router MAC filter is clean — no unauthorized MACs found
2026-03-20 14:00:48,682 [hotzone] INFO: Syncing 3 whitelisted devices to router...
2026-03-20 14:00:56,895 [router_scraper] INFO: Clicked Device List tab
2026-03-20 14:00:57,000 [router_scraper] INFO: Scraped 5 devices from router
2026-03-20 14:00:57,000 [hotzone] INFO: Unknown device 60:14:B3:73:4F:F7 connected — blocking by default
2026-03-20 14:00:57,000 [router_scraper] INFO: Queued block for 60:14:B3:73:4F:F7
2026-03-20 14:00:59,085 [router_scraper] INFO: Clicked Firewall sidebar
2026-03-20 14:01:01,148 [router_scraper] INFO: Clicked Filtering Rules
2026-03-20 14:01:03,176 [router_scraper] INFO: Clicked MAC Filtering tab
2026-03-20 14:01:03,224 [router_scraper] INFO: 0E:E7:14:46:8A:D3 already absent from router — no delete needed
2026-03-20 14:01:03,330 [router_scraper] INFO: Clicked 'Save And Apply Rules'
2026-03-20 14:01:06,385 [router_scraper] INFO: Clicked dialog 'Confirm'
2026-03-20 14:01:07,889 [router_scraper] INFO: Batched updates successfully applied routing rules.
2026-03-20 14:01:09,936 [router_scraper] INFO: Clicked Filtering Rules
2026-03-20 14:01:11,964 [router_scraper] INFO: Clicked MAC Filtering tab
2026-03-20 14:01:12,011 [router_scraper] INFO: Existing MACs in router: {'DC:29:19:46:1F:27', 'D0:B1:28:FD:9A:43', '60:30:D4:6E:53:10'}
2026-03-20 14:01:12,011 [router_scraper] INFO: All whitelisted devices already in router
2026-03-20 14:01:20,224 [router_scraper] INFO: Clicked Device List tab
2026-03-20 14:01:20,377 [router_scraper] INFO: Scraped 5 devices from router
2026-03-20 14:01:22,457 [router_scraper] INFO: Clicked DHCP Information sidebar item
2026-03-20 14:01:24,506 [router_scraper] INFO: Clicked Device List tab
2026-03-20 14:01:24,641 [router_scraper] INFO: Scraped 5 devices from router
2026-03-20 14:01:26,932 [router_scraper] INFO: Clicked Firewall sidebar
2026-03-20 14:01:28,964 [router_scraper] INFO: Clicked Filtering Rules
2026-03-20 14:01:30,989 [router_scraper] INFO: Clicked MAC Filtering tab
2026-03-20 14:01:31,038 [router_scraper] INFO: 60:14:B3:73:4F:F7 already absent from router — no delete needed
2026-03-20 14:01:31,095 [router_scraper] INFO: Clicked 'Save And Apply Rules'
2026-03-20 14:01:34,129 [router_scraper] INFO: Clicked dialog 'Confirm'
2026-03-20 14:01:35,632 [router_scraper] INFO: Batched updates successfully applied routing rules.
2026-03-20 14:01:43,814 [router_scraper] INFO: Clicked Device List tab
2026-03-20 14:01:43,955 [router_scraper] INFO: Scraped 5 devices from router
2026-03-20 14:01:46,011 [router_scraper] INFO: Clicked DHCP Information sidebar item
2026-03-20 14:01:48,061 [router_scraper] INFO: Clicked Device List tab
2026-03-20 14:01:48,161 [router_scraper] INFO: Scraped 5 devices from router
2026-03-20 14:01:50,222 [router_scraper] INFO: Clicked DHCP Information sidebar item
2026-03-20 14:01:52,254 [router_scraper] INFO: Clicked Device List tab
2026-03-20 14:01:52,372 [router_scraper] INFO: Scraped 5 devices from router
2026-03-20 14:02:00,222 [router_scraper] INFO: Clicked DHCP Information sidebar item
2026-03-20 14:02:02,253 [router_scraper] INFO: Clicked Device List tab
2026-03-20 14:02:02,354 [router_scraper] INFO: Scraped 5 devices from router
2026-03-20 14:02:04,426 [router_scraper] INFO: Clicked DHCP Information sidebar item
2026-03-20 14:02:06,478 [router_scraper] INFO: Clicked Device List tab
2026-03-20 14:02:06,594 [router_scraper] INFO: Scraped 5 devices from router
2026-03-20 14:02:14,404 [router_scraper] INFO: Clicked DHCP Information sidebar item
2026-03-20 14:02:16,436 [router_scraper] INFO: Clicked Device List tab
2026-03-20 14:02:16,553 [router_scraper] INFO: Scraped 5 devices from router
2026-03-20 14:02:18,629 [router_scraper] INFO: Clicked DHCP Information sidebar item
2026-03-20 14:02:20,680 [router_scraper] INFO: Clicked Device List tab
2026-03-20 14:02:20,797 [router_scraper] INFO: Scraped 5 devices from router
2026-03-20 14:02:28,627 [router_scraper] INFO: Clicked DHCP Information sidebar item
2026-03-20 14:02:30,676 [router_scraper] INFO: Clicked Device List tab
2026-03-20 14:02:30,777 [router_scraper] INFO: Scraped 5 devices from router
2026-03-20 14:02:32,838 [router_scraper] INFO: Clicked DHCP Information sidebar item
2026-03-20 14:02:34,870 [router_scraper] INFO: Clicked Device List tab
2026-03-20 14:02:34,993 [router_scraper] INFO: Scraped 5 devices from router
2026-03-20 14:02:42,844 [router_scraper] INFO: Clicked DHCP Information sidebar item
2026-03-20 14:02:44,889 [router_scraper] INFO: Clicked Device List tab
2026-03-20 14:02:44,991 [router_scraper] INFO: Scraped 5 devices from router
2026-03-20 14:02:47,064 [router_scraper] INFO: Clicked DHCP Information sidebar item
2026-03-20 14:02:49,109 [router_scraper] INFO: Clicked Device List tab
2026-03-20 14:02:49,249 [router_scraper] INFO: Scraped 5 devices from router
2026-03-20 14:02:57,058 [router_scraper] INFO: Clicked DHCP Information sidebar item
2026-03-20 14:02:59,106 [router_scraper] INFO: Clicked Device List tab
2026-03-20 14:02:59,207 [router_scraper] INFO: Scraped 5 devices from router
2026-03-20 14:03:01,276 [router_scraper] INFO: Clicked DHCP Information sidebar item
2026-03-20 14:03:03,327 [router_scraper] INFO: Clicked Device List tab
2026-03-20 14:03:03,457 [router_scraper] INFO: Scraped 5 devices from router
2026-03-20 14:03:11,277 [router_scraper] INFO: Clicked DHCP Information sidebar item
2026-03-20 14:03:13,328 [router_scraper] INFO: Clicked Device List tab
2026-03-20 14:03:13,430 [router_scraper] INFO: Scraped 5 devices from router
2026-03-20 14:03:15,510 [router_scraper] INFO: Clicked DHCP Information sidebar item
2026-03-20 14:03:17,564 [router_scraper] INFO: Clicked Device List tab
2026-03-20 14:03:17,682 [router_scraper] INFO: Scraped 5 devices from router
2026-03-20 14:03:25,491 [router_scraper] INFO: Clicked DHCP Information sidebar item
2026-03-20 14:03:27,544 [router_scraper] INFO: Clicked Device List tab
2026-03-20 14:03:27,665 [router_scraper] INFO: Scraped 5 devices from router
2026-03-20 14:03:29,722 [router_scraper] INFO: Clicked DHCP Information sidebar item
2026-03-20 14:03:31,779 [router_scraper] INFO: Clicked Device List tab
2026-03-20 14:03:31,930 [router_scraper] INFO: Scraped 5 devices from router
2026-03-20 14:03:39,727 [router_scraper] INFO: Clicked DHCP Information sidebar item
2026-03-20 14:03:41,779 [router_scraper] INFO: Clicked Device List tab
2026-03-20 14:03:41,878 [router_scraper] INFO: Scraped 5 devices from router
2026-03-20 14:03:43,941 [router_scraper] INFO: Clicked DHCP Information sidebar item
2026-03-20 14:03:45,992 [router_scraper] INFO: Clicked Device List tab
2026-03-20 14:03:46,115 [router_scraper] INFO: Scraped 5 devices from router
2026-03-20 14:03:53,941 [router_scraper] INFO: Clicked DHCP Information sidebar item
2026-03-20 14:03:55,992 [router_scraper] INFO: Clicked Device List tab
2026-03-20 14:03:56,092 [router_scraper] INFO: Scraped 5 devices from router
2026-03-20 14:03:58,159 [router_scraper] INFO: Clicked DHCP Information sidebar item
2026-03-20 14:04:00,214 [router_scraper] INFO: Clicked Device List tab
2026-03-20 14:04:00,335 [router_scraper] INFO: Scraped 5 devices from router
2026-03-20 14:04:00,336 [router_scraper] INFO: Queued unblock for 60:14:B3:73:4F:F7
2026-03-20 14:04:00,336 [hotzone] INFO: Voucher code E2BE1D0D redeemed successfully by MAC 60:14:B3:73:4F:F7
2026-03-20 14:04:02,433 [router_scraper] INFO: Clicked DHCP Information sidebar item
2026-03-20 14:04:04,476 [router_scraper] INFO: Clicked Device List tab
2026-03-20 14:04:04,592 [router_scraper] INFO: Scraped 5 devices from router
2026-03-20 14:04:06,654 [router_scraper] INFO: Clicked Firewall sidebar
2026-03-20 14:04:08,686 [router_scraper] INFO: Clicked Filtering Rules
2026-03-20 14:04:10,714 [router_scraper] INFO: Clicked MAC Filtering tab
2026-03-20 14:04:12,340 [router_scraper] INFO: Filled MAC input (#ipAddress) with 60:14:B3:73:4F:F7
2026-03-20 14:04:13,891 [router_scraper] INFO: Confirmed new rule row for 60:14:B3:73:4F:F7
2026-03-20 14:04:14,434 [router_scraper] INFO: Clicked 'Save And Apply Rules'
2026-03-20 14:04:17,482 [router_scraper] INFO: Clicked dialog 'Confirm'
2026-03-20 14:04:18,984 [router_scraper] INFO: Batched updates successfully applied routing rules.
2026-03-20 14:04:27,175 [router_scraper] INFO: Clicked Device List tab
2026-03-20 14:04:27,276 [router_scraper] INFO: Scraped 5 devices from router
2026-03-20 14:04:29,339 [router_scraper] INFO: Clicked DHCP Information sidebar item
2026-03-20 14:04:31,393 [router_scraper] INFO: Clicked Device List tab
2026-03-20 14:04:31,510 [router_scraper] INFO: Scraped 5 devices from router
2026-03-20 14:04:39,341 [router_scraper] INFO: Clicked DHCP Information sidebar item
2026-03-20 14:04:41,391 [router_scraper] INFO: Clicked Device List tab
2026-03-20 14:04:41,491 [router_scraper] INFO: Scraped 5 devices from router
2026-03-20 14:04:43,560 [router_scraper] INFO: Clicked DHCP Information sidebar item
2026-03-20 14:04:45,608 [router_scraper] INFO: Clicked Device List tab
2026-03-20 14:04:45,746 [router_scraper] INFO: Scraped 5 devices from router
2026-03-20 14:04:53,559 [router_scraper] INFO: Clicked DHCP Information sidebar item
2026-03-20 14:04:55,620 [router_scraper] INFO: Clicked Device List tab
2026-03-20 14:04:55,732 [router_scraper] INFO: Scraped 5 devices from router
2026-03-20 14:04:57,827 [router_scraper] INFO: Clicked DHCP Information sidebar item
2026-03-20 14:04:59,874 [router_scraper] INFO: Clicked Device List tab
2026-03-20 14:04:59,987 [router_scraper] INFO: Scraped 5 devices from router
2026-03-20 14:05:07,785 [router_scraper] INFO: Clicked DHCP Information sidebar item
2026-03-20 14:05:09,819 [router_scraper] INFO: Clicked Device List tab
2026-03-20 14:05:09,919 [router_scraper] INFO: Scraped 5 devices from router
2026-03-20 14:05:11,991 [router_scraper] INFO: Clicked DHCP Information sidebar item
2026-03-20 14:05:14,042 [router_scraper] INFO: Clicked Device List tab
2026-03-20 14:05:14,159 [router_scraper] INFO: Scraped 5 devices from router
2026-03-20 14:05:21,967 [router_scraper] INFO: Clicked DHCP Information sidebar item
2026-03-20 14:05:24,007 [router_scraper] INFO: Clicked Device List tab
2026-03-20 14:05:24,132 [router_scraper] INFO: Scraped 5 devices from router
2026-03-20 14:05:26,209 [router_scraper] INFO: Clicked DHCP Information sidebar item
2026-03-20 14:05:28,255 [router_scraper] INFO: Clicked Device List tab
2026-03-20 14:05:28,372 [router_scraper] INFO: Scraped 5 devices from router
2026-03-20 14:05:36,184 [router_scraper] INFO: Clicked DHCP Information sidebar item
2026-03-20 14:05:38,224 [router_scraper] INFO: Clicked Device List tab
2026-03-20 14:05:38,324 [router_scraper] INFO: Scraped 5 devices from router
2026-03-20 14:05:40,393 [router_scraper] INFO: Clicked DHCP Information sidebar item
2026-03-20 14:05:42,436 [router_scraper] INFO: Clicked Device List tab
2026-03-20 14:05:42,555 [router_scraper] INFO: Scraped 5 devices from router
2026-03-20 14:05:50,389 [router_scraper] INFO: Clicked DHCP Information sidebar item
2026-03-20 14:05:52,436 [router_scraper] INFO: Clicked Device List tab
2026-03-20 14:05:52,535 [router_scraper] INFO: Scraped 5 devices from router
2026-03-20 14:05:54,606 [router_scraper] INFO: Clicked DHCP Information sidebar item
2026-03-20 14:05:56,660 [router_scraper] INFO: Clicked Device List tab
2026-03-20 14:05:56,776 [router_scraper] INFO: Scraped 5 devices from router
2026-03-20 14:06:04,584 [router_scraper] INFO: Clicked DHCP Information sidebar item
2026-03-20 14:06:06,625 [router_scraper] INFO: Clicked Device List tab
2026-03-20 14:06:06,736 [router_scraper] INFO: Scraped 5 devices from router
2026-03-20 14:06:08,818 [router_scraper] INFO: Clicked DHCP Information sidebar item
2026-03-20 14:06:10,986 [router_scraper] INFO: Clicked Device List tab
2026-03-20 14:06:11,117 [router_scraper] INFO: Scraped 5 devices from router
2026-03-20 14:06:18,784 [router_scraper] INFO: Clicked DHCP Information sidebar item
2026-03-20 14:06:20,827 [router_scraper] INFO: Clicked Device List tab
2026-03-20 14:06:20,939 [router_scraper] INFO: Scraped 5 devices from router
2026-03-20 14:06:23,024 [router_scraper] INFO: Clicked DHCP Information sidebar item
2026-03-20 14:06:25,076 [router_scraper] INFO: Clicked Device List tab
2026-03-20 14:06:25,237 [router_scraper] INFO: Scraped 5 devices from router
2026-03-20 14:06:33,008 [router_scraper] INFO: Clicked DHCP Information sidebar item
2026-03-20 14:06:35,056 [router_scraper] INFO: Clicked Device List tab
2026-03-20 14:06:35,177 [router_scraper] INFO: Scraped 5 devices from router
2026-03-20 14:06:37,259 [router_scraper] INFO: Clicked DHCP Information sidebar item
2026-03-20 14:06:39,325 [router_scraper] INFO: Clicked Device List tab
2026-03-20 14:06:39,451 [router_scraper] INFO: Scraped 5 devices from router
2026-03-20 14:06:47,356 [router_scraper] INFO: Clicked DHCP Information sidebar item
2026-03-20 14:06:49,403 [router_scraper] INFO: Clicked Device List tab
2026-03-20 14:06:49,497 [router_scraper] INFO: Scraped 5 devices from router
2026-03-20 14:06:51,551 [router_scraper] INFO: Clicked DHCP Information sidebar item
2026-03-20 14:06:53,588 [router_scraper] INFO: Clicked Device List tab
2026-03-20 14:06:53,704 [router_scraper] INFO: Scraped 5 devices from router
2026-03-20 14:07:01,551 [router_scraper] INFO: Clicked DHCP Information sidebar item
2026-03-20 14:07:03,591 [router_scraper] INFO: Clicked Device List tab
2026-03-20 14:07:03,693 [router_scraper] INFO: Scraped 5 devices from router
2026-03-20 14:07:05,757 [router_scraper] INFO: Clicked DHCP Information sidebar item
2026-03-20 14:07:07,806 [router_scraper] INFO: Clicked Device List tab
2026-03-20 14:07:07,926 [router_scraper] INFO: Scraped 5 devices from router
2026-03-20 14:07:15,756 [router_scraper] INFO: Clicked DHCP Information sidebar item
2026-03-20 14:07:17,806 [router_scraper] INFO: Clicked Device List tab
2026-03-20 14:07:17,928 [router_scraper] INFO: Scraped 5 devices from router
2026-03-20 14:07:19,988 [router_scraper] INFO: Clicked DHCP Information sidebar item
2026-03-20 14:07:22,042 [router_scraper] INFO: Clicked Device List tab
2026-03-20 14:07:22,159 [router_scraper] INFO: Scraped 5 devices from router
2026-03-20 14:07:29,984 [router_scraper] INFO: Clicked DHCP Information sidebar item
2026-03-20 14:07:32,023 [router_scraper] INFO: Clicked Device List tab
2026-03-20 14:07:32,120 [router_scraper] INFO: Scraped 5 devices from router
2026-03-20 14:07:34,191 [router_scraper] INFO: Clicked DHCP Information sidebar item
2026-03-20 14:07:36,240 [router_scraper] INFO: Clicked Device List tab
2026-03-20 14:07:36,356 [router_scraper] INFO: Scraped 5 devices from router
2026-03-20 14:07:44,187 [router_scraper] INFO: Clicked DHCP Information sidebar item
2026-03-20 14:07:46,216 [router_scraper] INFO: Clicked Device List tab
2026-03-20 14:07:46,316 [router_scraper] INFO: Scraped 5 devices from router
2026-03-20 14:07:48,389 [router_scraper] INFO: Clicked DHCP Information sidebar item
2026-03-20 14:07:50,441 [router_scraper] INFO: Clicked Device List tab
2026-03-20 14:07:50,584 [router_scraper] INFO: Scraped 5 devices from router
2026-03-20 14:07:58,372 [router_scraper] INFO: Clicked DHCP Information sidebar item
2026-03-20 14:08:00,422 [router_scraper] INFO: Clicked Device List tab
2026-03-20 14:08:00,519 [router_scraper] INFO: Scraped 5 devices from router
2026-03-20 14:08:02,590 [router_scraper] INFO: Clicked DHCP Information sidebar item
2026-03-20 14:08:04,640 [router_scraper] INFO: Clicked Device List tab
2026-03-20 14:08:04,758 [router_scraper] INFO: Scraped 5 devices from router
2026-03-20 14:08:12,587 [router_scraper] INFO: Clicked DHCP Information sidebar item
2026-03-20 14:08:14,637 [router_scraper] INFO: Clicked Device List tab
2026-03-20 14:08:14,735 [router_scraper] INFO: Scraped 5 devices from router
2026-03-20 14:08:16,808 [router_scraper] INFO: Clicked DHCP Information sidebar item
2026-03-20 14:08:18,856 [router_scraper] INFO: Clicked Device List tab
2026-03-20 14:08:18,973 [router_scraper] INFO: Scraped 5 devices from router
2026-03-20 14:08:26,806 [router_scraper] INFO: Clicked DHCP Information sidebar item
2026-03-20 14:08:28,857 [router_scraper] INFO: Clicked Device List tab
2026-03-20 14:08:28,953 [router_scraper] INFO: Scraped 5 devices from router
2026-03-20 14:08:31,050 [router_scraper] INFO: Clicked DHCP Information sidebar item
2026-03-20 14:08:33,084 [router_scraper] INFO: Clicked Device List tab
2026-03-20 14:08:33,200 [router_scraper] INFO: Scraped 5 devices from router
2026-03-20 14:08:41,021 [router_scraper] INFO: Clicked DHCP Information sidebar item
2026-03-20 14:08:43,065 [router_scraper] INFO: Clicked Device List tab
2026-03-20 14:08:43,170 [router_scraper] INFO: Scraped 5 devices from router
2026-03-20 14:08:45,241 [router_scraper] INFO: Clicked DHCP Information sidebar item
2026-03-20 14:08:47,291 [router_scraper] INFO: Clicked Device List tab
2026-03-20 14:08:47,405 [router_scraper] INFO: Scraped 5 devices from router
2026-03-20 14:08:55,239 [router_scraper] INFO: Clicked DHCP Information sidebar item
2026-03-20 14:08:57,289 [router_scraper] INFO: Clicked Device List tab
2026-03-20 14:08:57,386 [router_scraper] INFO: Scraped 5 devices from router
2026-03-20 14:08:59,456 [router_scraper] INFO: Clicked DHCP Information sidebar item
2026-03-20 14:09:01,509 [router_scraper] INFO: Clicked Device List tab
2026-03-20 14:09:01,624 [router_scraper] INFO: Scraped 5 devices from router
2026-03-20 14:09:09,454 [router_scraper] INFO: Clicked DHCP Information sidebar item
2026-03-20 14:09:11,508 [router_scraper] INFO: Clicked Device List tab
2026-03-20 14:09:11,604 [router_scraper] INFO: Scraped 5 devices from router
2026-03-20 14:09:13,675 [router_scraper] INFO: Clicked DHCP Information sidebar item
2026-03-20 14:09:15,725 [router_scraper] INFO: Clicked Device List tab
2026-03-20 14:09:15,839 [router_scraper] INFO: Scraped 5 devices from router
2026-03-20 14:09:23,671 [router_scraper] INFO: Clicked DHCP Information sidebar item
2026-03-20 14:09:25,721 [router_scraper] INFO: Clicked Device List tab
2026-03-20 14:09:25,816 [router_scraper] INFO: Scraped 5 devices from router
2026-03-20 14:09:27,890 [router_scraper] INFO: Clicked DHCP Information sidebar item
2026-03-20 14:09:29,934 [router_scraper] INFO: Clicked Device List tab
2026-03-20 14:09:30,047 [router_scraper] INFO: Scraped 5 devices from router
2026-03-20 14:09:37,867 [router_scraper] INFO: Clicked DHCP Information sidebar item
2026-03-20 14:09:39,900 [router_scraper] INFO: Clicked Device List tab
2026-03-20 14:09:39,998 [router_scraper] INFO: Scraped 5 devices from router
2026-03-20 14:09:42,074 [router_scraper] INFO: Clicked DHCP Information sidebar item
2026-03-20 14:09:44,125 [router_scraper] INFO: Clicked Device List tab
2026-03-20 14:09:44,243 [router_scraper] INFO: Scraped 5 devices from router
2026-03-20 14:09:52,049 [router_scraper] INFO: Clicked DHCP Information sidebar item
2026-03-20 14:09:54,136 [router_scraper] INFO: Clicked Device List tab
2026-03-20 14:09:54,232 [router_scraper] INFO: Scraped 5 devices from router
2026-03-20 14:09:56,218 [router_scraper] INFO: Clicked DHCP Information sidebar item
2026-03-20 14:09:58,286 [router_scraper] INFO: Clicked Device List tab
2026-03-20 14:09:58,521 [router_scraper] INFO: Scraped 5 devices from router
2026-03-20 14:10:06,192 [router_scraper] INFO: Clicked DHCP Information sidebar item
2026-03-20 14:10:08,232 [router_scraper] INFO: Clicked Device List tab
2026-03-20 14:10:08,328 [router_scraper] INFO: Scraped 5 devices from router
2026-03-20 14:10:10,400 [router_scraper] INFO: Clicked DHCP Information sidebar item
2026-03-20 14:10:12,444 [router_scraper] INFO: Clicked Device List tab
2026-03-20 14:10:12,555 [router_scraper] INFO: Scraped 5 devices from router
2026-03-20 14:10:20,400 [router_scraper] INFO: Clicked DHCP Information sidebar item
2026-03-20 14:10:22,451 [router_scraper] INFO: Clicked Device List tab
2026-03-20 14:10:22,570 [router_scraper] INFO: Scraped 5 devices from router
2026-03-20 14:10:24,633 [router_scraper] INFO: Clicked DHCP Information sidebar item
2026-03-20 14:10:26,684 [router_scraper] INFO: Clicked Device List tab
2026-03-20 14:10:26,797 [router_scraper] INFO: Scraped 5 devices from router
2026-03-20 14:10:34,633 [router_scraper] INFO: Clicked DHCP Information sidebar item
2026-03-20 14:10:36,683 [router_scraper] INFO: Clicked Device List tab
2026-03-20 14:10:36,778 [router_scraper] INFO: Scraped 5 devices from router
2026-03-20 14:10:38,851 [router_scraper] INFO: Clicked DHCP Information sidebar item
2026-03-20 14:10:40,900 [router_scraper] INFO: Clicked Device List tab
2026-03-20 14:10:41,012 [router_scraper] INFO: Scraped 5 devices from router
2026-03-20 14:10:48,825 [router_scraper] INFO: Clicked DHCP Information sidebar item
2026-03-20 14:10:50,868 [router_scraper] INFO: Clicked Device List tab
2026-03-20 14:10:50,963 [router_scraper] INFO: Scraped 5 devices from router
2026-03-20 14:10:53,033 [router_scraper] INFO: Clicked DHCP Information sidebar item
2026-03-20 14:10:55,080 [router_scraper] INFO: Clicked Device List tab
2026-03-20 14:10:55,193 [router_scraper] INFO: Scraped 5 devices from router
2026-03-20 14:11:03,033 [router_scraper] INFO: Clicked DHCP Information sidebar item
2026-03-20 14:11:05,081 [router_scraper] INFO: Clicked Device List tab
2026-03-20 14:11:05,175 [router_scraper] INFO: Scraped 5 devices from router
2026-03-20 14:11:07,251 [router_scraper] INFO: Clicked DHCP Information sidebar item
2026-03-20 14:11:09,300 [router_scraper] INFO: Clicked Device List tab
2026-03-20 14:11:09,414 [router_scraper] INFO: Scraped 5 devices from router
2026-03-20 14:11:17,225 [router_scraper] INFO: Clicked DHCP Information sidebar item
2026-03-20 14:11:19,263 [router_scraper] INFO: Clicked Device List tab
2026-03-20 14:11:19,360 [router_scraper] INFO: Scraped 5 devices from router
2026-03-20 14:11:21,434 [router_scraper] INFO: Clicked DHCP Information sidebar item
2026-03-20 14:11:23,484 [router_scraper] INFO: Clicked Device List tab
2026-03-20 14:11:23,623 [router_scraper] INFO: Scraped 5 devices from router
2026-03-20 14:11:31,434 [router_scraper] INFO: Clicked DHCP Information sidebar item
2026-03-20 14:11:33,482 [router_scraper] INFO: Clicked Device List tab
2026-03-20 14:11:33,600 [router_scraper] INFO: Scraped 5 devices from router
2026-03-20 14:11:35,657 [router_scraper] INFO: Clicked DHCP Information sidebar item
2026-03-20 14:11:37,693 [router_scraper] INFO: Clicked Device List tab
2026-03-20 14:11:37,807 [router_scraper] INFO: Scraped 5 devices from router
2026-03-20 14:11:45,662 [router_scraper] INFO: Clicked DHCP Information sidebar item
2026-03-20 14:11:47,714 [router_scraper] INFO: Clicked Device List tab
2026-03-20 14:11:47,810 [router_scraper] INFO: Scraped 5 devices from router
2026-03-20 14:11:49,881 [router_scraper] INFO: Clicked DHCP Information sidebar item
2026-03-20 14:11:51,932 [router_scraper] INFO: Clicked Device List tab
2026-03-20 14:11:52,046 [router_scraper] INFO: Scraped 5 devices from router
2026-03-20 14:11:59,881 [router_scraper] INFO: Clicked DHCP Information sidebar item
2026-03-20 14:12:01,931 [router_scraper] INFO: Clicked Device List tab
2026-03-20 14:12:02,027 [router_scraper] INFO: Scraped 5 devices from router
2026-03-20 14:12:04,097 [router_scraper] INFO: Clicked DHCP Information sidebar item
2026-03-20 14:12:06,150 [router_scraper] INFO: Clicked Device List tab
2026-03-20 14:12:06,262 [router_scraper] INFO: Scraped 5 devices from router
2026-03-20 14:12:14,097 [router_scraper] INFO: Clicked DHCP Information sidebar item
2026-03-20 14:12:16,145 [router_scraper] INFO: Clicked Device List tab
2026-03-20 14:12:16,239 [router_scraper] INFO: Scraped 5 devices from router
2026-03-20 14:12:18,317 [router_scraper] INFO: Clicked DHCP Information sidebar item
2026-03-20 14:12:20,365 [router_scraper] INFO: Clicked Device List tab
2026-03-20 14:12:20,480 [router_scraper] INFO: Scraped 5 devices from router
2026-03-20 14:12:28,290 [router_scraper] INFO: Clicked DHCP Information sidebar item
2026-03-20 14:12:30,323 [router_scraper] INFO: Clicked Device List tab
2026-03-20 14:12:30,423 [router_scraper] INFO: Scraped 5 devices from router
2026-03-20 14:12:32,499 [router_scraper] INFO: Clicked DHCP Information sidebar item
2026-03-20 14:12:34,548 [router_scraper] INFO: Clicked Device List tab
2026-03-20 14:12:34,662 [router_scraper] INFO: Scraped 5 devices from router
2026-03-20 14:12:42,473 [router_scraper] INFO: Clicked DHCP Information sidebar item
2026-03-20 14:12:44,511 [router_scraper] INFO: Clicked Device List tab
2026-03-20 14:12:44,622 [router_scraper] INFO: Scraped 5 devices from router
2026-03-20 14:12:46,698 [router_scraper] INFO: Clicked DHCP Information sidebar item
2026-03-20 14:12:48,741 [router_scraper] INFO: Clicked Device List tab
2026-03-20 14:12:48,853 [router_scraper] INFO: Scraped 5 devices from router
2026-03-20 14:12:56,673 [router_scraper] INFO: Clicked DHCP Information sidebar item
2026-03-20 14:12:58,709 [router_scraper] INFO: Clicked Device List tab
2026-03-20 14:12:58,803 [router_scraper] INFO: Scraped 5 devices from router
2026-03-20 14:13:00,858 [router_scraper] INFO: Clicked DHCP Information sidebar item
2026-03-20 14:13:02,913 [router_scraper] INFO: Clicked Device List tab
2026-03-20 14:13:03,025 [router_scraper] INFO: Scraped 5 devices from router
2026-03-20 14:13:10,859 [router_scraper] INFO: Clicked DHCP Information sidebar item
2026-03-20 14:13:12,891 [router_scraper] INFO: Clicked Device List tab
2026-03-20 14:13:12,988 [router_scraper] INFO: Scraped 5 devices from router
2026-03-20 14:13:15,067 [router_scraper] INFO: Clicked DHCP Information sidebar item
2026-03-20 14:13:17,106 [router_scraper] INFO: Clicked Device List tab
2026-03-20 14:13:17,221 [router_scraper] INFO: Scraped 5 devices from router
2026-03-20 14:13:25,037 [router_scraper] INFO: Clicked DHCP Information sidebar item
2026-03-20 14:13:27,077 [router_scraper] INFO: Clicked Device List tab
2026-03-20 14:13:27,176 [router_scraper] INFO: Scraped 5 devices from router
2026-03-20 14:13:29,262 [router_scraper] INFO: Clicked DHCP Information sidebar item
2026-03-20 14:13:31,316 [router_scraper] INFO: Clicked Device List tab
2026-03-20 14:13:31,432 [router_scraper] INFO: Scraped 5 devices from router
2026-03-20 14:13:39,249 [router_scraper] INFO: Clicked DHCP Information sidebar item
2026-03-20 14:13:41,295 [router_scraper] INFO: Clicked Device List tab
2026-03-20 14:13:41,389 [router_scraper] INFO: Scraped 5 devices from router
2026-03-20 14:13:43,464 [router_scraper] INFO: Clicked DHCP Information sidebar item
2026-03-20 14:13:45,512 [router_scraper] INFO: Clicked Device List tab
2026-03-20 14:13:45,628 [router_scraper] INFO: Scraped 5 devices from router
2026-03-20 14:13:53,464 [router_scraper] INFO: Clicked DHCP Information sidebar item
2026-03-20 14:13:55,512 [router_scraper] INFO: Clicked Device List tab
2026-03-20 14:13:55,609 [router_scraper] INFO: Scraped 5 devices from router
2026-03-20 14:13:57,678 [router_scraper] INFO: Clicked DHCP Information sidebar item
2026-03-20 14:13:59,732 [router_scraper] INFO: Clicked Device List tab
2026-03-20 14:13:59,844 [router_scraper] INFO: Scraped 5 devices from router
2026-03-20 14:14:07,678 [router_scraper] INFO: Clicked DHCP Information sidebar item
2026-03-20 14:14:09,726 [router_scraper] INFO: Clicked Device List tab
2026-03-20 14:14:09,820 [router_scraper] INFO: Scraped 5 devices from router
2026-03-20 14:14:11,895 [router_scraper] INFO: Clicked DHCP Information sidebar item
2026-03-20 14:14:13,945 [router_scraper] INFO: Clicked Device List tab
2026-03-20 14:14:14,057 [router_scraper] INFO: Scraped 5 devices from router
2026-03-20 14:14:21,871 [router_scraper] INFO: Clicked DHCP Information sidebar item
2026-03-20 14:14:23,907 [router_scraper] INFO: Clicked Device List tab
2026-03-20 14:14:24,002 [router_scraper] INFO: Scraped 5 devices from router
2026-03-20 14:14:26,078 [router_scraper] INFO: Clicked DHCP Information sidebar item
2026-03-20 14:14:28,129 [router_scraper] INFO: Clicked Device List tab
2026-03-20 14:14:28,263 [router_scraper] INFO: Scraped 5 devices from router
2026-03-20 14:14:36,078 [router_scraper] INFO: Clicked DHCP Information sidebar item
2026-03-20 14:14:38,128 [router_scraper] INFO: Clicked Device List tab
2026-03-20 14:14:38,223 [router_scraper] INFO: Scraped 5 devices from router
2026-03-20 14:14:40,297 [router_scraper] INFO: Clicked DHCP Information sidebar item
2026-03-20 14:14:42,343 [router_scraper] INFO: Clicked Device List tab
2026-03-20 14:14:42,455 [router_scraper] INFO: Scraped 5 devices from router
2026-03-20 14:14:50,293 [router_scraper] INFO: Clicked DHCP Information sidebar item
2026-03-20 14:14:52,346 [router_scraper] INFO: Clicked Device List tab
2026-03-20 14:14:52,438 [router_scraper] INFO: Scraped 5 devices from router
2026-03-20 14:14:54,510 [router_scraper] INFO: Clicked DHCP Information sidebar item
2026-03-20 14:14:56,559 [router_scraper] INFO: Clicked Device List tab
2026-03-20 14:14:56,673 [router_scraper] INFO: Scraped 5 devices from router
2026-03-20 14:15:04,511 [router_scraper] INFO: Clicked DHCP Information sidebar item
2026-03-20 14:15:06,558 [router_scraper] INFO: Clicked Device List tab
2026-03-20 14:15:06,675 [router_scraper] INFO: Scraped 5 devices from router
2026-03-20 14:15:08,743 [router_scraper] INFO: Clicked DHCP Information sidebar item
2026-03-20 14:15:10,793 [router_scraper] INFO: Clicked Device List tab
2026-03-20 14:15:10,906 [router_scraper] INFO: Scraped 5 devices from router
2026-03-20 14:15:18,741 [router_scraper] INFO: Clicked DHCP Information sidebar item
2026-03-20 14:15:20,793 [router_scraper] INFO: Clicked Device List tab
2026-03-20 14:15:20,887 [router_scraper] INFO: Scraped 5 devices from router
2026-03-20 14:15:22,961 [router_scraper] INFO: Clicked DHCP Information sidebar item
2026-03-20 14:15:25,011 [router_scraper] INFO: Clicked Device List tab
2026-03-20 14:15:25,123 [router_scraper] INFO: Scraped 5 devices from router
2026-03-20 14:15:32,943 [router_scraper] INFO: Clicked DHCP Information sidebar item
2026-03-20 14:15:34,988 [router_scraper] INFO: Clicked Device List tab
2026-03-20 14:15:35,083 [router_scraper] INFO: Scraped 5 devices from router
2026-03-20 14:15:37,159 [router_scraper] INFO: Clicked DHCP Information sidebar item
2026-03-20 14:15:39,209 [router_scraper] INFO: Clicked Device List tab
2026-03-20 14:15:39,320 [router_scraper] INFO: Scraped 5 devices from router
2026-03-20 14:15:47,138 [router_scraper] INFO: Clicked DHCP Information sidebar item
2026-03-20 14:15:49,167 [router_scraper] INFO: Clicked Device List tab
2026-03-20 14:15:49,261 [router_scraper] INFO: Scraped 5 devices from router
2026-03-20 14:15:51,321 [router_scraper] INFO: Clicked DHCP Information sidebar item
2026-03-20 14:15:53,353 [router_scraper] INFO: Clicked Device List tab
2026-03-20 14:15:53,465 [router_scraper] INFO: Scraped 5 devices from router
2026-03-20 14:16:01,327 [router_scraper] INFO: Clicked DHCP Information sidebar item
2026-03-20 14:16:03,374 [router_scraper] INFO: Clicked Device List tab
2026-03-20 14:16:03,469 [router_scraper] INFO: Scraped 5 devices from router
2026-03-20 14:16:05,543 [router_scraper] INFO: Clicked DHCP Information sidebar item
2026-03-20 14:16:07,594 [router_scraper] INFO: Clicked Device List tab
2026-03-20 14:16:07,706 [router_scraper] INFO: Scraped 5 devices from router
2026-03-20 14:16:15,520 [router_scraper] INFO: Clicked DHCP Information sidebar item
2026-03-20 14:16:17,551 [router_scraper] INFO: Clicked Device List tab
2026-03-20 14:16:17,646 [router_scraper] INFO: Scraped 5 devices from router
2026-03-20 14:16:19,744 [router_scraper] INFO: Clicked DHCP Information sidebar item
2026-03-20 14:16:21,793 [router_scraper] INFO: Clicked Device List tab
2026-03-20 14:16:21,906 [router_scraper] INFO: Scraped 5 devices from router
2026-03-20 14:16:29,705 [router_scraper] INFO: Clicked DHCP Information sidebar item
2026-03-20 14:16:31,759 [router_scraper] INFO: Clicked Device List tab
2026-03-20 14:16:31,854 [router_scraper] INFO: Scraped 5 devices from router
2026-03-20 14:16:33,927 [router_scraper] INFO: Clicked DHCP Information sidebar item
2026-03-20 14:16:35,977 [router_scraper] INFO: Clicked Device List tab
2026-03-20 14:16:36,091 [router_scraper] INFO: Scraped 5 devices from router
2026-03-20 14:16:43,925 [router_scraper] INFO: Clicked DHCP Information sidebar item
2026-03-20 14:16:45,975 [router_scraper] INFO: Clicked Device List tab
2026-03-20 14:16:46,069 [router_scraper] INFO: Scraped 5 devices from router
2026-03-20 14:16:48,143 [router_scraper] INFO: Clicked DHCP Information sidebar item
2026-03-20 14:16:50,191 [router_scraper] INFO: Clicked Device List tab
2026-03-20 14:16:50,308 [router_scraper] INFO: Scraped 5 devices from router
2026-03-20 14:16:58,118 [router_scraper] INFO: Clicked DHCP Information sidebar item
2026-03-20 14:17:00,154 [router_scraper] INFO: Clicked Device List tab
2026-03-20 14:17:00,258 [router_scraper] INFO: Scraped 5 devices from router
2026-03-20 14:17:02,328 [router_scraper] INFO: Clicked DHCP Information sidebar item
2026-03-20 14:17:04,375 [router_scraper] INFO: Clicked Device List tab
2026-03-20 14:17:04,487 [router_scraper] INFO: Scraped 5 devices from router
2026-03-20 14:17:12,323 [router_scraper] INFO: Clicked DHCP Information sidebar item
2026-03-20 14:17:14,375 [router_scraper] INFO: Clicked Device List tab
2026-03-20 14:17:14,469 [router_scraper] INFO: Scraped 5 devices from router
2026-03-20 14:17:16,543 [router_scraper] INFO: Clicked DHCP Information sidebar item
2026-03-20 14:17:18,591 [router_scraper] INFO: Clicked Device List tab
2026-03-20 14:17:18,703 [router_scraper] INFO: Scraped 5 devices from router
2026-03-20 14:17:26,517 [router_scraper] INFO: Clicked DHCP Information sidebar item
2026-03-20 14:17:28,555 [router_scraper] INFO: Clicked Device List tab
2026-03-20 14:17:28,648 [router_scraper] INFO: Scraped 5 devices from router
2026-03-20 14:17:30,740 [router_scraper] INFO: Clicked DHCP Information sidebar item
2026-03-20 14:17:32,791 [router_scraper] INFO: Clicked Device List tab
2026-03-20 14:17:32,902 [router_scraper] INFO: Scraped 5 devices from router
2026-03-20 14:17:40,705 [router_scraper] INFO: Clicked DHCP Information sidebar item
2026-03-20 14:17:42,752 [router_scraper] INFO: Clicked Device List tab
2026-03-20 14:17:42,848 [router_scraper] INFO: Scraped 5 devices from router
2026-03-20 14:17:44,925 [router_scraper] INFO: Clicked DHCP Information sidebar item
2026-03-20 14:17:46,976 [router_scraper] INFO: Clicked Device List tab
2026-03-20 14:17:47,088 [router_scraper] INFO: Scraped 5 devices from router
2026-03-20 14:17:54,948 [router_scraper] INFO: Clicked DHCP Information sidebar item
2026-03-20 14:17:56,995 [router_scraper] INFO: Clicked Device List tab
2026-03-20 14:17:57,088 [router_scraper] INFO: Scraped 5 devices from router
2026-03-20 14:17:59,156 [router_scraper] INFO: Clicked DHCP Information sidebar item
2026-03-20 14:18:01,249 [router_scraper] INFO: Clicked Device List tab
2026-03-20 14:18:01,399 [router_scraper] INFO: Scraped 5 devices from router
2026-03-20 14:18:09,155 [router_scraper] INFO: Clicked DHCP Information sidebar item
2026-03-20 14:18:11,208 [router_scraper] INFO: Clicked Device List tab
2026-03-20 14:18:11,304 [router_scraper] INFO: Scraped 5 devices from router
2026-03-20 14:18:13,370 [router_scraper] INFO: Clicked DHCP Information sidebar item
2026-03-20 14:18:15,423 [router_scraper] INFO: Clicked Device List tab
2026-03-20 14:18:15,542 [router_scraper] INFO: Scraped 5 devices from router
2026-03-20 14:18:23,370 [router_scraper] INFO: Clicked DHCP Information sidebar item
2026-03-20 14:18:25,423 [router_scraper] INFO: Clicked Device List tab
2026-03-20 14:18:25,523 [router_scraper] INFO: Scraped 5 devices from router
2026-03-20 14:18:27,587 [router_scraper] INFO: Clicked DHCP Information sidebar item
2026-03-20 14:18:29,652 [router_scraper] INFO: Clicked Device List tab
2026-03-20 14:18:29,873 [router_scraper] INFO: Scraped 5 devices from router
2026-03-20 14:18:37,611 [router_scraper] INFO: Clicked DHCP Information sidebar item
2026-03-20 14:18:39,663 [router_scraper] INFO: Clicked Device List tab
2026-03-20 14:18:40,075 [router_scraper] INFO: Scraped 5 devices from router
2026-03-20 14:18:52,156 [router_scraper] INFO: Clicked DHCP Information sidebar item
2026-03-20 14:18:54,233 [router_scraper] INFO: Clicked Device List tab
2026-03-20 14:18:54,344 [router_scraper] INFO: Scraped 5 devices from router
2026-03-20 14:19:02,209 [router_scraper] INFO: Clicked DHCP Information sidebar item
2026-03-20 14:19:04,253 [router_scraper] INFO: Clicked Device List tab
2026-03-20 14:19:04,383 [router_scraper] INFO: Scraped 5 devices from router
2026-03-20 14:19:06,456 [router_scraper] INFO: Clicked DHCP Information sidebar item
2026-03-20 14:19:08,504 [router_scraper] INFO: Clicked Device List tab
2026-03-20 14:19:08,628 [router_scraper] INFO: Scraped 5 devices from router
2026-03-20 14:19:10,701 [router_scraper] INFO: Clicked DHCP Information sidebar item
2026-03-20 14:19:12,743 [router_scraper] INFO: Clicked Device List tab
2026-03-20 14:19:12,883 [router_scraper] INFO: Scraped 5 devices from router
2026-03-20 14:19:14,959 [router_scraper] INFO: Clicked DHCP Information sidebar item
2026-03-20 14:19:17,006 [router_scraper] INFO: Clicked Device List tab
2026-03-20 14:19:17,140 [router_scraper] INFO: Scraped 5 devices from router
2026-03-20 14:19:20,681 [router_scraper] INFO: Clicked DHCP Information sidebar item
2026-03-20 14:19:22,713 [router_scraper] INFO: Clicked Device List tab
2026-03-20 14:19:22,809 [router_scraper] INFO: Scraped 5 devices from router
2026-03-20 14:19:24,886 [router_scraper] INFO: Clicked DHCP Information sidebar item
2026-03-20 14:19:27,010 [router_scraper] INFO: Clicked Device List tab
2026-03-20 14:19:27,217 [router_scraper] INFO: Scraped 5 devices from router
2026-03-20 14:19:34,865 [router_scraper] INFO: Clicked DHCP Information sidebar item
2026-03-20 14:19:36,913 [router_scraper] INFO: Clicked Device List tab
2026-03-20 14:19:37,020 [router_scraper] INFO: Scraped 5 devices from router
2026-03-20 14:19:39,103 [router_scraper] INFO: Clicked DHCP Information sidebar item
2026-03-20 14:19:41,152 [router_scraper] INFO: Clicked Device List tab
2026-03-20 14:19:41,297 [router_scraper] INFO: Scraped 5 devices from router
2026-03-20 14:19:49,086 [router_scraper] INFO: Clicked DHCP Information sidebar item
2026-03-20 14:19:51,136 [router_scraper] INFO: Clicked Device List tab
2026-03-20 14:19:51,230 [router_scraper] INFO: Scraped 5 devices from router
2026-03-20 14:19:53,316 [router_scraper] INFO: Clicked DHCP Information sidebar item
2026-03-20 14:19:55,345 [router_scraper] INFO: Clicked Device List tab
2026-03-20 14:19:55,456 [router_scraper] INFO: Scraped 5 devices from router
2026-03-20 14:20:03,280 [router_scraper] INFO: Clicked DHCP Information sidebar item
2026-03-20 14:20:05,311 [router_scraper] INFO: Clicked Device List tab
2026-03-20 14:20:05,451 [router_scraper] INFO: Scraped 5 devices from router
2026-03-20 14:20:07,544 [router_scraper] INFO: Clicked DHCP Information sidebar item
2026-03-20 14:20:09,580 [router_scraper] INFO: Clicked Device List tab
2026-03-20 14:20:09,700 [router_scraper] INFO: Scraped 5 devices from router
2026-03-20 14:20:17,518 [router_scraper] INFO: Clicked DHCP Information sidebar item
2026-03-20 14:20:19,568 [router_scraper] INFO: Clicked Device List tab
2026-03-20 14:20:19,667 [router_scraper] INFO: Scraped 5 devices from router
2026-03-20 14:20:21,736 [router_scraper] INFO: Clicked DHCP Information sidebar item
2026-03-20 14:20:23,805 [router_scraper] INFO: Clicked Device List tab
2026-03-20 14:20:23,944 [router_scraper] INFO: Scraped 5 devices from router
2026-03-20 14:20:31,733 [router_scraper] INFO: Clicked DHCP Information sidebar item
2026-03-20 14:20:33,819 [router_scraper] INFO: Clicked Device List tab
2026-03-20 14:20:33,978 [router_scraper] INFO: Scraped 5 devices from router
2026-03-20 14:20:36,050 [router_scraper] INFO: Clicked DHCP Information sidebar item
2026-03-20 14:20:38,086 [router_scraper] INFO: Clicked Device List tab
2026-03-20 14:20:38,210 [router_scraper] INFO: Scraped 5 devices from router
2026-03-20 14:20:46,033 [router_scraper] INFO: Clicked DHCP Information sidebar item
2026-03-20 14:20:48,089 [router_scraper] INFO: Clicked Device List tab
2026-03-20 14:20:48,302 [router_scraper] INFO: Scraped 5 devices from router
2026-03-20 14:20:50,490 [router_scraper] INFO: Clicked DHCP Information sidebar item
2026-03-20 14:20:52,534 [router_scraper] INFO: Clicked Device List tab
2026-03-20 14:20:52,750 [router_scraper] INFO: Scraped 5 devices from router
2026-03-20 14:21:00,415 [router_scraper] INFO: Clicked DHCP Information sidebar item
2026-03-20 14:21:02,472 [router_scraper] INFO: Clicked Device List tab
2026-03-20 14:21:02,682 [router_scraper] INFO: Scraped 5 devices from router
2026-03-20 14:21:04,769 [router_scraper] INFO: Clicked DHCP Information sidebar item
2026-03-20 14:21:06,828 [router_scraper] INFO: Clicked Device List tab
2026-03-20 14:21:07,082 [router_scraper] INFO: Scraped 5 devices from router
2026-03-20 14:21:14,751 [router_scraper] INFO: Clicked DHCP Information sidebar item
2026-03-20 14:21:16,797 [router_scraper] INFO: Clicked Device List tab
2026-03-20 14:21:16,902 [router_scraper] INFO: Scraped 5 devices from router
2026-03-20 14:21:18,991 [router_scraper] INFO: Clicked DHCP Information sidebar item
2026-03-20 14:21:21,040 [router_scraper] INFO: Clicked Device List tab
2026-03-20 14:21:21,343 [router_scraper] INFO: Scraped 5 devices from router
2026-03-20 14:21:29,004 [router_scraper] INFO: Clicked DHCP Information sidebar item
2026-03-20 14:21:31,047 [router_scraper] INFO: Clicked Device List tab
2026-03-20 14:21:31,142 [router_scraper] INFO: Scraped 5 devices from router
2026-03-20 14:21:33,216 [router_scraper] INFO: Clicked DHCP Information sidebar item
2026-03-20 14:21:35,266 [router_scraper] INFO: Clicked Device List tab
2026-03-20 14:21:35,385 [router_scraper] INFO: Scraped 5 devices from router
2026-03-20 14:21:43,198 [router_scraper] INFO: Clicked DHCP Information sidebar item
2026-03-20 14:21:45,253 [router_scraper] INFO: Clicked Device List tab
2026-03-20 14:21:45,377 [router_scraper] INFO: Scraped 5 devices from router
2026-03-20 14:21:47,454 [router_scraper] INFO: Clicked DHCP Information sidebar item
2026-03-20 14:21:49,537 [router_scraper] INFO: Clicked Device List tab
2026-03-20 14:21:49,725 [router_scraper] INFO: Scraped 5 devices from router
2026-03-20 14:21:57,426 [router_scraper] INFO: Clicked DHCP Information sidebar item
2026-03-20 14:21:59,462 [router_scraper] INFO: Clicked Device List tab
2026-03-20 14:21:59,569 [router_scraper] INFO: Scraped 5 devices from router
2026-03-20 14:22:03,407 [router_scraper] INFO: Clicked DHCP Information sidebar item
2026-03-20 14:22:05,453 [router_scraper] INFO: Clicked Device List tab
2026-03-20 14:22:05,562 [router_scraper] INFO: Scraped 5 devices from router
2026-03-20 14:22:11,635 [router_scraper] INFO: Clicked DHCP Information sidebar item
2026-03-20 14:22:13,691 [router_scraper] INFO: Clicked Device List tab
2026-03-20 14:22:13,789 [router_scraper] INFO: Scraped 5 devices from router
2026-03-20 14:22:15,868 [router_scraper] INFO: Clicked DHCP Information sidebar item
2026-03-20 14:22:17,916 [router_scraper] INFO: Clicked Device List tab
2026-03-20 14:22:18,031 [router_scraper] INFO: Scraped 5 devices from router
2026-03-20 14:22:25,850 [router_scraper] INFO: Clicked DHCP Information sidebar item
2026-03-20 14:22:27,898 [router_scraper] INFO: Clicked Device List tab
2026-03-20 14:22:27,995 [router_scraper] INFO: Scraped 5 devices from router
2026-03-20 14:22:30,070 [router_scraper] INFO: Clicked DHCP Information sidebar item
2026-03-20 14:22:32,113 [router_scraper] INFO: Clicked Device List tab
2026-03-20 14:22:32,224 [router_scraper] INFO: Scraped 5 devices from router
2026-03-20 14:22:40,042 [router_scraper] INFO: Clicked DHCP Information sidebar item
2026-03-20 14:22:42,078 [router_scraper] INFO: Clicked Device List tab
2026-03-20 14:22:42,174 [router_scraper] INFO: Scraped 5 devices from router
2026-03-20 14:22:44,249 [router_scraper] INFO: Clicked DHCP Information sidebar item
2026-03-20 14:22:46,315 [router_scraper] INFO: Clicked Device List tab
2026-03-20 14:22:46,428 [router_scraper] INFO: Scraped 5 devices from router
2026-03-20 14:22:54,226 [router_scraper] INFO: Clicked DHCP Information sidebar item
2026-03-20 14:22:56,259 [router_scraper] INFO: Clicked Device List tab
2026-03-20 14:22:56,354 [router_scraper] INFO: Scraped 5 devices from router
2026-03-20 14:22:58,409 [router_scraper] INFO: Clicked DHCP Information sidebar item
2026-03-20 14:23:00,492 [router_scraper] INFO: Clicked Device List tab
2026-03-20 14:23:00,604 [router_scraper] INFO: Scraped 5 devices from router
2026-03-20 14:23:08,414 [router_scraper] INFO: Clicked DHCP Information sidebar item
2026-03-20 14:23:10,460 [router_scraper] INFO: Clicked Device List tab
2026-03-20 14:23:10,542 [router_scraper] INFO: Scraped 4 devices from router
2026-03-20 14:23:12,615 [router_scraper] INFO: Clicked DHCP Information sidebar item
2026-03-20 14:23:14,667 [router_scraper] INFO: Clicked Device List tab
2026-03-20 14:23:14,765 [router_scraper] INFO: Scraped 4 devices from router
2026-03-20 14:23:22,591 [router_scraper] INFO: Clicked DHCP Information sidebar item
2026-03-20 14:23:24,624 [router_scraper] INFO: Clicked Device List tab
2026-03-20 14:23:24,727 [router_scraper] INFO: Scraped 4 devices from router
2026-03-20 14:23:26,797 [router_scraper] INFO: Clicked DHCP Information sidebar item
2026-03-20 14:23:28,849 [router_scraper] INFO: Clicked Device List tab
2026-03-20 14:23:28,970 [router_scraper] INFO: Scraped 4 devices from router
2026-03-20 14:23:36,799 [router_scraper] INFO: Clicked DHCP Information sidebar item
2026-03-20 14:23:38,848 [router_scraper] INFO: Clicked Device List tab
2026-03-20 14:23:38,930 [router_scraper] INFO: Scraped 4 devices from router
2026-03-20 14:23:40,991 [router_scraper] INFO: Clicked DHCP Information sidebar item
2026-03-20 14:23:43,033 [router_scraper] INFO: Clicked Device List tab
2026-03-20 14:23:43,131 [router_scraper] INFO: Scraped 4 devices from router
2026-03-20 14:23:50,997 [router_scraper] INFO: Clicked DHCP Information sidebar item
2026-03-20 14:23:53,048 [router_scraper] INFO: Clicked Device List tab
2026-03-20 14:23:53,130 [router_scraper] INFO: Scraped 4 devices from router
2026-03-20 14:23:55,197 [router_scraper] INFO: Clicked DHCP Information sidebar item
2026-03-20 14:23:57,247 [router_scraper] INFO: Clicked Device List tab
2026-03-20 14:23:57,348 [router_scraper] INFO: Scraped 4 devices from router
2026-03-20 14:24:05,190 [router_scraper] INFO: Clicked DHCP Information sidebar item
2026-03-20 14:24:07,227 [router_scraper] INFO: Clicked Device List tab
2026-03-20 14:24:07,315 [router_scraper] INFO: Scraped 4 devices from router
2026-03-20 14:24:09,397 [router_scraper] INFO: Clicked DHCP Information sidebar item
2026-03-20 14:24:11,448 [router_scraper] INFO: Clicked Device List tab
2026-03-20 14:24:11,547 [router_scraper] INFO: Scraped 4 devices from router
2026-03-20 14:24:19,380 [router_scraper] INFO: Clicked DHCP Information sidebar item
2026-03-20 14:24:21,430 [router_scraper] INFO: Clicked Device List tab
2026-03-20 14:24:21,513 [router_scraper] INFO: Scraped 4 devices from router
2026-03-20 14:24:23,579 [router_scraper] INFO: Clicked DHCP Information sidebar item
2026-03-20 14:24:25,636 [router_scraper] INFO: Clicked Device List tab
2026-03-20 14:24:25,731 [router_scraper] INFO: Scraped 4 devices from router
2026-03-20 14:24:33,583 [router_scraper] INFO: Clicked DHCP Information sidebar item
2026-03-20 14:24:35,629 [router_scraper] INFO: Clicked Device List tab
2026-03-20 14:24:35,710 [router_scraper] INFO: Scraped 4 devices from router
2026-03-20 14:24:37,781 [router_scraper] INFO: Clicked DHCP Information sidebar item
2026-03-20 14:24:39,831 [router_scraper] INFO: Clicked Device List tab
2026-03-20 14:24:39,951 [router_scraper] INFO: Scraped 4 devices from router
2026-03-20 14:24:47,756 [router_scraper] INFO: Clicked DHCP Information sidebar item
2026-03-20 14:24:49,790 [router_scraper] INFO: Clicked Device List tab
2026-03-20 14:24:49,873 [router_scraper] INFO: Scraped 4 devices from router
2026-03-20 14:24:51,947 [router_scraper] INFO: Clicked DHCP Information sidebar item
2026-03-20 14:24:53,995 [router_scraper] INFO: Clicked Device List tab
2026-03-20 14:24:54,095 [router_scraper] INFO: Scraped 4 devices from router
2026-03-20 14:25:01,830 [router_scraper] INFO: Clicked DHCP Information sidebar item
2026-03-20 14:25:03,940 [router_scraper] INFO: Clicked Device List tab
2026-03-20 14:25:04,023 [router_scraper] INFO: Scraped 4 devices from router
2026-03-20 14:25:06,086 [router_scraper] INFO: Clicked DHCP Information sidebar item
2026-03-20 14:25:08,118 [router_scraper] INFO: Clicked Device List tab
2026-03-20 14:25:08,213 [router_scraper] INFO: Scraped 4 devices from router
2026-03-20 14:25:16,091 [router_scraper] INFO: Clicked DHCP Information sidebar item
2026-03-20 14:25:18,143 [router_scraper] INFO: Clicked Device List tab
2026-03-20 14:25:18,225 [router_scraper] INFO: Scraped 4 devices from router
2026-03-20 14:25:20,289 [router_scraper] INFO: Clicked DHCP Information sidebar item
2026-03-20 14:25:22,342 [router_scraper] INFO: Clicked Device List tab
2026-03-20 14:25:22,440 [router_scraper] INFO: Scraped 4 devices from router
2026-03-20 14:25:30,290 [router_scraper] INFO: Clicked DHCP Information sidebar item
2026-03-20 14:25:32,355 [router_scraper] INFO: Clicked Device List tab
2026-03-20 14:25:32,442 [router_scraper] INFO: Scraped 4 devices from router
2026-03-20 14:25:34,504 [router_scraper] INFO: Clicked DHCP Information sidebar item
2026-03-20 14:25:36,558 [router_scraper] INFO: Clicked Device List tab
2026-03-20 14:25:36,654 [router_scraper] INFO: Scraped 4 devices from router
2026-03-20 14:25:44,509 [router_scraper] INFO: Clicked DHCP Information sidebar item
2026-03-20 14:25:46,618 [router_scraper] INFO: Clicked Device List tab
2026-03-20 14:25:46,708 [router_scraper] INFO: Scraped 4 devices from router
2026-03-20 14:25:48,767 [router_scraper] INFO: Clicked DHCP Information sidebar item
2026-03-20 14:25:50,807 [router_scraper] INFO: Clicked Device List tab
2026-03-20 14:25:50,905 [router_scraper] INFO: Scraped 4 devices from router
2026-03-20 14:25:58,856 [router_scraper] INFO: Clicked DHCP Information sidebar item
2026-03-20 14:26:00,905 [router_scraper] INFO: Clicked Device List tab
2026-03-20 14:26:00,983 [router_scraper] INFO: Scraped 4 devices from router
2026-03-20 14:26:03,066 [router_scraper] INFO: Clicked DHCP Information sidebar item
2026-03-20 14:26:05,106 [router_scraper] INFO: Clicked Device List tab
2026-03-20 14:26:05,204 [router_scraper] INFO: Scraped 4 devices from router
2026-03-20 14:26:13,054 [router_scraper] INFO: Clicked DHCP Information sidebar item
2026-03-20 14:26:15,105 [router_scraper] INFO: Clicked Device List tab
2026-03-20 14:26:15,184 [router_scraper] INFO: Scraped 4 devices from router
2026-03-20 14:26:17,256 [router_scraper] INFO: Clicked DHCP Information sidebar item
2026-03-20 14:26:19,306 [router_scraper] INFO: Clicked Device List tab
2026-03-20 14:26:19,404 [router_scraper] INFO: Scraped 4 devices from router
2026-03-20 14:26:27,231 [router_scraper] INFO: Clicked DHCP Information sidebar item
2026-03-20 14:26:29,271 [router_scraper] INFO: Clicked Device List tab
2026-03-20 14:26:29,352 [router_scraper] INFO: Scraped 4 devices from router
2026-03-20 14:26:31,417 [router_scraper] INFO: Clicked DHCP Information sidebar item
2026-03-20 14:26:33,451 [router_scraper] INFO: Clicked Device List tab
2026-03-20 14:26:33,551 [router_scraper] INFO: Scraped 4 devices from router
2026-03-20 14:26:41,418 [router_scraper] INFO: Clicked DHCP Information sidebar item
2026-03-20 14:26:43,446 [router_scraper] INFO: Clicked Device List tab
2026-03-20 14:26:43,529 [router_scraper] INFO: Scraped 4 devices from router
2026-03-20 14:26:45,581 [router_scraper] INFO: Clicked DHCP Information sidebar item
2026-03-20 14:26:47,616 [router_scraper] INFO: Clicked Device List tab
2026-03-20 14:26:47,711 [router_scraper] INFO: Scraped 4 devices from router
2026-03-20 14:26:55,578 [router_scraper] INFO: Clicked DHCP Information sidebar item
2026-03-20 14:26:57,611 [router_scraper] INFO: Clicked Device List tab
2026-03-20 14:26:57,712 [router_scraper] INFO: Scraped 4 devices from router
2026-03-20 14:26:59,785 [router_scraper] INFO: Clicked DHCP Information sidebar item
2026-03-20 14:27:01,834 [router_scraper] INFO: Clicked Device List tab
2026-03-20 14:27:01,929 [router_scraper] INFO: Scraped 4 devices from router
2026-03-20 14:27:09,767 [router_scraper] INFO: Clicked DHCP Information sidebar item
2026-03-20 14:27:11,818 [router_scraper] INFO: Clicked Device List tab
2026-03-20 14:27:11,898 [router_scraper] INFO: Scraped 4 devices from router
2026-03-20 14:27:13,971 [router_scraper] INFO: Clicked DHCP Information sidebar item
2026-03-20 14:27:16,022 [router_scraper] INFO: Clicked Device List tab
2026-03-20 14:27:16,118 [router_scraper] INFO: Scraped 4 devices from router
2026-03-20 14:27:23,975 [router_scraper] INFO: Clicked DHCP Information sidebar item
2026-03-20 14:27:26,057 [router_scraper] INFO: Clicked Device List tab
2026-03-20 14:27:26,145 [router_scraper] INFO: Scraped 4 devices from router
2026-03-20 14:27:28,211 [router_scraper] INFO: Clicked DHCP Information sidebar item
2026-03-20 14:27:30,244 [router_scraper] INFO: Clicked Device List tab
2026-03-20 14:27:30,346 [router_scraper] INFO: Scraped 4 devices from router
2026-03-20 14:27:38,217 [router_scraper] INFO: Clicked DHCP Information sidebar item
2026-03-20 14:27:40,270 [router_scraper] INFO: Clicked Device List tab
2026-03-20 14:27:40,369 [router_scraper] INFO: Scraped 4 devices from router
2026-03-20 14:27:42,434 [router_scraper] INFO: Clicked DHCP Information sidebar item
2026-03-20 14:27:44,483 [router_scraper] INFO: Clicked Device List tab
2026-03-20 14:27:44,584 [router_scraper] INFO: Scraped 4 devices from router
2026-03-20 14:27:52,444 [router_scraper] INFO: Clicked DHCP Information sidebar item
2026-03-20 14:27:54,520 [router_scraper] INFO: Clicked Device List tab
2026-03-20 14:27:54,728 [router_scraper] INFO: Scraped 4 devices from router
2026-03-20 14:28:06,803 [router_scraper] INFO: Clicked DHCP Information sidebar item
2026-03-20 14:28:08,849 [router_scraper] INFO: Clicked Device List tab
2026-03-20 14:28:08,958 [router_scraper] INFO: Scraped 4 devices from router
2026-03-20 14:28:11,075 [router_scraper] INFO: Clicked DHCP Information sidebar item
2026-03-20 14:28:13,115 [router_scraper] INFO: Clicked Device List tab
2026-03-20 14:28:13,273 [router_scraper] INFO: Scraped 4 devices from router
2026-03-20 14:28:15,439 [router_scraper] INFO: Clicked DHCP Information sidebar item
2026-03-20 14:28:17,483 [router_scraper] INFO: Clicked Device List tab
2026-03-20 14:28:17,580 [router_scraper] INFO: Scraped 4 devices from router
2026-03-20 14:28:21,011 [router_scraper] INFO: Clicked DHCP Information sidebar item
2026-03-20 14:28:23,042 [router_scraper] INFO: Clicked Device List tab
2026-03-20 14:28:23,124 [router_scraper] INFO: Scraped 4 devices from router
2026-03-20 14:28:25,199 [router_scraper] INFO: Clicked DHCP Information sidebar item
2026-03-20 14:28:27,227 [router_scraper] INFO: Clicked Device List tab
2026-03-20 14:28:27,321 [router_scraper] INFO: Scraped 4 devices from router
2026-03-20 14:28:35,176 [router_scraper] INFO: Clicked DHCP Information sidebar item
2026-03-20 14:28:37,207 [router_scraper] INFO: Clicked Device List tab
2026-03-20 14:28:37,323 [router_scraper] INFO: Scraped 4 devices from router
2026-03-20 14:28:39,395 [router_scraper] INFO: Clicked DHCP Information sidebar item
2026-03-20 14:28:41,443 [router_scraper] INFO: Clicked Device List tab
2026-03-20 14:28:41,544 [router_scraper] INFO: Scraped 4 devices from router
2026-03-20 14:28:49,380 [router_scraper] INFO: Clicked DHCP Information sidebar item
2026-03-20 14:28:51,430 [router_scraper] INFO: Clicked Device List tab
2026-03-20 14:28:51,514 [router_scraper] INFO: Scraped 4 devices from router
2026-03-20 14:28:53,576 [router_scraper] INFO: Clicked DHCP Information sidebar item
2026-03-20 14:28:55,609 [router_scraper] INFO: Clicked Device List tab
2026-03-20 14:28:55,711 [router_scraper] INFO: Scraped 4 devices from router
2026-03-20 14:29:03,557 [router_scraper] INFO: Clicked DHCP Information sidebar item
2026-03-20 14:29:05,591 [router_scraper] INFO: Clicked Device List tab
2026-03-20 14:29:05,674 [router_scraper] INFO: Scraped 4 devices from router
2026-03-20 14:29:07,747 [router_scraper] INFO: Clicked DHCP Information sidebar item
2026-03-20 14:29:09,797 [router_scraper] INFO: Clicked Device List tab
2026-03-20 14:29:09,893 [router_scraper] INFO: Scraped 4 devices from router
2026-03-20 14:29:17,728 [router_scraper] INFO: Clicked DHCP Information sidebar item
2026-03-20 14:29:19,757 [router_scraper] INFO: Clicked Device List tab
2026-03-20 14:29:19,838 [router_scraper] INFO: Scraped 4 devices from router
2026-03-20 14:29:21,891 [router_scraper] INFO: Clicked DHCP Information sidebar item
2026-03-20 14:29:23,925 [router_scraper] INFO: Clicked Device List tab
2026-03-20 14:29:24,026 [router_scraper] INFO: Scraped 4 devices from router
2026-03-20 14:29:31,894 [router_scraper] INFO: Clicked DHCP Information sidebar item
2026-03-20 14:29:33,922 [router_scraper] INFO: Clicked Device List tab
2026-03-20 14:29:34,004 [router_scraper] INFO: Scraped 4 devices from router
2026-03-20 14:29:36,083 [router_scraper] INFO: Clicked DHCP Information sidebar item
2026-03-20 14:29:38,128 [router_scraper] INFO: Clicked Device List tab
2026-03-20 14:29:38,226 [router_scraper] INFO: Scraped 4 devices from router
2026-03-20 14:29:46,055 [router_scraper] INFO: Clicked DHCP Information sidebar item
2026-03-20 14:29:48,096 [router_scraper] INFO: Clicked Device List tab
2026-03-20 14:29:48,178 [router_scraper] INFO: Scraped 4 devices from router
2026-03-20 14:29:50,243 [router_scraper] INFO: Clicked DHCP Information sidebar item
2026-03-20 14:29:52,334 [router_scraper] INFO: Clicked Device List tab
2026-03-20 14:29:52,456 [router_scraper] INFO: Scraped 4 devices from router
2026-03-20 14:30:00,247 [router_scraper] INFO: Clicked DHCP Information sidebar item
2026-03-20 14:30:02,311 [router_scraper] INFO: Clicked Device List tab
2026-03-20 14:30:02,396 [router_scraper] INFO: Scraped 4 devices from router
2026-03-20 14:30:04,461 [router_scraper] INFO: Clicked DHCP Information sidebar item
2026-03-20 14:30:06,518 [router_scraper] INFO: Clicked Device List tab
2026-03-20 14:30:06,613 [router_scraper] INFO: Scraped 4 devices from router
2026-03-20 14:30:14,463 [router_scraper] INFO: Clicked DHCP Information sidebar item
2026-03-20 14:30:16,510 [router_scraper] INFO: Clicked Device List tab
2026-03-20 14:30:16,591 [router_scraper] INFO: Scraped 4 devices from router
2026-03-20 14:30:18,662 [router_scraper] INFO: Clicked DHCP Information sidebar item
2026-03-20 14:30:20,710 [router_scraper] INFO: Clicked Device List tab
2026-03-20 14:30:20,809 [router_scraper] INFO: Scraped 4 devices from router
2026-03-20 14:30:28,659 [router_scraper] INFO: Clicked DHCP Information sidebar item
2026-03-20 14:30:30,710 [router_scraper] INFO: Clicked Device List tab
2026-03-20 14:30:30,791 [router_scraper] INFO: Scraped 4 devices from router
2026-03-20 14:30:32,862 [router_scraper] INFO: Clicked DHCP Information sidebar item
2026-03-20 14:30:34,927 [router_scraper] INFO: Clicked Device List tab
2026-03-20 14:30:35,025 [router_scraper] INFO: Scraped 4 devices from router
2026-03-20 14:30:42,836 [router_scraper] INFO: Clicked DHCP Information sidebar item
2026-03-20 14:30:44,876 [router_scraper] INFO: Clicked Device List tab
2026-03-20 14:30:44,960 [router_scraper] INFO: Scraped 4 devices from router
2026-03-20 14:30:47,027 [router_scraper] INFO: Clicked DHCP Information sidebar item
2026-03-20 14:30:49,079 [router_scraper] INFO: Clicked Device List tab
2026-03-20 14:30:49,175 [router_scraper] INFO: Scraped 4 devices from router
2026-03-20 14:30:57,027 [router_scraper] INFO: Clicked DHCP Information sidebar item
2026-03-20 14:30:59,076 [router_scraper] INFO: Clicked Device List tab
2026-03-20 14:30:59,157 [router_scraper] INFO: Scraped 4 devices from router
2026-03-20 14:31:01,226 [router_scraper] INFO: Clicked DHCP Information sidebar item
2026-03-20 14:31:03,276 [router_scraper] INFO: Clicked Device List tab
2026-03-20 14:31:03,374 [router_scraper] INFO: Scraped 4 devices from router
2026-03-20 14:31:11,225 [router_scraper] INFO: Clicked DHCP Information sidebar item
2026-03-20 14:31:13,272 [router_scraper] INFO: Clicked Device List tab
2026-03-20 14:31:13,377 [router_scraper] INFO: Scraped 4 devices from router
2026-03-20 14:31:15,439 [router_scraper] INFO: Clicked DHCP Information sidebar item
2026-03-20 14:31:17,494 [router_scraper] INFO: Clicked Device List tab
2026-03-20 14:31:17,591 [router_scraper] INFO: Scraped 4 devices from router
2026-03-20 14:31:25,443 [router_scraper] INFO: Clicked DHCP Information sidebar item
2026-03-20 14:31:27,484 [router_scraper] INFO: Clicked Device List tab
2026-03-20 14:31:27,566 [router_scraper] INFO: Scraped 4 devices from router
2026-03-20 14:31:29,645 [router_scraper] INFO: Clicked DHCP Information sidebar item
2026-03-20 14:31:31,693 [router_scraper] INFO: Clicked Device List tab
2026-03-20 14:31:31,790 [router_scraper] INFO: Scraped 4 devices from router
2026-03-20 14:31:39,624 [router_scraper] INFO: Clicked DHCP Information sidebar item
2026-03-20 14:31:41,674 [router_scraper] INFO: Clicked Device List tab
2026-03-20 14:31:41,767 [router_scraper] INFO: Scraped 5 devices from router
2026-03-20 14:31:41,767 [hotzone] INFO: Unknown device DE:48:D8:8B:5A:90 connected — blocking by default
2026-03-20 14:31:41,767 [router_scraper] INFO: Queued block for DE:48:D8:8B:5A:90
2026-03-20 14:31:43,842 [router_scraper] INFO: Clicked DHCP Information sidebar item
2026-03-20 14:31:45,895 [router_scraper] INFO: Clicked Device List tab
2026-03-20 14:31:46,010 [router_scraper] INFO: Scraped 5 devices from router
2026-03-20 14:31:48,066 [router_scraper] INFO: Clicked Firewall sidebar
2026-03-20 14:31:50,096 [router_scraper] INFO: Clicked Filtering Rules
2026-03-20 14:31:52,121 [router_scraper] INFO: Clicked MAC Filtering tab
2026-03-20 14:31:52,172 [router_scraper] INFO: DE:48:D8:8B:5A:90 already absent from router — no delete needed
2026-03-20 14:31:52,229 [router_scraper] INFO: Clicked 'Save And Apply Rules'
2026-03-20 14:31:55,260 [router_scraper] INFO: Clicked dialog 'Confirm'
2026-03-20 14:31:56,763 [router_scraper] INFO: Batched updates successfully applied routing rules.
2026-03-20 14:32:04,939 [router_scraper] INFO: Clicked Device List tab
2026-03-20 14:32:05,034 [router_scraper] INFO: Scraped 5 devices from router
2026-03-20 14:32:07,108 [router_scraper] INFO: Clicked DHCP Information sidebar item
2026-03-20 14:32:09,161 [router_scraper] INFO: Clicked Device List tab
2026-03-20 14:32:09,287 [router_scraper] INFO: Scraped 5 devices from router
2026-03-20 14:32:17,118 [router_scraper] INFO: Clicked DHCP Information sidebar item
2026-03-20 14:32:19,151 [router_scraper] INFO: Clicked Device List tab
2026-03-20 14:32:19,247 [router_scraper] INFO: Scraped 5 devices from router
2026-03-20 14:32:21,299 [router_scraper] INFO: Clicked DHCP Information sidebar item
2026-03-20 14:32:23,341 [router_scraper] INFO: Clicked Device List tab
2026-03-20 14:32:23,452 [router_scraper] INFO: Scraped 5 devices from router
2026-03-20 14:32:31,302 [router_scraper] INFO: Clicked DHCP Information sidebar item
2026-03-20 14:32:33,331 [router_scraper] INFO: Clicked Device List tab
2026-03-20 14:32:33,426 [router_scraper] INFO: Scraped 5 devices from router
2026-03-20 14:32:35,549 [router_scraper] INFO: Clicked DHCP Information sidebar item
2026-03-20 14:32:37,583 [router_scraper] INFO: Clicked Device List tab
2026-03-20 14:32:37,723 [router_scraper] INFO: Scraped 5 devices from router
2026-03-20 14:32:45,491 [router_scraper] INFO: Clicked DHCP Information sidebar item
2026-03-20 14:32:47,540 [router_scraper] INFO: Clicked Device List tab
2026-03-20 14:32:47,635 [router_scraper] INFO: Scraped 5 devices from router
2026-03-20 14:32:49,706 [router_scraper] INFO: Clicked DHCP Information sidebar item
2026-03-20 14:32:51,757 [router_scraper] INFO: Clicked Device List tab
2026-03-20 14:32:51,868 [router_scraper] INFO: Scraped 5 devices from router
2026-03-20 14:32:59,705 [router_scraper] INFO: Clicked DHCP Information sidebar item
2026-03-20 14:33:01,755 [router_scraper] INFO: Clicked Device List tab
2026-03-20 14:33:01,850 [router_scraper] INFO: Scraped 5 devices from router
2026-03-20 14:33:03,926 [router_scraper] INFO: Clicked DHCP Information sidebar item
2026-03-20 14:33:05,973 [router_scraper] INFO: Clicked Device List tab
2026-03-20 14:33:06,085 [router_scraper] INFO: Scraped 5 devices from router
2026-03-20 14:33:13,920 [router_scraper] INFO: Clicked DHCP Information sidebar item
2026-03-20 14:33:15,971 [router_scraper] INFO: Clicked Device List tab
2026-03-20 14:33:16,061 [router_scraper] INFO: Scraped 5 devices from router
2026-03-20 14:33:18,118 [router_scraper] INFO: Clicked DHCP Information sidebar item
2026-03-20 14:33:20,168 [router_scraper] INFO: Clicked Device List tab
2026-03-20 14:33:20,285 [router_scraper] INFO: Scraped 5 devices from router
2026-03-20 14:33:28,117 [router_scraper] INFO: Clicked DHCP Information sidebar item
2026-03-20 14:33:30,146 [router_scraper] INFO: Clicked Device List tab
2026-03-20 14:33:30,246 [router_scraper] INFO: Scraped 5 devices from router
2026-03-20 14:33:32,321 [router_scraper] INFO: Clicked DHCP Information sidebar item
2026-03-20 14:33:34,367 [router_scraper] INFO: Clicked Device List tab
2026-03-20 14:33:34,478 [router_scraper] INFO: Scraped 5 devices from router
2026-03-20 14:33:42,318 [router_scraper] INFO: Clicked DHCP Information sidebar item
2026-03-20 14:33:44,368 [router_scraper] INFO: Clicked Device List tab
2026-03-20 14:33:44,462 [router_scraper] INFO: Scraped 5 devices from router
2026-03-20 14:33:46,549 [router_scraper] INFO: Clicked DHCP Information sidebar item
2026-03-20 14:33:48,579 [router_scraper] INFO: Clicked Device List tab
2026-03-20 14:33:48,690 [router_scraper] INFO: Scraped 5 devices from router
2026-03-20 14:33:56,513 [router_scraper] INFO: Clicked DHCP Information sidebar item
2026-03-20 14:33:58,551 [router_scraper] INFO: Clicked Device List tab
2026-03-20 14:33:58,646 [router_scraper] INFO: Scraped 5 devices from router
2026-03-20 14:34:00,721 [router_scraper] INFO: Clicked DHCP Information sidebar item
2026-03-20 14:34:02,770 [router_scraper] INFO: Clicked Device List tab
2026-03-20 14:34:02,884 [router_scraper] INFO: Scraped 5 devices from router
2026-03-20 14:34:10,697 [router_scraper] INFO: Clicked DHCP Information sidebar item
2026-03-20 14:34:12,731 [router_scraper] INFO: Clicked Device List tab
2026-03-20 14:34:12,825 [router_scraper] INFO: Scraped 5 devices from router
2026-03-20 14:34:14,879 [router_scraper] INFO: Clicked DHCP Information sidebar item
2026-03-20 14:34:16,912 [router_scraper] INFO: Clicked Device List tab
2026-03-20 14:34:17,022 [router_scraper] INFO: Scraped 5 devices from router
2026-03-20 14:34:24,884 [router_scraper] INFO: Clicked DHCP Information sidebar item
2026-03-20 14:34:26,934 [router_scraper] INFO: Clicked Device List tab
2026-03-20 14:34:27,027 [router_scraper] INFO: Scraped 5 devices from router
2026-03-20 14:34:29,103 [router_scraper] INFO: Clicked DHCP Information sidebar item
2026-03-20 14:34:31,153 [router_scraper] INFO: Clicked Device List tab
2026-03-20 14:34:31,264 [router_scraper] INFO: Scraped 5 devices from router
2026-03-20 14:34:39,101 [router_scraper] INFO: Clicked DHCP Information sidebar item
2026-03-20 14:34:41,150 [router_scraper] INFO: Clicked Device List tab
2026-03-20 14:34:41,243 [router_scraper] INFO: Scraped 5 devices from router
2026-03-20 14:34:43,318 [router_scraper] INFO: Clicked DHCP Information sidebar item
2026-03-20 14:34:45,368 [router_scraper] INFO: Clicked Device List tab
2026-03-20 14:34:45,479 [router_scraper] INFO: Scraped 5 devices from router
2026-03-20 14:34:53,296 [router_scraper] INFO: Clicked DHCP Information sidebar item
2026-03-20 14:34:55,331 [router_scraper] INFO: Clicked Device List tab
2026-03-20 14:34:55,424 [router_scraper] INFO: Scraped 5 devices from router
2026-03-20 14:34:57,519 [router_scraper] INFO: Clicked DHCP Information sidebar item
2026-03-20 14:34:59,561 [router_scraper] INFO: Clicked Device List tab
2026-03-20 14:34:59,672 [router_scraper] INFO: Scraped 5 devices from router
2026-03-20 14:35:07,482 [router_scraper] INFO: Clicked DHCP Information sidebar item
2026-03-20 14:35:09,508 [router_scraper] INFO: Clicked Device List tab
2026-03-20 14:35:09,603 [router_scraper] INFO: Scraped 5 devices from router
2026-03-20 14:35:11,670 [router_scraper] INFO: Clicked DHCP Information sidebar item
2026-03-20 14:35:13,718 [router_scraper] INFO: Clicked Device List tab
2026-03-20 14:35:13,829 [router_scraper] INFO: Scraped 5 devices from router
2026-03-20 14:35:15,877 [router_scraper] INFO: Clicked DHCP Information sidebar item
2026-03-20 14:35:17,912 [router_scraper] INFO: Clicked Device List tab
2026-03-20 14:35:18,027 [router_scraper] INFO: Scraped 5 devices from router
2026-03-20 14:35:18,027 [router_scraper] INFO: Queued unblock for DE:48:D8:8B:5A:90
2026-03-20 14:35:18,028 [hotzone] INFO: Voucher code 92AB731F redeemed successfully by MAC DE:48:D8:8B:5A:90
2026-03-20 14:35:21,670 [router_scraper] INFO: Clicked DHCP Information sidebar item
2026-03-20 14:35:23,716 [router_scraper] INFO: Clicked Device List tab
2026-03-20 14:35:23,814 [router_scraper] INFO: Scraped 5 devices from router
2026-03-20 14:35:25,889 [router_scraper] INFO: Clicked Firewall sidebar
2026-03-20 14:35:27,918 [router_scraper] INFO: Clicked Filtering Rules
2026-03-20 14:35:29,942 [router_scraper] INFO: Clicked MAC Filtering tab
2026-03-20 14:35:31,584 [router_scraper] INFO: Filled MAC input (#ipAddress) with DE:48:D8:8B:5A:90
2026-03-20 14:35:33,153 [router_scraper] INFO: Confirmed new rule row for DE:48:D8:8B:5A:90
2026-03-20 14:35:33,718 [router_scraper] INFO: Clicked 'Save And Apply Rules'
2026-03-20 14:35:36,772 [router_scraper] INFO: Clicked dialog 'Confirm'
2026-03-20 14:35:38,275 [router_scraper] INFO: Batched updates successfully applied routing rules.
2026-03-20 14:35:46,443 [router_scraper] INFO: Clicked Device List tab
2026-03-20 14:35:46,618 [router_scraper] INFO: Scraped 5 devices from router
2026-03-20 14:35:48,696 [router_scraper] INFO: Clicked DHCP Information sidebar item
2026-03-20 14:35:50,746 [router_scraper] INFO: Clicked Device List tab
2026-03-20 14:35:50,847 [router_scraper] INFO: Scraped 5 devices from router
2026-03-20 14:35:52,917 [router_scraper] INFO: Clicked DHCP Information sidebar item
2026-03-20 14:35:54,965 [router_scraper] INFO: Clicked Device List tab
2026-03-20 14:35:55,078 [router_scraper] INFO: Scraped 5 devices from router
2026-03-20 14:36:02,911 [router_scraper] INFO: Clicked DHCP Information sidebar item
2026-03-20 14:36:04,965 [router_scraper] INFO: Clicked Device List tab
2026-03-20 14:36:05,062 [router_scraper] INFO: Scraped 5 devices from router
2026-03-20 14:36:07,129 [router_scraper] INFO: Clicked DHCP Information sidebar item
2026-03-20 14:36:09,182 [router_scraper] INFO: Clicked Device List tab
2026-03-20 14:36:09,292 [router_scraper] INFO: Scraped 5 devices from router
2026-03-20 14:36:17,131 [router_scraper] INFO: Clicked DHCP Information sidebar item
2026-03-20 14:36:19,179 [router_scraper] INFO: Clicked Device List tab
2026-03-20 14:36:19,273 [router_scraper] INFO: Scraped 5 devices from router
2026-03-20 14:36:19,920 [asyncio] ERROR: ConnectionClosedError exception in shielded future
future: <Future finished exception=ConnectionClosedError(None, Close(code=<CloseCode.INTERNAL_ERROR: 1011>, reason='keepalive ping timeout'), None)>
Traceback (most recent call last):
  File "/Library/Frameworks/Python.framework/Versions/3.14/lib/python3.14/site-packages/websockets/legacy/protocol.py", line 1276, in close_connection
    await self.transfer_data_task
  File "/Library/Frameworks/Python.framework/Versions/3.14/lib/python3.14/site-packages/websockets/legacy/protocol.py", line 940, in transfer_data
    message = await self.read_message()
              ^^^^^^^^^^^^^^^^^^^^^^^^^
  File "/Library/Frameworks/Python.framework/Versions/3.14/lib/python3.14/site-packages/websockets/legacy/protocol.py", line 1010, in read_message
    frame = await self.read_data_frame(max_size=self.max_size)
            ^^^^^^^^^^^^^^^^^^^^^^^^^^^^^^^^^^^^^^^^^^^^^^^^^^
  File "/Library/Frameworks/Python.framework/Versions/3.14/lib/python3.14/site-packages/websockets/legacy/protocol.py", line 1087, in read_data_frame
    frame = await self.read_frame(max_size)
            ^^^^^^^^^^^^^^^^^^^^^^^^^^^^^^^
  File "/Library/Frameworks/Python.framework/Versions/3.14/lib/python3.14/site-packages/websockets/legacy/protocol.py", line 1144, in read_frame
    frame = await Frame.read(
            ^^^^^^^^^^^^^^^^^
    ...<4 lines>...
    )
    ^
  File "/Library/Frameworks/Python.framework/Versions/3.14/lib/python3.14/site-packages/websockets/legacy/framing.py", line 70, in read
    data = await reader(2)
           ^^^^^^^^^^^^^^^
  File "/Library/Frameworks/Python.framework/Versions/3.14/lib/python3.14/asyncio/streams.py", line 769, in readexactly
    await self._wait_for_data('readexactly')
  File "/Library/Frameworks/Python.framework/Versions/3.14/lib/python3.14/asyncio/streams.py", line 539, in _wait_for_data
    await self._waiter
asyncio.exceptions.CancelledError

The above exception was the direct cause of the following exception:

websockets.exceptions.ConnectionClosedError: sent 1011 (internal error) keepalive ping timeout; no close frame received
2026-03-20 14:36:19,932 [hotzone] ERROR: Device monitor error: list.remove(x): x not in list
Traceback (most recent call last):
  File "/Users/abdul/Desktop/Wifi_system/server.py", line 1040, in device_monitor
    await ws_manager.broadcast({
    ...<3 lines>...
    })
  File "/Users/abdul/Desktop/Wifi_system/server.py", line 222, in broadcast
    self.connections.remove(ws)
    ~~~~~~~~~~~~~~~~~~~~~~~^^^^
ValueError: list.remove(x): x not in list
2026-03-20 14:36:21,346 [router_scraper] INFO: Clicked DHCP Information sidebar item
2026-03-20 14:36:23,375 [router_scraper] INFO: Clicked Device List tab
2026-03-20 14:36:23,486 [router_scraper] INFO: Scraped 5 devices from router
2026-03-20 14:36:31,996 [router_scraper] INFO: Clicked DHCP Information sidebar item
2026-03-20 14:36:34,046 [router_scraper] INFO: Clicked Device List tab
2026-03-20 14:36:34,138 [router_scraper] INFO: Scraped 5 devices from router
2026-03-20 14:36:36,213 [router_scraper] INFO: Clicked DHCP Information sidebar item
2026-03-20 14:36:38,263 [router_scraper] INFO: Clicked Device List tab
2026-03-20 14:36:38,399 [router_scraper] INFO: Scraped 5 devices from router
2026-03-20 14:36:46,195 [router_scraper] INFO: Clicked DHCP Information sidebar item
2026-03-20 14:36:48,246 [router_scraper] INFO: Clicked Device List tab
2026-03-20 14:36:48,340 [router_scraper] INFO: Scraped 5 devices from router
2026-03-20 14:36:50,415 [router_scraper] INFO: Clicked DHCP Information sidebar item
2026-03-20 14:36:52,466 [router_scraper] INFO: Clicked Device List tab
2026-03-20 14:36:52,576 [router_scraper] INFO: Scraped 5 devices from router
2026-03-20 14:37:00,390 [router_scraper] INFO: Clicked DHCP Information sidebar item
2026-03-20 14:37:02,426 [router_scraper] INFO: Clicked Device List tab
2026-03-20 14:37:02,520 [router_scraper] INFO: Scraped 5 devices from router
2026-03-20 14:37:04,596 [router_scraper] INFO: Clicked DHCP Information sidebar item
2026-03-20 14:37:06,644 [router_scraper] INFO: Clicked Device List tab
2026-03-20 14:37:06,755 [router_scraper] INFO: Scraped 5 devices from router
2026-03-20 14:37:14,581 [router_scraper] INFO: Clicked DHCP Information sidebar item
2026-03-20 14:37:16,629 [router_scraper] INFO: Clicked Device List tab
2026-03-20 14:37:16,721 [router_scraper] INFO: Scraped 5 devices from router
2026-03-20 14:37:18,846 [router_scraper] INFO: Clicked DHCP Information sidebar item
2026-03-20 14:37:20,895 [router_scraper] INFO: Clicked Device List tab
2026-03-20 14:37:21,007 [router_scraper] INFO: Scraped 5 devices from router
2026-03-20 14:37:28,773 [router_scraper] INFO: Clicked DHCP Information sidebar item
2026-03-20 14:37:30,804 [router_scraper] INFO: Clicked Device List tab
2026-03-20 14:37:30,897 [router_scraper] INFO: Scraped 5 devices from router
2026-03-20 14:37:32,961 [router_scraper] INFO: Clicked DHCP Information sidebar item
2026-03-20 14:37:35,013 [router_scraper] INFO: Clicked Device List tab
2026-03-20 14:37:35,124 [router_scraper] INFO: Scraped 5 devices from router
2026-03-20 14:37:42,961 [router_scraper] INFO: Clicked DHCP Information sidebar item
2026-03-20 14:37:45,011 [router_scraper] INFO: Clicked Device List tab
2026-03-20 14:37:45,107 [router_scraper] INFO: Scraped 5 devices from router
2026-03-20 14:37:47,172 [router_scraper] INFO: Clicked DHCP Information sidebar item
2026-03-20 14:37:49,204 [router_scraper] INFO: Clicked Device List tab
2026-03-20 14:37:49,314 [router_scraper] INFO: Scraped 5 devices from router
2026-03-20 14:37:57,175 [router_scraper] INFO: Clicked DHCP Information sidebar item
2026-03-20 14:37:59,225 [router_scraper] INFO: Clicked Device List tab
2026-03-20 14:37:59,318 [router_scraper] INFO: Scraped 5 devices from router
2026-03-20 14:38:01,395 [router_scraper] INFO: Clicked DHCP Information sidebar item
2026-03-20 14:38:03,445 [router_scraper] INFO: Clicked Device List tab
2026-03-20 14:38:03,555 [router_scraper] INFO: Scraped 5 devices from router
2026-03-20 14:38:11,375 [router_scraper] INFO: Clicked DHCP Information sidebar item
2026-03-20 14:38:13,425 [router_scraper] INFO: Clicked Device List tab
2026-03-20 14:38:13,519 [router_scraper] INFO: Scraped 5 devices from router
2026-03-20 14:38:15,591 [router_scraper] INFO: Clicked DHCP Information sidebar item
2026-03-20 14:38:17,642 [router_scraper] INFO: Clicked Device List tab
2026-03-20 14:38:17,754 [router_scraper] INFO: Scraped 5 devices from router
2026-03-20 14:38:25,567 [router_scraper] INFO: Clicked DHCP Information sidebar item
2026-03-20 14:38:27,608 [router_scraper] INFO: Clicked Device List tab
2026-03-20 14:38:27,703 [router_scraper] INFO: Scraped 5 devices from router
2026-03-20 14:38:29,775 [router_scraper] INFO: Clicked DHCP Information sidebar item
2026-03-20 14:38:31,822 [router_scraper] INFO: Clicked Device List tab
2026-03-20 14:38:31,932 [router_scraper] INFO: Scraped 5 devices from router
2026-03-20 14:38:39,775 [router_scraper] INFO: Clicked DHCP Information sidebar item
2026-03-20 14:38:41,825 [router_scraper] INFO: Clicked Device List tab
2026-03-20 14:38:41,923 [router_scraper] INFO: Scraped 5 devices from router
2026-03-20 14:38:43,992 [router_scraper] INFO: Clicked DHCP Information sidebar item
2026-03-20 14:38:46,039 [router_scraper] INFO: Clicked Device List tab
2026-03-20 14:38:46,150 [router_scraper] INFO: Scraped 5 devices from router
2026-03-20 14:38:53,990 [router_scraper] INFO: Clicked DHCP Information sidebar item
2026-03-20 14:38:56,040 [router_scraper] INFO: Clicked Device List tab
2026-03-20 14:38:56,137 [router_scraper] INFO: Scraped 5 devices from router
2026-03-20 14:38:58,208 [router_scraper] INFO: Clicked DHCP Information sidebar item
2026-03-20 14:39:00,256 [router_scraper] INFO: Clicked Device List tab
2026-03-20 14:39:00,371 [router_scraper] INFO: Scraped 5 devices from router
2026-03-20 14:39:08,205 [router_scraper] INFO: Clicked DHCP Information sidebar item
2026-03-20 14:39:10,257 [router_scraper] INFO: Clicked Device List tab
2026-03-20 14:39:10,376 [router_scraper] INFO: Scraped 5 devices from router
2026-03-20 14:39:12,448 [router_scraper] INFO: Clicked DHCP Information sidebar item
2026-03-20 14:39:14,485 [router_scraper] INFO: Clicked Device List tab
2026-03-20 14:39:14,601 [router_scraper] INFO: Scraped 5 devices from router
2026-03-20 14:39:22,437 [router_scraper] INFO: Clicked DHCP Information sidebar item
2026-03-20 14:39:24,467 [router_scraper] INFO: Clicked Device List tab
2026-03-20 14:39:24,616 [router_scraper] INFO: Scraped 5 devices from router
2026-03-20 14:39:26,693 [router_scraper] INFO: Clicked DHCP Information sidebar item
2026-03-20 14:39:28,742 [router_scraper] INFO: Clicked Device List tab
2026-03-20 14:39:28,884 [router_scraper] INFO: Scraped 5 devices from router
2026-03-20 14:39:36,665 [router_scraper] INFO: Clicked DHCP Information sidebar item
2026-03-20 14:39:38,703 [router_scraper] INFO: Clicked Device List tab
2026-03-20 14:39:38,797 [router_scraper] INFO: Scraped 5 devices from router
2026-03-20 14:39:40,872 [router_scraper] INFO: Clicked DHCP Information sidebar item
2026-03-20 14:39:42,922 [router_scraper] INFO: Clicked Device List tab
2026-03-20 14:39:43,032 [router_scraper] INFO: Scraped 5 devices from router
2026-03-20 14:39:50,854 [router_scraper] INFO: Clicked DHCP Information sidebar item
2026-03-20 14:39:52,904 [router_scraper] INFO: Clicked Device List tab
2026-03-20 14:39:52,999 [router_scraper] INFO: Scraped 5 devices from router
2026-03-20 14:39:55,072 [router_scraper] INFO: Clicked DHCP Information sidebar item
2026-03-20 14:39:57,252 [router_scraper] INFO: Clicked Device List tab
2026-03-20 14:39:57,515 [router_scraper] INFO: Scraped 5 devices from router
2026-03-20 14:40:05,150 [router_scraper] INFO: Clicked DHCP Information sidebar item
2026-03-20 14:40:07,186 [router_scraper] INFO: Clicked Device List tab
2026-03-20 14:40:07,281 [router_scraper] INFO: Scraped 5 devices from router
2026-03-20 14:40:09,358 [router_scraper] INFO: Clicked DHCP Information sidebar item
2026-03-20 14:40:11,408 [router_scraper] INFO: Clicked Device List tab
2026-03-20 14:40:11,518 [router_scraper] INFO: Scraped 5 devices from router
2026-03-20 14:40:19,369 [router_scraper] INFO: Clicked DHCP Information sidebar item
2026-03-20 14:40:21,398 [router_scraper] INFO: Clicked Device List tab
2026-03-20 14:40:21,492 [router_scraper] INFO: Scraped 5 devices from router
2026-03-20 14:40:23,551 [router_scraper] INFO: Clicked DHCP Information sidebar item
2026-03-20 14:40:25,583 [router_scraper] INFO: Clicked Device List tab
2026-03-20 14:40:25,694 [router_scraper] INFO: Scraped 5 devices from router
2026-03-20 14:40:33,553 [router_scraper] INFO: Clicked DHCP Information sidebar item
2026-03-20 14:40:35,608 [router_scraper] INFO: Clicked Device List tab
2026-03-20 14:40:35,701 [router_scraper] INFO: Scraped 5 devices from router
2026-03-20 14:40:37,772 [router_scraper] INFO: Clicked DHCP Information sidebar item
2026-03-20 14:40:39,823 [router_scraper] INFO: Clicked Device List tab
2026-03-20 14:40:39,933 [router_scraper] INFO: Scraped 5 devices from router
2026-03-20 14:40:47,771 [router_scraper] INFO: Clicked DHCP Information sidebar item
2026-03-20 14:40:49,821 [router_scraper] INFO: Clicked Device List tab
2026-03-20 14:40:49,915 [router_scraper] INFO: Scraped 5 devices from router
2026-03-20 14:40:51,990 [router_scraper] INFO: Clicked DHCP Information sidebar item
2026-03-20 14:40:54,040 [router_scraper] INFO: Clicked Device List tab
2026-03-20 14:40:54,150 [router_scraper] INFO: Scraped 5 devices from router
2026-03-20 14:41:01,987 [router_scraper] INFO: Clicked DHCP Information sidebar item
2026-03-20 14:41:04,033 [router_scraper] INFO: Clicked Device List tab
2026-03-20 14:41:04,125 [router_scraper] INFO: Scraped 5 devices from router
2026-03-20 14:41:06,188 [router_scraper] INFO: Clicked DHCP Information sidebar item
2026-03-20 14:41:08,238 [router_scraper] INFO: Clicked Device List tab
2026-03-20 14:41:08,350 [router_scraper] INFO: Scraped 5 devices from router
2026-03-20 14:41:16,187 [router_scraper] INFO: Clicked DHCP Information sidebar item
2026-03-20 14:41:18,237 [router_scraper] INFO: Clicked Device List tab
2026-03-20 14:41:18,329 [router_scraper] INFO: Scraped 5 devices from router
2026-03-20 14:41:20,406 [router_scraper] INFO: Clicked DHCP Information sidebar item
2026-03-20 14:41:22,455 [router_scraper] INFO: Clicked Device List tab
2026-03-20 14:41:22,567 [router_scraper] INFO: Scraped 5 devices from router
2026-03-20 14:41:30,394 [router_scraper] INFO: Clicked DHCP Information sidebar item
2026-03-20 14:41:32,466 [router_scraper] INFO: Clicked Device List tab
2026-03-20 14:41:32,654 [router_scraper] INFO: Scraped 5 devices from router
2026-03-20 14:41:34,787 [router_scraper] INFO: Clicked DHCP Information sidebar item
2026-03-20 14:41:36,839 [router_scraper] INFO: Clicked Device List tab
2026-03-20 14:41:36,976 [router_scraper] INFO: Scraped 6 devices from router
2026-03-20 14:41:44,720 [router_scraper] INFO: Clicked DHCP Information sidebar item
2026-03-20 14:41:46,770 [router_scraper] INFO: Clicked Device List tab
2026-03-20 14:41:46,878 [router_scraper] INFO: Scraped 6 devices from router
2026-03-20 14:41:48,947 [router_scraper] INFO: Clicked DHCP Information sidebar item
2026-03-20 14:41:50,984 [router_scraper] INFO: Clicked Device List tab
2026-03-20 14:41:51,111 [router_scraper] INFO: Scraped 6 devices from router
2026-03-20 14:41:58,935 [router_scraper] INFO: Clicked DHCP Information sidebar item
2026-03-20 14:42:00,985 [router_scraper] INFO: Clicked Device List tab
2026-03-20 14:42:01,092 [router_scraper] INFO: Scraped 6 devices from router
2026-03-20 14:42:03,169 [router_scraper] INFO: Clicked DHCP Information sidebar item
2026-03-20 14:42:05,220 [router_scraper] INFO: Clicked Device List tab
2026-03-20 14:42:05,351 [router_scraper] INFO: Scraped 6 devices from router
2026-03-20 14:42:13,152 [router_scraper] INFO: Clicked DHCP Information sidebar item
2026-03-20 14:42:15,203 [router_scraper] INFO: Clicked Device List tab
2026-03-20 14:42:15,303 [router_scraper] INFO: Scraped 6 devices from router
2026-03-20 14:42:17,385 [router_scraper] INFO: Clicked DHCP Information sidebar item
2026-03-20 14:42:19,437 [router_scraper] INFO: Clicked Device List tab
2026-03-20 14:42:19,565 [router_scraper] INFO: Scraped 6 devices from router
2026-03-20 14:42:27,384 [router_scraper] INFO: Clicked DHCP Information sidebar item
2026-03-20 14:42:29,434 [router_scraper] INFO: Clicked Device List tab
2026-03-20 14:42:29,541 [router_scraper] INFO: Scraped 6 devices from router
2026-03-20 14:42:31,638 [router_scraper] INFO: Clicked DHCP Information sidebar item
2026-03-20 14:42:33,683 [router_scraper] INFO: Clicked Device List tab
2026-03-20 14:42:33,814 [router_scraper] INFO: Scraped 6 devices from router
2026-03-20 14:42:41,595 [router_scraper] INFO: Clicked DHCP Information sidebar item
2026-03-20 14:42:43,635 [router_scraper] INFO: Clicked Device List tab
2026-03-20 14:42:43,745 [router_scraper] INFO: Scraped 6 devices from router
2026-03-20 14:42:45,809 [router_scraper] INFO: Clicked DHCP Information sidebar item
2026-03-20 14:42:47,847 [router_scraper] INFO: Clicked Device List tab
2026-03-20 14:42:47,989 [router_scraper] INFO: Scraped 6 devices from router
2026-03-20 14:42:55,795 [router_scraper] INFO: Clicked DHCP Information sidebar item
2026-03-20 14:42:57,834 [router_scraper] INFO: Clicked Device List tab
2026-03-20 14:42:57,972 [router_scraper] INFO: Scraped 6 devices from router
2026-03-20 14:43:00,049 [router_scraper] INFO: Clicked DHCP Information sidebar item
2026-03-20 14:43:02,076 [router_scraper] INFO: Clicked Device List tab
2026-03-20 14:43:02,208 [router_scraper] INFO: Scraped 6 devices from router
2026-03-20 14:43:10,034 [router_scraper] INFO: Clicked DHCP Information sidebar item
2026-03-20 14:43:12,085 [router_scraper] INFO: Clicked Device List tab
2026-03-20 14:43:12,192 [router_scraper] INFO: Scraped 6 devices from router
2026-03-20 14:43:14,261 [router_scraper] INFO: Clicked DHCP Information sidebar item
2026-03-20 14:43:16,296 [router_scraper] INFO: Clicked Device List tab
2026-03-20 14:43:16,422 [router_scraper] INFO: Scraped 6 devices from router
2026-03-20 14:43:24,249 [router_scraper] INFO: Clicked DHCP Information sidebar item
2026-03-20 14:43:26,275 [router_scraper] INFO: Clicked Device List tab
2026-03-20 14:43:26,383 [router_scraper] INFO: Scraped 6 devices from router
2026-03-20 14:43:28,466 [router_scraper] INFO: Clicked DHCP Information sidebar item
2026-03-20 14:43:30,518 [router_scraper] INFO: Clicked Device List tab
2026-03-20 14:43:30,646 [router_scraper] INFO: Scraped 6 devices from router
2026-03-20 14:43:38,445 [router_scraper] INFO: Clicked DHCP Information sidebar item
2026-03-20 14:43:40,480 [router_scraper] INFO: Clicked Device List tab
2026-03-20 14:43:40,586 [router_scraper] INFO: Scraped 6 devices from router
2026-03-20 14:43:42,664 [router_scraper] INFO: Clicked DHCP Information sidebar item
2026-03-20 14:43:44,717 [router_scraper] INFO: Clicked Device List tab
2026-03-20 14:43:44,844 [router_scraper] INFO: Scraped 6 devices from router
2026-03-20 14:43:52,682 [router_scraper] INFO: Clicked DHCP Information sidebar item
2026-03-20 14:43:54,733 [router_scraper] INFO: Clicked Device List tab
2026-03-20 14:43:54,838 [router_scraper] INFO: Scraped 6 devices from router
2026-03-20 14:43:56,911 [router_scraper] INFO: Clicked DHCP Information sidebar item
2026-03-20 14:43:58,946 [router_scraper] INFO: Clicked Device List tab
2026-03-20 14:43:59,072 [router_scraper] INFO: Scraped 6 devices from router
2026-03-20 14:44:06,898 [router_scraper] INFO: Clicked DHCP Information sidebar item
2026-03-20 14:44:08,949 [router_scraper] INFO: Clicked Device List tab
2026-03-20 14:44:09,055 [router_scraper] INFO: Scraped 6 devices from router
2026-03-20 14:44:11,134 [router_scraper] INFO: Clicked DHCP Information sidebar item
2026-03-20 14:44:13,186 [router_scraper] INFO: Clicked Device List tab
2026-03-20 14:44:13,319 [router_scraper] INFO: Scraped 6 devices from router
2026-03-20 14:44:21,111 [router_scraper] INFO: Clicked DHCP Information sidebar item
2026-03-20 14:44:23,166 [router_scraper] INFO: Clicked Device List tab
2026-03-20 14:44:23,283 [router_scraper] INFO: Scraped 6 devices from router
2026-03-20 14:44:25,367 [router_scraper] INFO: Clicked DHCP Information sidebar item
2026-03-20 14:44:27,421 [router_scraper] INFO: Clicked Device List tab
2026-03-20 14:44:27,557 [router_scraper] INFO: Scraped 6 devices from router
2026-03-20 14:44:35,440 [router_scraper] INFO: Clicked DHCP Information sidebar item
2026-03-20 14:44:37,477 [router_scraper] INFO: Clicked Device List tab
2026-03-20 14:44:37,584 [router_scraper] INFO: Scraped 6 devices from router
2026-03-20 14:44:39,673 [router_scraper] INFO: Clicked DHCP Information sidebar item
2026-03-20 14:44:41,710 [router_scraper] INFO: Clicked Device List tab
2026-03-20 14:44:41,838 [router_scraper] INFO: Scraped 6 devices from router
2026-03-20 14:44:49,657 [router_scraper] INFO: Clicked DHCP Information sidebar item
2026-03-20 14:44:51,697 [router_scraper] INFO: Clicked Device List tab
2026-03-20 14:44:51,809 [router_scraper] INFO: Scraped 6 devices from router
2026-03-20 14:44:53,900 [router_scraper] INFO: Clicked DHCP Information sidebar item
2026-03-20 14:44:55,953 [router_scraper] INFO: Clicked Device List tab
2026-03-20 14:44:56,082 [router_scraper] INFO: Scraped 6 devices from router
2026-03-20 14:45:03,858 [router_scraper] INFO: Clicked DHCP Information sidebar item
2026-03-20 14:45:05,894 [router_scraper] INFO: Clicked Device List tab
2026-03-20 14:45:06,001 [router_scraper] INFO: Scraped 6 devices from router
2026-03-20 14:45:08,081 [router_scraper] INFO: Clicked DHCP Information sidebar item
2026-03-20 14:45:10,131 [router_scraper] INFO: Clicked Device List tab
2026-03-20 14:45:10,257 [router_scraper] INFO: Scraped 6 devices from router
2026-03-20 14:45:18,063 [router_scraper] INFO: Clicked DHCP Information sidebar item
2026-03-20 14:45:20,114 [router_scraper] INFO: Clicked Device List tab
2026-03-20 14:45:20,220 [router_scraper] INFO: Scraped 6 devices from router
2026-03-20 14:45:22,302 [router_scraper] INFO: Clicked DHCP Information sidebar item
2026-03-20 14:45:24,348 [router_scraper] INFO: Clicked Device List tab
2026-03-20 14:45:24,474 [router_scraper] INFO: Scraped 6 devices from router
2026-03-20 14:45:32,283 [router_scraper] INFO: Clicked DHCP Information sidebar item
2026-03-20 14:45:34,332 [router_scraper] INFO: Clicked Device List tab
2026-03-20 14:45:34,436 [router_scraper] INFO: Scraped 6 devices from router
2026-03-20 14:45:36,513 [router_scraper] INFO: Clicked DHCP Information sidebar item
2026-03-20 14:45:38,568 [router_scraper] INFO: Clicked Device List tab
2026-03-20 14:45:38,696 [router_scraper] INFO: Scraped 6 devices from router
2026-03-20 14:45:46,498 [router_scraper] INFO: Clicked DHCP Information sidebar item
2026-03-20 14:45:48,545 [router_scraper] INFO: Clicked Device List tab
2026-03-20 14:45:48,655 [router_scraper] INFO: Scraped 6 devices from router
2026-03-20 14:45:50,725 [router_scraper] INFO: Clicked DHCP Information sidebar item
2026-03-20 14:45:52,763 [router_scraper] INFO: Clicked Device List tab
2026-03-20 14:45:52,893 [router_scraper] INFO: Scraped 6 devices from router
2026-03-20 14:46:00,708 [router_scraper] INFO: Clicked DHCP Information sidebar item
2026-03-20 14:46:02,738 [router_scraper] INFO: Clicked Device List tab
2026-03-20 14:46:02,843 [router_scraper] INFO: Scraped 6 devices from router
2026-03-20 14:46:04,928 [router_scraper] INFO: Clicked DHCP Information sidebar item
2026-03-20 14:46:06,997 [router_scraper] INFO: Clicked Device List tab
2026-03-20 14:46:07,148 [router_scraper] INFO: Scraped 6 devices from router
2026-03-20 14:46:14,889 [router_scraper] INFO: Clicked DHCP Information sidebar item
2026-03-20 14:46:16,928 [router_scraper] INFO: Clicked Device List tab
2026-03-20 14:46:17,035 [router_scraper] INFO: Scraped 6 devices from router
2026-03-20 14:46:19,106 [router_scraper] INFO: Clicked DHCP Information sidebar item
2026-03-20 14:46:21,141 [router_scraper] INFO: Clicked Device List tab
2026-03-20 14:46:21,266 [router_scraper] INFO: Scraped 6 devices from router
2026-03-20 14:46:29,095 [router_scraper] INFO: Clicked DHCP Information sidebar item
2026-03-20 14:46:31,145 [router_scraper] INFO: Clicked Device List tab
2026-03-20 14:46:31,251 [router_scraper] INFO: Scraped 6 devices from router
2026-03-20 14:46:33,324 [router_scraper] INFO: Clicked DHCP Information sidebar item
2026-03-20 14:46:35,358 [router_scraper] INFO: Clicked Device List tab
2026-03-20 14:46:35,482 [router_scraper] INFO: Scraped 6 devices from router
2026-03-20 14:46:43,312 [router_scraper] INFO: Clicked DHCP Information sidebar item
2026-03-20 14:46:45,362 [router_scraper] INFO: Clicked Device List tab
2026-03-20 14:46:45,473 [router_scraper] INFO: Scraped 6 devices from router
2026-03-20 14:46:47,538 [router_scraper] INFO: Clicked DHCP Information sidebar item
2026-03-20 14:46:49,579 [router_scraper] INFO: Clicked Device List tab
2026-03-20 14:46:49,709 [router_scraper] INFO: Scraped 6 devices from router
2026-03-20 14:46:57,527 [router_scraper] INFO: Clicked DHCP Information sidebar item
2026-03-20 14:46:59,579 [router_scraper] INFO: Clicked Device List tab
2026-03-20 14:46:59,686 [router_scraper] INFO: Scraped 6 devices from router
2026-03-20 14:47:01,757 [router_scraper] INFO: Clicked DHCP Information sidebar item
2026-03-20 14:47:03,788 [router_scraper] INFO: Clicked Device List tab
2026-03-20 14:47:03,916 [router_scraper] INFO: Scraped 6 devices from router
2026-03-20 14:47:11,738 [router_scraper] INFO: Clicked DHCP Information sidebar item
2026-03-20 14:47:13,778 [router_scraper] INFO: Clicked Device List tab
2026-03-20 14:47:13,884 [router_scraper] INFO: Scraped 6 devices from router
2026-03-20 14:47:15,955 [router_scraper] INFO: Clicked DHCP Information sidebar item
2026-03-20 14:47:17,988 [router_scraper] INFO: Clicked Device List tab
2026-03-20 14:47:18,114 [router_scraper] INFO: Scraped 6 devices from router
2026-03-20 14:47:25,943 [router_scraper] INFO: Clicked DHCP Information sidebar item
2026-03-20 14:47:27,993 [router_scraper] INFO: Clicked Device List tab
2026-03-20 14:47:28,099 [router_scraper] INFO: Scraped 6 devices from router
2026-03-20 14:47:30,176 [router_scraper] INFO: Clicked DHCP Information sidebar item
2026-03-20 14:47:32,231 [router_scraper] INFO: Clicked Device List tab
2026-03-20 14:47:32,358 [router_scraper] INFO: Scraped 6 devices from router
2026-03-20 14:47:40,160 [router_scraper] INFO: Clicked DHCP Information sidebar item
2026-03-20 14:47:42,209 [router_scraper] INFO: Clicked Device List tab
2026-03-20 14:47:42,316 [router_scraper] INFO: Scraped 6 devices from router
2026-03-20 14:47:44,394 [router_scraper] INFO: Clicked DHCP Information sidebar item
2026-03-20 14:47:46,447 [router_scraper] INFO: Clicked Device List tab
2026-03-20 14:47:46,572 [router_scraper] INFO: Scraped 6 devices from router
2026-03-20 14:47:54,375 [router_scraper] INFO: Clicked DHCP Information sidebar item
2026-03-20 14:47:56,429 [router_scraper] INFO: Clicked Device List tab
2026-03-20 14:47:56,533 [router_scraper] INFO: Scraped 6 devices from router
2026-03-20 14:47:58,610 [router_scraper] INFO: Clicked DHCP Information sidebar item
2026-03-20 14:48:00,661 [router_scraper] INFO: Clicked Device List tab
2026-03-20 14:48:00,789 [router_scraper] INFO: Scraped 6 devices from router
2026-03-20 14:48:08,592 [router_scraper] INFO: Clicked DHCP Information sidebar item
2026-03-20 14:48:10,648 [router_scraper] INFO: Clicked Device List tab
2026-03-20 14:48:10,752 [router_scraper] INFO: Scraped 6 devices from router
2026-03-20 14:48:12,821 [router_scraper] INFO: Clicked DHCP Information sidebar item
2026-03-20 14:48:14,857 [router_scraper] INFO: Clicked Device List tab
2026-03-20 14:48:14,983 [router_scraper] INFO: Scraped 6 devices from router
2026-03-20 14:48:22,807 [router_scraper] INFO: Clicked DHCP Information sidebar item
2026-03-20 14:48:24,837 [router_scraper] INFO: Clicked Device List tab
2026-03-20 14:48:25,047 [router_scraper] INFO: Scraped 6 devices from router
2026-03-20 14:48:27,125 [router_scraper] INFO: Clicked DHCP Information sidebar item
2026-03-20 14:48:29,176 [router_scraper] INFO: Clicked Device List tab
2026-03-20 14:48:29,330 [router_scraper] INFO: Scraped 6 devices from router
2026-03-20 14:48:37,107 [router_scraper] INFO: Clicked DHCP Information sidebar item
2026-03-20 14:48:39,137 [router_scraper] INFO: Clicked Device List tab
2026-03-20 14:48:39,244 [router_scraper] INFO: Scraped 6 devices from router
2026-03-20 14:48:41,320 [router_scraper] INFO: Clicked DHCP Information sidebar item
2026-03-20 14:48:43,353 [router_scraper] INFO: Clicked Device List tab
2026-03-20 14:48:43,500 [router_scraper] INFO: Scraped 6 devices from router
2026-03-20 14:48:46,128 [router_scraper] INFO: Clicked DHCP Information sidebar item
2026-03-20 14:48:48,175 [router_scraper] INFO: Clicked Device List tab
2026-03-20 14:48:48,318 [router_scraper] INFO: Scraped 6 devices from router
2026-03-20 14:48:51,308 [router_scraper] INFO: Clicked DHCP Information sidebar item
2026-03-20 14:48:53,357 [router_scraper] INFO: Clicked Device List tab
2026-03-20 14:48:53,464 [router_scraper] INFO: Scraped 6 devices from router
2026-03-20 14:48:55,540 [router_scraper] INFO: Clicked DHCP Information sidebar item
2026-03-20 14:48:57,594 [router_scraper] INFO: Clicked Device List tab
2026-03-20 14:48:57,770 [router_scraper] INFO: Scraped 6 devices from router
2026-03-20 14:49:05,521 [router_scraper] INFO: Clicked DHCP Information sidebar item
2026-03-20 14:49:07,553 [router_scraper] INFO: Clicked Device List tab
2026-03-20 14:49:07,666 [router_scraper] INFO: Scraped 6 devices from router
2026-03-20 14:49:09,761 [router_scraper] INFO: Clicked DHCP Information sidebar item
2026-03-20 14:49:11,807 [router_scraper] INFO: Clicked Device List tab
2026-03-20 14:49:11,973 [router_scraper] INFO: Scraped 6 devices from router
2026-03-20 14:49:19,722 [router_scraper] INFO: Clicked DHCP Information sidebar item
2026-03-20 14:49:21,752 [router_scraper] INFO: Clicked Device List tab
2026-03-20 14:49:21,858 [router_scraper] INFO: Scraped 6 devices from router
2026-03-20 14:49:23,943 [router_scraper] INFO: Clicked DHCP Information sidebar item
2026-03-20 14:49:25,993 [router_scraper] INFO: Clicked Device List tab
2026-03-20 14:49:26,132 [router_scraper] INFO: Scraped 6 devices from router
2026-03-20 14:49:33,924 [router_scraper] INFO: Clicked DHCP Information sidebar item
2026-03-20 14:49:35,973 [router_scraper] INFO: Clicked Device List tab
2026-03-20 14:49:36,079 [router_scraper] INFO: Scraped 6 devices from router
2026-03-20 14:49:38,158 [router_scraper] INFO: Clicked DHCP Information sidebar item
2026-03-20 14:49:40,215 [router_scraper] INFO: Clicked Device List tab
2026-03-20 14:49:40,364 [router_scraper] INFO: Scraped 6 devices from router
2026-03-20 14:49:48,140 [router_scraper] INFO: Clicked DHCP Information sidebar item
2026-03-20 14:49:50,189 [router_scraper] INFO: Clicked Device List tab
2026-03-20 14:49:50,294 [router_scraper] INFO: Scraped 6 devices from router
2026-03-20 14:49:52,391 [router_scraper] INFO: Clicked DHCP Information sidebar item
2026-03-20 14:49:54,444 [router_scraper] INFO: Clicked Device List tab
2026-03-20 14:49:54,581 [router_scraper] INFO: Scraped 6 devices from router
2026-03-20 14:50:02,353 [router_scraper] INFO: Clicked DHCP Information sidebar item
2026-03-20 14:50:04,387 [router_scraper] INFO: Clicked Device List tab
2026-03-20 14:50:04,528 [router_scraper] INFO: Scraped 6 devices from router
2026-03-20 14:50:06,612 [router_scraper] INFO: Clicked DHCP Information sidebar item
2026-03-20 14:50:08,665 [router_scraper] INFO: Clicked Device List tab
2026-03-20 14:50:08,792 [router_scraper] INFO: Scraped 6 devices from router
2026-03-20 14:50:16,589 [router_scraper] INFO: Clicked DHCP Information sidebar item
2026-03-20 14:50:18,638 [router_scraper] INFO: Clicked Device List tab
2026-03-20 14:50:18,752 [router_scraper] INFO: Scraped 6 devices from router
2026-03-20 14:50:20,822 [router_scraper] INFO: Clicked DHCP Information sidebar item
2026-03-20 14:50:22,875 [router_scraper] INFO: Clicked Device List tab
2026-03-20 14:50:23,002 [router_scraper] INFO: Scraped 6 devices from router
2026-03-20 14:50:30,799 [router_scraper] INFO: Clicked DHCP Information sidebar item
2026-03-20 14:50:32,834 [router_scraper] INFO: Clicked Device List tab
2026-03-20 14:50:32,941 [router_scraper] INFO: Scraped 6 devices from router
2026-03-20 14:50:35,001 [router_scraper] INFO: Clicked DHCP Information sidebar item
2026-03-20 14:50:37,040 [router_scraper] INFO: Clicked Device List tab
2026-03-20 14:50:37,191 [router_scraper] INFO: Scraped 6 devices from router
2026-03-20 14:50:45,001 [router_scraper] INFO: Clicked DHCP Information sidebar item
2026-03-20 14:50:47,032 [router_scraper] INFO: Clicked Device List tab
2026-03-20 14:50:47,140 [router_scraper] INFO: Scraped 6 devices from router
2026-03-20 14:50:49,222 [router_scraper] INFO: Clicked DHCP Information sidebar item
2026-03-20 14:50:51,273 [router_scraper] INFO: Clicked Device List tab
2026-03-20 14:50:51,400 [router_scraper] INFO: Scraped 6 devices from router
2026-03-20 14:50:59,204 [router_scraper] INFO: Clicked DHCP Information sidebar item
2026-03-20 14:51:01,255 [router_scraper] INFO: Clicked Device List tab
2026-03-20 14:51:01,360 [router_scraper] INFO: Scraped 6 devices from router
2026-03-20 14:51:03,437 [router_scraper] INFO: Clicked DHCP Information sidebar item
2026-03-20 14:51:05,466 [router_scraper] INFO: Clicked Device List tab
2026-03-20 14:51:05,592 [router_scraper] INFO: Scraped 6 devices from router
2026-03-20 14:51:13,421 [router_scraper] INFO: Clicked DHCP Information sidebar item
2026-03-20 14:51:15,473 [router_scraper] INFO: Clicked Device List tab
2026-03-20 14:51:15,601 [router_scraper] INFO: Scraped 6 devices from router
2026-03-20 14:51:17,688 [router_scraper] INFO: Clicked DHCP Information sidebar item
2026-03-20 14:51:19,740 [router_scraper] INFO: Clicked Device List tab
2026-03-20 14:51:19,886 [router_scraper] INFO: Scraped 6 devices from router
2026-03-20 14:51:27,672 [router_scraper] INFO: Clicked DHCP Information sidebar item
2026-03-20 14:51:29,720 [router_scraper] INFO: Clicked Device List tab
2026-03-20 14:51:29,828 [router_scraper] INFO: Scraped 6 devices from router
2026-03-20 14:51:31,910 [router_scraper] INFO: Clicked DHCP Information sidebar item
2026-03-20 14:51:33,956 [router_scraper] INFO: Clicked Device List tab
2026-03-20 14:51:34,092 [router_scraper] INFO: Scraped 6 devices from router
2026-03-20 14:51:41,882 [router_scraper] INFO: Clicked DHCP Information sidebar item
2026-03-20 14:51:43,920 [router_scraper] INFO: Clicked Device List tab
2026-03-20 14:51:44,025 [router_scraper] INFO: Scraped 6 devices from router
2026-03-20 14:51:46,084 [router_scraper] INFO: Clicked DHCP Information sidebar item
2026-03-20 14:51:48,117 [router_scraper] INFO: Clicked Device List tab
2026-03-20 14:51:48,268 [router_scraper] INFO: Scraped 6 devices from router
2026-03-20 14:51:56,087 [router_scraper] INFO: Clicked DHCP Information sidebar item
2026-03-20 14:51:58,137 [router_scraper] INFO: Clicked Device List tab
2026-03-20 14:51:58,244 [router_scraper] INFO: Scraped 6 devices from router
2026-03-20 14:52:00,299 [router_scraper] INFO: Clicked DHCP Information sidebar item
2026-03-20 14:52:02,331 [router_scraper] INFO: Clicked Device List tab
2026-03-20 14:52:02,459 [router_scraper] INFO: Scraped 6 devices from router
2026-03-20 14:52:10,303 [router_scraper] INFO: Clicked DHCP Information sidebar item
2026-03-20 14:52:12,356 [router_scraper] INFO: Clicked Device List tab
2026-03-20 14:52:12,463 [router_scraper] INFO: Scraped 6 devices from router
2026-03-20 14:52:14,537 [router_scraper] INFO: Clicked DHCP Information sidebar item
2026-03-20 14:52:16,587 [router_scraper] INFO: Clicked Device List tab
2026-03-20 14:52:16,719 [router_scraper] INFO: Scraped 6 devices from router
2026-03-20 14:52:24,513 [router_scraper] INFO: Clicked DHCP Information sidebar item
2026-03-20 14:52:26,570 [router_scraper] INFO: Clicked Device List tab
2026-03-20 14:52:26,680 [router_scraper] INFO: Scraped 6 devices from router
2026-03-20 14:52:28,753 [router_scraper] INFO: Clicked DHCP Information sidebar item
2026-03-20 14:52:30,806 [router_scraper] INFO: Clicked Device List tab
2026-03-20 14:52:30,950 [router_scraper] INFO: Scraped 6 devices from router
2026-03-20 14:52:38,732 [router_scraper] INFO: Clicked DHCP Information sidebar item
2026-03-20 14:52:40,761 [router_scraper] INFO: Clicked Device List tab
2026-03-20 14:52:40,871 [router_scraper] INFO: Scraped 6 devices from router
2026-03-20 14:52:42,936 [router_scraper] INFO: Clicked DHCP Information sidebar item
2026-03-20 14:52:44,986 [router_scraper] INFO: Clicked Device List tab
2026-03-20 14:52:45,119 [router_scraper] INFO: Scraped 6 devices from router
2026-03-20 14:52:52,929 [router_scraper] INFO: Clicked DHCP Information sidebar item
2026-03-20 14:52:54,968 [router_scraper] INFO: Clicked Device List tab
2026-03-20 14:52:55,074 [router_scraper] INFO: Scraped 6 devices from router
2026-03-20 14:52:57,129 [router_scraper] INFO: Clicked DHCP Information sidebar item
2026-03-20 14:52:59,169 [router_scraper] INFO: Clicked Device List tab
2026-03-20 14:52:59,294 [router_scraper] INFO: Scraped 6 devices from router
2026-03-20 14:53:07,135 [router_scraper] INFO: Clicked DHCP Information sidebar item
2026-03-20 14:53:09,186 [router_scraper] INFO: Clicked Device List tab
2026-03-20 14:53:09,292 [router_scraper] INFO: Scraped 6 devices from router
2026-03-20 14:53:11,344 [router_scraper] INFO: Clicked DHCP Information sidebar item
2026-03-20 14:53:13,385 [router_scraper] INFO: Clicked Device List tab
2026-03-20 14:53:13,512 [router_scraper] INFO: Scraped 6 devices from router
2026-03-20 14:53:21,351 [router_scraper] INFO: Clicked DHCP Information sidebar item
2026-03-20 14:53:23,402 [router_scraper] INFO: Clicked Device List tab
2026-03-20 14:53:23,510 [router_scraper] INFO: Scraped 6 devices from router
2026-03-20 14:53:25,584 [router_scraper] INFO: Clicked DHCP Information sidebar item
2026-03-20 14:53:27,635 [router_scraper] INFO: Clicked Device List tab
2026-03-20 14:53:27,787 [router_scraper] INFO: Scraped 6 devices from router
2026-03-20 14:53:35,567 [router_scraper] INFO: Clicked DHCP Information sidebar item
2026-03-20 14:53:37,624 [router_scraper] INFO: Clicked Device List tab
2026-03-20 14:53:37,736 [router_scraper] INFO: Scraped 6 devices from router
2026-03-20 14:53:39,821 [router_scraper] INFO: Clicked DHCP Information sidebar item
2026-03-20 14:53:41,864 [router_scraper] INFO: Clicked Device List tab
2026-03-20 14:53:41,992 [router_scraper] INFO: Scraped 6 devices from router
2026-03-20 14:53:49,797 [router_scraper] INFO: Clicked DHCP Information sidebar item
2026-03-20 14:53:51,844 [router_scraper] INFO: Clicked Device List tab
2026-03-20 14:53:51,950 [router_scraper] INFO: Scraped 6 devices from router
2026-03-20 14:53:54,018 [router_scraper] INFO: Clicked DHCP Information sidebar item
2026-03-20 14:53:56,069 [router_scraper] INFO: Clicked Device List tab
2026-03-20 14:53:56,207 [router_scraper] INFO: Scraped 6 devices from router
2026-03-20 14:54:04,015 [router_scraper] INFO: Clicked DHCP Information sidebar item
2026-03-20 14:54:06,066 [router_scraper] INFO: Clicked Device List tab
2026-03-20 14:54:06,176 [router_scraper] INFO: Scraped 6 devices from router
2026-03-20 14:54:08,247 [router_scraper] INFO: Clicked DHCP Information sidebar item
2026-03-20 14:54:10,277 [router_scraper] INFO: Clicked Device List tab
2026-03-20 14:54:10,410 [router_scraper] INFO: Scraped 6 devices from router
2026-03-20 14:54:18,228 [router_scraper] INFO: Clicked DHCP Information sidebar item
2026-03-20 14:54:20,260 [router_scraper] INFO: Clicked Device List tab
2026-03-20 14:54:20,371 [router_scraper] INFO: Scraped 6 devices from router
2026-03-20 14:54:22,449 [router_scraper] INFO: Clicked DHCP Information sidebar item
2026-03-20 14:54:24,499 [router_scraper] INFO: Clicked Device List tab
2026-03-20 14:54:24,628 [router_scraper] INFO: Scraped 6 devices from router
2026-03-20 14:54:32,433 [router_scraper] INFO: Clicked DHCP Information sidebar item
2026-03-20 14:54:34,483 [router_scraper] INFO: Clicked Device List tab
2026-03-20 14:54:34,589 [router_scraper] INFO: Scraped 6 devices from router
2026-03-20 14:54:36,643 [router_scraper] INFO: Clicked DHCP Information sidebar item
2026-03-20 14:54:38,702 [router_scraper] INFO: Clicked Device List tab
2026-03-20 14:54:38,856 [router_scraper] INFO: Scraped 6 devices from router
2026-03-20 14:54:46,652 [router_scraper] INFO: Clicked DHCP Information sidebar item
2026-03-20 14:54:48,699 [router_scraper] INFO: Clicked Device List tab
2026-03-20 14:54:48,806 [router_scraper] INFO: Scraped 6 devices from router
2026-03-20 14:54:50,859 [router_scraper] INFO: Clicked DHCP Information sidebar item
2026-03-20 14:54:52,900 [router_scraper] INFO: Clicked Device List tab
2026-03-20 14:54:53,026 [router_scraper] INFO: Scraped 6 devices from router
2026-03-20 14:55:00,859 [router_scraper] INFO: Clicked DHCP Information sidebar item
2026-03-20 14:55:02,893 [router_scraper] INFO: Clicked Device List tab
2026-03-20 14:55:03,000 [router_scraper] INFO: Scraped 6 devices from router
2026-03-20 14:55:05,064 [router_scraper] INFO: Clicked DHCP Information sidebar item
2026-03-20 14:55:07,116 [router_scraper] INFO: Clicked Device List tab
2026-03-20 14:55:07,242 [router_scraper] INFO: Scraped 6 devices from router
2026-03-20 14:55:15,064 [router_scraper] INFO: Clicked DHCP Information sidebar item
2026-03-20 14:55:17,133 [router_scraper] INFO: Clicked Device List tab
2026-03-20 14:55:17,267 [router_scraper] INFO: Scraped 6 devices from router
2026-03-20 14:55:19,330 [router_scraper] INFO: Clicked DHCP Information sidebar item
2026-03-20 14:55:21,383 [router_scraper] INFO: Clicked Device List tab
2026-03-20 14:55:21,509 [router_scraper] INFO: Scraped 6 devices from router
2026-03-20 14:55:29,333 [router_scraper] INFO: Clicked DHCP Information sidebar item
2026-03-20 14:55:31,382 [router_scraper] INFO: Clicked Device List tab
2026-03-20 14:55:31,490 [router_scraper] INFO: Scraped 6 devices from router
2026-03-20 14:55:33,553 [router_scraper] INFO: Clicked DHCP Information sidebar item
2026-03-20 14:55:35,605 [router_scraper] INFO: Clicked Device List tab
2026-03-20 14:55:35,740 [router_scraper] INFO: Scraped 6 devices from router
2026-03-20 14:55:43,556 [router_scraper] INFO: Clicked DHCP Information sidebar item
2026-03-20 14:55:45,584 [router_scraper] INFO: Clicked Device List tab
2026-03-20 14:55:45,727 [router_scraper] INFO: Scraped 6 devices from router
2026-03-20 14:55:47,793 [router_scraper] INFO: Clicked DHCP Information sidebar item
2026-03-20 14:55:49,843 [router_scraper] INFO: Clicked Device List tab
2026-03-20 14:55:49,992 [router_scraper] INFO: Scraped 6 devices from router
2026-03-20 14:55:57,791 [router_scraper] INFO: Clicked DHCP Information sidebar item
2026-03-20 14:55:59,822 [router_scraper] INFO: Clicked Device List tab
2026-03-20 14:55:59,928 [router_scraper] INFO: Scraped 6 devices from router
2026-03-20 14:56:01,994 [router_scraper] INFO: Clicked DHCP Information sidebar item
2026-03-20 14:56:04,044 [router_scraper] INFO: Clicked Device List tab
2026-03-20 14:56:04,169 [router_scraper] INFO: Scraped 6 devices from router
2026-03-20 14:56:11,993 [router_scraper] INFO: Clicked DHCP Information sidebar item
2026-03-20 14:56:14,020 [router_scraper] INFO: Clicked Device List tab
2026-03-20 14:56:14,147 [router_scraper] INFO: Scraped 6 devices from router
2026-03-20 14:56:16,206 [router_scraper] INFO: Clicked DHCP Information sidebar item
2026-03-20 14:56:18,241 [router_scraper] INFO: Clicked Device List tab
2026-03-20 14:56:18,392 [router_scraper] INFO: Scraped 6 devices from router
2026-03-20 14:56:26,210 [router_scraper] INFO: Clicked DHCP Information sidebar item
2026-03-20 14:56:28,240 [router_scraper] INFO: Clicked Device List tab
2026-03-20 14:56:28,346 [router_scraper] INFO: Scraped 6 devices from router
2026-03-20 14:56:30,410 [router_scraper] INFO: Clicked DHCP Information sidebar item
2026-03-20 14:56:32,463 [router_scraper] INFO: Clicked Device List tab
2026-03-20 14:56:32,594 [router_scraper] INFO: Scraped 6 devices from router
2026-03-20 14:56:40,410 [router_scraper] INFO: Clicked DHCP Information sidebar item
2026-03-20 14:56:42,477 [router_scraper] INFO: Clicked Device List tab
2026-03-20 14:56:42,584 [router_scraper] INFO: Scraped 6 devices from router
2026-03-20 14:56:44,661 [router_scraper] INFO: Clicked DHCP Information sidebar item
2026-03-20 14:56:46,706 [router_scraper] INFO: Clicked Device List tab
2026-03-20 14:56:46,863 [router_scraper] INFO: Scraped 6 devices from router
2026-03-20 14:56:54,644 [router_scraper] INFO: Clicked DHCP Information sidebar item
2026-03-20 14:56:56,693 [router_scraper] INFO: Clicked Device List tab
2026-03-20 14:56:56,801 [router_scraper] INFO: Scraped 6 devices from router
2026-03-20 14:56:58,854 [router_scraper] INFO: Clicked DHCP Information sidebar item
2026-03-20 14:57:00,889 [router_scraper] INFO: Clicked Device List tab
2026-03-20 14:57:01,015 [router_scraper] INFO: Scraped 6 devices from router
2026-03-20 14:57:08,859 [router_scraper] INFO: Clicked DHCP Information sidebar item
2026-03-20 14:57:10,910 [router_scraper] INFO: Clicked Device List tab
2026-03-20 14:57:11,017 [router_scraper] INFO: Scraped 6 devices from router
2026-03-20 14:57:13,072 [router_scraper] INFO: Clicked DHCP Information sidebar item
2026-03-20 14:57:15,116 [router_scraper] INFO: Clicked Device List tab
2026-03-20 14:57:15,239 [router_scraper] INFO: Scraped 6 devices from router
2026-03-20 14:57:23,072 [router_scraper] INFO: Clicked DHCP Information sidebar item
2026-03-20 14:57:25,107 [router_scraper] INFO: Clicked Device List tab
2026-03-20 14:57:25,237 [router_scraper] INFO: Scraped 6 devices from router
2026-03-20 14:57:27,312 [router_scraper] INFO: Clicked DHCP Information sidebar item
2026-03-20 14:57:29,362 [router_scraper] INFO: Clicked Device List tab
2026-03-20 14:57:29,482 [router_scraper] INFO: Scraped 6 devices from router
2026-03-20 14:57:37,295 [router_scraper] INFO: Clicked DHCP Information sidebar item
2026-03-20 14:57:39,343 [router_scraper] INFO: Clicked Device List tab
2026-03-20 14:57:39,454 [router_scraper] INFO: Scraped 6 devices from router
2026-03-20 14:57:41,527 [router_scraper] INFO: Clicked DHCP Information sidebar item
2026-03-20 14:57:43,577 [router_scraper] INFO: Clicked Device List tab
2026-03-20 14:57:43,711 [router_scraper] INFO: Scraped 6 devices from router
2026-03-20 14:57:51,529 [router_scraper] INFO: Clicked DHCP Information sidebar item
2026-03-20 14:57:53,575 [router_scraper] INFO: Clicked Device List tab
2026-03-20 14:57:53,682 [router_scraper] INFO: Scraped 6 devices from router
2026-03-20 14:57:55,739 [router_scraper] INFO: Clicked DHCP Information sidebar item
2026-03-20 14:57:57,771 [router_scraper] INFO: Clicked Device List tab
2026-03-20 14:57:57,945 [router_scraper] INFO: Scraped 6 devices from router
2026-03-20 14:58:00,006 [router_scraper] INFO: Clicked DHCP Information sidebar item
2026-03-20 14:58:02,037 [router_scraper] INFO: Clicked Device List tab
2026-03-20 14:58:02,182 [router_scraper] INFO: Scraped 6 devices from router
2026-03-20 14:58:05,741 [router_scraper] INFO: Clicked DHCP Information sidebar item
2026-03-20 14:58:07,792 [router_scraper] INFO: Clicked Device List tab
2026-03-20 14:58:07,898 [router_scraper] INFO: Scraped 6 devices from router
2026-03-20 14:58:09,974 [router_scraper] INFO: Clicked DHCP Information sidebar item
2026-03-20 14:58:12,030 [router_scraper] INFO: Clicked Device List tab
2026-03-20 14:58:12,186 [router_scraper] INFO: Scraped 6 devices from router
2026-03-20 14:58:19,957 [router_scraper] INFO: Clicked DHCP Information sidebar item
2026-03-20 14:58:22,011 [router_scraper] INFO: Clicked Device List tab
2026-03-20 14:58:22,127 [router_scraper] INFO: Scraped 6 devices from router
2026-03-20 14:58:24,209 [router_scraper] INFO: Clicked DHCP Information sidebar item
2026-03-20 14:58:26,260 [router_scraper] INFO: Clicked Device List tab
2026-03-20 14:58:26,401 [router_scraper] INFO: Scraped 6 devices from router
2026-03-20 14:58:34,192 [router_scraper] INFO: Clicked DHCP Information sidebar item
2026-03-20 14:58:36,243 [router_scraper] INFO: Clicked Device List tab
2026-03-20 14:58:36,352 [router_scraper] INFO: Scraped 6 devices from router
2026-03-20 14:58:38,427 [router_scraper] INFO: Clicked DHCP Information sidebar item
2026-03-20 14:58:40,473 [router_scraper] INFO: Clicked Device List tab
2026-03-20 14:58:40,601 [router_scraper] INFO: Scraped 6 devices from router
2026-03-20 14:58:48,403 [router_scraper] INFO: Clicked DHCP Information sidebar item
2026-03-20 14:58:50,440 [router_scraper] INFO: Clicked Device List tab
2026-03-20 14:58:50,549 [router_scraper] INFO: Scraped 5 devices from router
2026-03-20 14:58:52,627 [router_scraper] INFO: Clicked DHCP Information sidebar item
2026-03-20 14:58:54,676 [router_scraper] INFO: Clicked Device List tab
2026-03-20 14:58:54,816 [router_scraper] INFO: Scraped 5 devices from router
2026-03-20 14:59:01,386 [router_scraper] INFO: Queued unblock for 0E:E7:14:46:8A:D3
2026-03-20 14:59:02,608 [router_scraper] INFO: Clicked DHCP Information sidebar item
2026-03-20 14:59:04,660 [router_scraper] INFO: Clicked Device List tab
2026-03-20 14:59:04,990 [router_scraper] INFO: Scraped 5 devices from router
2026-03-20 14:59:07,137 [router_scraper] INFO: Clicked Firewall sidebar
2026-03-20 14:59:09,167 [router_scraper] INFO: Clicked Filtering Rules
2026-03-20 14:59:11,199 [router_scraper] INFO: Clicked MAC Filtering tab
2026-03-20 14:59:12,837 [router_scraper] INFO: Filled MAC input (#ipAddress) with 0E:E7:14:46:8A:D3
2026-03-20 14:59:14,395 [router_scraper] INFO: Confirmed new rule row for 0E:E7:14:46:8A:D3
2026-03-20 14:59:14,960 [router_scraper] INFO: Clicked 'Save And Apply Rules'
2026-03-20 14:59:17,995 [router_scraper] INFO: Clicked dialog 'Confirm'
2026-03-20 14:59:19,497 [router_scraper] INFO: Batched updates successfully applied routing rules.
2026-03-20 14:59:27,707 [router_scraper] INFO: Clicked Device List tab
2026-03-20 14:59:27,828 [router_scraper] INFO: Scraped 5 devices from router
2026-03-20 14:59:29,891 [router_scraper] INFO: Clicked DHCP Information sidebar item
2026-03-20 14:59:31,947 [router_scraper] INFO: Clicked Device List tab
2026-03-20 14:59:32,049 [router_scraper] INFO: Scraped 5 devices from router
2026-03-20 14:59:34,126 [router_scraper] INFO: Clicked DHCP Information sidebar item
2026-03-20 14:59:36,176 [router_scraper] INFO: Clicked Device List tab
2026-03-20 14:59:36,287 [router_scraper] INFO: Scraped 5 devices from router
2026-03-20 14:59:44,103 [router_scraper] INFO: Clicked DHCP Information sidebar item
2026-03-20 14:59:46,136 [router_scraper] INFO: Clicked Device List tab
2026-03-20 14:59:46,231 [router_scraper] INFO: Scraped 5 devices from router
2026-03-20 14:59:48,309 [router_scraper] INFO: Clicked DHCP Information sidebar item
2026-03-20 14:59:50,370 [router_scraper] INFO: Clicked Device List tab
2026-03-20 14:59:50,478 [router_scraper] INFO: Scraped 5 devices from router
2026-03-20 14:59:58,284 [router_scraper] INFO: Clicked DHCP Information sidebar item
2026-03-20 15:00:00,321 [router_scraper] INFO: Clicked Device List tab
2026-03-20 15:00:00,418 [router_scraper] INFO: Scraped 5 devices from router
2026-03-20 15:00:02,491 [router_scraper] INFO: Clicked DHCP Information sidebar item
2026-03-20 15:00:04,540 [router_scraper] INFO: Clicked Device List tab
2026-03-20 15:00:04,651 [router_scraper] INFO: Scraped 5 devices from router
2026-03-20 15:00:12,465 [router_scraper] INFO: Clicked DHCP Information sidebar item
2026-03-20 15:00:14,507 [router_scraper] INFO: Clicked Device List tab
2026-03-20 15:00:14,609 [router_scraper] INFO: Scraped 5 devices from router
2026-03-20 15:00:16,668 [router_scraper] INFO: Clicked DHCP Information sidebar item
2026-03-20 15:00:18,699 [router_scraper] INFO: Clicked Device List tab
2026-03-20 15:00:18,855 [router_scraper] INFO: Scraped 5 devices from router
2026-03-20 15:00:20,943 [router_scraper] INFO: Clicked DHCP Information sidebar item
2026-03-20 15:00:22,985 [router_scraper] INFO: Clicked Device List tab
2026-03-20 15:00:23,125 [router_scraper] INFO: Scraped 5 devices from router
2026-03-20 15:00:26,675 [router_scraper] INFO: Clicked DHCP Information sidebar item
2026-03-20 15:00:28,721 [router_scraper] INFO: Clicked Device List tab
2026-03-20 15:00:28,815 [router_scraper] INFO: Scraped 5 devices from router
2026-03-20 15:00:30,882 [router_scraper] INFO: Clicked DHCP Information sidebar item
2026-03-20 15:00:32,917 [router_scraper] INFO: Clicked Device List tab
2026-03-20 15:00:33,029 [router_scraper] INFO: Scraped 5 devices from router
2026-03-20 15:00:40,868 [router_scraper] INFO: Clicked DHCP Information sidebar item
2026-03-20 15:00:42,904 [router_scraper] INFO: Clicked Device List tab
2026-03-20 15:00:42,999 [router_scraper] INFO: Scraped 5 devices from router
2026-03-20 15:00:45,068 [router_scraper] INFO: Clicked DHCP Information sidebar item
2026-03-20 15:00:47,100 [router_scraper] INFO: Clicked Device List tab
2026-03-20 15:00:47,214 [router_scraper] INFO: Scraped 5 devices from router
2026-03-20 15:00:55,047 [router_scraper] INFO: Clicked DHCP Information sidebar item
2026-03-20 15:00:57,088 [router_scraper] INFO: Clicked Device List tab
2026-03-20 15:00:57,207 [router_scraper] INFO: Scraped 5 devices from router
2026-03-20 15:00:59,285 [router_scraper] INFO: Clicked DHCP Information sidebar item
2026-03-20 15:01:01,315 [router_scraper] INFO: Clicked Device List tab
2026-03-20 15:01:01,427 [router_scraper] INFO: Scraped 5 devices from router
2026-03-20 15:01:09,272 [router_scraper] INFO: Clicked DHCP Information sidebar item
2026-03-20 15:01:11,320 [router_scraper] INFO: Clicked Device List tab
2026-03-20 15:01:11,415 [router_scraper] INFO: Scraped 5 devices from router
2026-03-20 15:01:13,505 [router_scraper] INFO: Clicked DHCP Information sidebar item
2026-03-20 15:01:15,554 [router_scraper] INFO: Clicked Device List tab
2026-03-20 15:01:15,666 [router_scraper] INFO: Scraped 5 devices from router
2026-03-20 15:01:23,467 [router_scraper] INFO: Clicked DHCP Information sidebar item
2026-03-20 15:01:25,504 [router_scraper] INFO: Clicked Device List tab
2026-03-20 15:01:25,595 [router_scraper] INFO: Scraped 5 devices from router
2026-03-20 15:01:27,666 [router_scraper] INFO: Clicked DHCP Information sidebar item
2026-03-20 15:01:29,724 [router_scraper] INFO: Clicked Device List tab
2026-03-20 15:01:29,836 [router_scraper] INFO: Scraped 5 devices from router
2026-03-20 15:01:37,649 [router_scraper] INFO: Clicked DHCP Information sidebar item
2026-03-20 15:01:39,684 [router_scraper] INFO: Clicked Device List tab
2026-03-20 15:01:39,779 [router_scraper] INFO: Scraped 5 devices from router
2026-03-20 15:01:41,850 [router_scraper] INFO: Clicked DHCP Information sidebar item
2026-03-20 15:01:43,883 [router_scraper] INFO: Clicked Device List tab
2026-03-20 15:01:43,994 [router_scraper] INFO: Scraped 5 devices from router
2026-03-20 15:01:51,835 [router_scraper] INFO: Clicked DHCP Information sidebar item
2026-03-20 15:01:53,864 [router_scraper] INFO: Clicked Device List tab
2026-03-20 15:01:53,957 [router_scraper] INFO: Scraped 5 devices from router
2026-03-20 15:01:56,033 [router_scraper] INFO: Clicked DHCP Information sidebar item
2026-03-20 15:01:58,069 [router_scraper] INFO: Clicked Device List tab
2026-03-20 15:01:58,182 [router_scraper] INFO: Scraped 5 devices from router
2026-03-20 15:02:06,021 [router_scraper] INFO: Clicked DHCP Information sidebar item
2026-03-20 15:02:08,071 [router_scraper] INFO: Clicked Device List tab
2026-03-20 15:02:08,165 [router_scraper] INFO: Scraped 5 devices from router
2026-03-20 15:02:10,231 [router_scraper] INFO: Clicked DHCP Information sidebar item
2026-03-20 15:02:12,265 [router_scraper] INFO: Clicked Device List tab
2026-03-20 15:02:12,376 [router_scraper] INFO: Scraped 5 devices from router
2026-03-20 15:02:20,238 [router_scraper] INFO: Clicked DHCP Information sidebar item
2026-03-20 15:02:22,288 [router_scraper] INFO: Clicked Device List tab
2026-03-20 15:02:22,383 [router_scraper] INFO: Scraped 5 devices from router
2026-03-20 15:02:24,470 [router_scraper] INFO: Clicked DHCP Information sidebar item
2026-03-20 15:02:26,562 [router_scraper] INFO: Clicked Device List tab
2026-03-20 15:02:26,684 [router_scraper] INFO: Scraped 5 devices from router
2026-03-20 15:02:34,452 [router_scraper] INFO: Clicked DHCP Information sidebar item
2026-03-20 15:02:36,503 [router_scraper] INFO: Clicked Device List tab
2026-03-20 15:02:36,866 [router_scraper] INFO: Scraped 5 devices from router
2026-03-20 15:02:38,951 [router_scraper] INFO: Clicked DHCP Information sidebar item
2026-03-20 15:02:41,002 [router_scraper] INFO: Clicked Device List tab
2026-03-20 15:02:41,158 [router_scraper] INFO: Scraped 5 devices from router
2026-03-20 15:02:48,951 [router_scraper] INFO: Clicked DHCP Information sidebar item
2026-03-20 15:02:50,978 [router_scraper] INFO: Clicked Device List tab
2026-03-20 15:02:51,072 [router_scraper] INFO: Scraped 5 devices from router
2026-03-20 15:02:53,147 [router_scraper] INFO: Clicked DHCP Information sidebar item
2026-03-20 15:02:55,180 [router_scraper] INFO: Clicked Device List tab
2026-03-20 15:02:55,292 [router_scraper] INFO: Scraped 5 devices from router
2026-03-20 15:03:03,130 [router_scraper] INFO: Clicked DHCP Information sidebar item
2026-03-20 15:03:05,161 [router_scraper] INFO: Clicked Device List tab
2026-03-20 15:03:05,254 [router_scraper] INFO: Scraped 5 devices from router
2026-03-20 15:03:07,331 [router_scraper] INFO: Clicked DHCP Information sidebar item
2026-03-20 15:03:09,367 [router_scraper] INFO: Clicked Device List tab
2026-03-20 15:03:09,479 [router_scraper] INFO: Scraped 5 devices from router
2026-03-20 15:03:17,317 [router_scraper] INFO: Clicked DHCP Information sidebar item
2026-03-20 15:03:19,370 [router_scraper] INFO: Clicked Device List tab
2026-03-20 15:03:19,463 [router_scraper] INFO: Scraped 5 devices from router
2026-03-20 15:03:21,530 [router_scraper] INFO: Clicked DHCP Information sidebar item
2026-03-20 15:03:23,566 [router_scraper] INFO: Clicked Device List tab
2026-03-20 15:03:23,681 [router_scraper] INFO: Scraped 5 devices from router
2026-03-20 15:03:31,513 [router_scraper] INFO: Clicked DHCP Information sidebar item
2026-03-20 15:03:33,550 [router_scraper] INFO: Clicked Device List tab
2026-03-20 15:03:33,641 [router_scraper] INFO: Scraped 5 devices from router
2026-03-20 15:03:35,718 [router_scraper] INFO: Clicked DHCP Information sidebar item
2026-03-20 15:03:37,769 [router_scraper] INFO: Clicked Device List tab
2026-03-20 15:03:37,882 [router_scraper] INFO: Scraped 5 devices from router
2026-03-20 15:03:45,702 [router_scraper] INFO: Clicked DHCP Information sidebar item
2026-03-20 15:03:47,750 [router_scraper] INFO: Clicked Device List tab
2026-03-20 15:03:47,850 [router_scraper] INFO: Scraped 5 devices from router
2026-03-20 15:03:49,935 [router_scraper] INFO: Clicked DHCP Information sidebar item
2026-03-20 15:03:52,011 [router_scraper] INFO: Clicked Device List tab
2026-03-20 15:03:52,121 [router_scraper] INFO: Scraped 5 devices from router
2026-03-20 15:03:59,917 [router_scraper] INFO: Clicked DHCP Information sidebar item
2026-03-20 15:04:01,969 [router_scraper] INFO: Clicked Device List tab
2026-03-20 15:04:02,062 [router_scraper] INFO: Scraped 5 devices from router
2026-03-20 15:04:04,150 [router_scraper] INFO: Clicked DHCP Information sidebar item
2026-03-20 15:04:06,200 [router_scraper] INFO: Clicked Device List tab
2026-03-20 15:04:06,311 [router_scraper] INFO: Scraped 5 devices from router
2026-03-20 15:04:11,219 [hotzone] INFO: [enforcer] Voucher expired for 60:14:B3:73:4F:F7 — removing from router
2026-03-20 15:04:11,220 [router_scraper] INFO: Queued block for 60:14:B3:73:4F:F7
2026-03-20 15:04:14,132 [router_scraper] INFO: Clicked DHCP Information sidebar item
2026-03-20 15:04:16,160 [router_scraper] INFO: Clicked Device List tab
2026-03-20 15:04:16,253 [router_scraper] INFO: Scraped 5 devices from router
2026-03-20 15:04:18,334 [router_scraper] INFO: Clicked Firewall sidebar
2026-03-20 15:04:20,360 [router_scraper] INFO: Clicked Filtering Rules
2026-03-20 15:04:22,388 [router_scraper] INFO: Clicked MAC Filtering tab
2026-03-20 15:04:22,904 [router_scraper] INFO: Confirmed delete dialog
2026-03-20 15:04:24,413 [router_scraper] INFO: Batched delete for 60:14:B3:73:4F:F7
2026-03-20 15:04:24,487 [router_scraper] INFO: Clicked 'Save And Apply Rules'
2026-03-20 15:04:27,519 [router_scraper] INFO: Clicked dialog 'Confirm'
2026-03-20 15:04:29,021 [router_scraper] INFO: Batched updates successfully applied routing rules.
2026-03-20 15:04:37,267 [router_scraper] INFO: Clicked Device List tab
2026-03-20 15:04:37,378 [router_scraper] INFO: Scraped 5 devices from router
2026-03-20 15:04:39,427 [router_scraper] INFO: Clicked DHCP Information sidebar item
2026-03-20 15:04:41,487 [router_scraper] INFO: Clicked Device List tab
2026-03-20 15:04:41,684 [router_scraper] INFO: Scraped 5 devices from router
2026-03-20 15:04:43,785 [router_scraper] INFO: Clicked DHCP Information sidebar item
2026-03-20 15:04:45,831 [router_scraper] INFO: Clicked Device List tab
2026-03-20 15:04:45,954 [router_scraper] INFO: Scraped 5 devices from router
2026-03-20 15:04:53,750 [router_scraper] INFO: Clicked DHCP Information sidebar item
2026-03-20 15:04:55,796 [router_scraper] INFO: Clicked Device List tab
2026-03-20 15:04:55,903 [router_scraper] INFO: Scraped 5 devices from router
2026-03-20 15:04:57,983 [router_scraper] INFO: Clicked DHCP Information sidebar item
2026-03-20 15:05:00,034 [router_scraper] INFO: Clicked Device List tab
2026-03-20 15:05:00,171 [router_scraper] INFO: Scraped 5 devices from router
2026-03-20 15:05:07,964 [router_scraper] INFO: Clicked DHCP Information sidebar item
2026-03-20 15:05:09,992 [router_scraper] INFO: Clicked Device List tab
2026-03-20 15:05:10,109 [router_scraper] INFO: Scraped 6 devices from router
2026-03-20 15:05:12,177 [router_scraper] INFO: Clicked DHCP Information sidebar item
2026-03-20 15:05:14,236 [router_scraper] INFO: Clicked Device List tab
2026-03-20 15:05:14,377 [router_scraper] INFO: Scraped 6 devices from router
2026-03-20 15:05:22,160 [router_scraper] INFO: Clicked DHCP Information sidebar item
2026-03-20 15:05:24,200 [router_scraper] INFO: Clicked Device List tab
2026-03-20 15:05:24,315 [router_scraper] INFO: Scraped 6 devices from router
2026-03-20 15:05:26,396 [router_scraper] INFO: Clicked DHCP Information sidebar item
2026-03-20 15:05:28,449 [router_scraper] INFO: Clicked Device List tab
2026-03-20 15:05:28,580 [router_scraper] INFO: Scraped 6 devices from router
2026-03-20 15:05:36,388 [router_scraper] INFO: Clicked DHCP Information sidebar item
2026-03-20 15:05:38,440 [router_scraper] INFO: Clicked Device List tab
2026-03-20 15:05:38,583 [router_scraper] INFO: Scraped 6 devices from router
2026-03-20 15:05:40,667 [router_scraper] INFO: Clicked DHCP Information sidebar item
2026-03-20 15:05:42,721 [router_scraper] INFO: Clicked Device List tab
2026-03-20 15:05:42,858 [router_scraper] INFO: Scraped 6 devices from router
2026-03-20 15:05:50,647 [router_scraper] INFO: Clicked DHCP Information sidebar item
2026-03-20 15:05:52,702 [router_scraper] INFO: Clicked Device List tab
2026-03-20 15:05:52,817 [router_scraper] INFO: Scraped 6 devices from router
2026-03-20 15:05:54,900 [router_scraper] INFO: Clicked DHCP Information sidebar item
2026-03-20 15:05:56,954 [router_scraper] INFO: Clicked Device List tab
2026-03-20 15:05:57,089 [router_scraper] INFO: Scraped 6 devices from router
2026-03-20 15:06:04,881 [router_scraper] INFO: Clicked DHCP Information sidebar item
2026-03-20 15:06:06,935 [router_scraper] INFO: Clicked Device List tab
2026-03-20 15:06:07,048 [router_scraper] INFO: Scraped 6 devices from router
2026-03-20 15:06:09,132 [router_scraper] INFO: Clicked DHCP Information sidebar item
2026-03-20 15:06:09,825 [asyncio] ERROR: ConnectionClosedError exception in shielded future
future: <Future finished exception=ConnectionClosedError(None, Close(code=<CloseCode.INTERNAL_ERROR: 1011>, reason='keepalive ping timeout'), None)>
Traceback (most recent call last):
  File "/Library/Frameworks/Python.framework/Versions/3.14/lib/python3.14/site-packages/websockets/legacy/protocol.py", line 1276, in close_connection
    await self.transfer_data_task
  File "/Library/Frameworks/Python.framework/Versions/3.14/lib/python3.14/site-packages/websockets/legacy/protocol.py", line 940, in transfer_data
    message = await self.read_message()
              ^^^^^^^^^^^^^^^^^^^^^^^^^
  File "/Library/Frameworks/Python.framework/Versions/3.14/lib/python3.14/site-packages/websockets/legacy/protocol.py", line 1010, in read_message
    frame = await self.read_data_frame(max_size=self.max_size)
            ^^^^^^^^^^^^^^^^^^^^^^^^^^^^^^^^^^^^^^^^^^^^^^^^^^
  File "/Library/Frameworks/Python.framework/Versions/3.14/lib/python3.14/site-packages/websockets/legacy/protocol.py", line 1087, in read_data_frame
    frame = await self.read_frame(max_size)
            ^^^^^^^^^^^^^^^^^^^^^^^^^^^^^^^
  File "/Library/Frameworks/Python.framework/Versions/3.14/lib/python3.14/site-packages/websockets/legacy/protocol.py", line 1144, in read_frame
    frame = await Frame.read(
            ^^^^^^^^^^^^^^^^^
    ...<4 lines>...
    )
    ^
  File "/Library/Frameworks/Python.framework/Versions/3.14/lib/python3.14/site-packages/websockets/legacy/framing.py", line 70, in read
    data = await reader(2)
           ^^^^^^^^^^^^^^^
  File "/Library/Frameworks/Python.framework/Versions/3.14/lib/python3.14/asyncio/streams.py", line 769, in readexactly
    await self._wait_for_data('readexactly')
  File "/Library/Frameworks/Python.framework/Versions/3.14/lib/python3.14/asyncio/streams.py", line 539, in _wait_for_data
    await self._waiter
asyncio.exceptions.CancelledError

The above exception was the direct cause of the following exception:

websockets.exceptions.ConnectionClosedError: sent 1011 (internal error) keepalive ping timeout; no close frame received
2026-03-20 15:06:09,829 [hotzone] ERROR: Device monitor error: list.remove(x): x not in list
Traceback (most recent call last):
  File "/Users/abdul/Desktop/Wifi_system/server.py", line 1040, in device_monitor
    await ws_manager.broadcast({
    ...<3 lines>...
    })
  File "/Users/abdul/Desktop/Wifi_system/server.py", line 222, in broadcast
    self.connections.remove(ws)
    ~~~~~~~~~~~~~~~~~~~~~~~^^^^
ValueError: list.remove(x): x not in list
2026-03-20 15:06:11,186 [router_scraper] INFO: Clicked Device List tab
2026-03-20 15:06:11,326 [router_scraper] INFO: Scraped 6 devices from router
2026-03-20 15:06:21,897 [router_scraper] INFO: Clicked DHCP Information sidebar item
2026-03-20 15:06:23,950 [router_scraper] INFO: Clicked Device List tab
2026-03-20 15:06:24,070 [router_scraper] INFO: Scraped 6 devices from router
2026-03-20 15:06:26,151 [router_scraper] INFO: Clicked DHCP Information sidebar item
2026-03-20 15:06:28,200 [router_scraper] INFO: Clicked Device List tab
2026-03-20 15:06:28,350 [router_scraper] INFO: Scraped 6 devices from router
2026-03-20 15:06:36,125 [router_scraper] INFO: Clicked DHCP Information sidebar item
2026-03-20 15:06:38,162 [router_scraper] INFO: Clicked Device List tab
2026-03-20 15:06:38,282 [router_scraper] INFO: Scraped 6 devices from router
2026-03-20 15:06:40,364 [router_scraper] INFO: Clicked DHCP Information sidebar item
2026-03-20 15:06:42,417 [router_scraper] INFO: Clicked Device List tab
2026-03-20 15:06:42,555 [router_scraper] INFO: Scraped 6 devices from router
2026-03-20 15:06:50,345 [router_scraper] INFO: Clicked DHCP Information sidebar item
2026-03-20 15:06:52,400 [router_scraper] INFO: Clicked Device List tab
2026-03-20 15:06:52,506 [router_scraper] INFO: Scraped 6 devices from router
2026-03-20 15:06:54,576 [router_scraper] INFO: Clicked DHCP Information sidebar item
2026-03-20 15:06:56,607 [router_scraper] INFO: Clicked Device List tab
2026-03-20 15:06:56,738 [router_scraper] INFO: Scraped 6 devices from router
2026-03-20 15:07:04,557 [router_scraper] INFO: Clicked DHCP Information sidebar item
2026-03-20 15:07:06,594 [router_scraper] INFO: Clicked Device List tab
2026-03-20 15:07:06,726 [router_scraper] INFO: Scraped 5 devices from router
2026-03-20 15:07:08,813 [router_scraper] INFO: Clicked DHCP Information sidebar item
2026-03-20 15:07:10,864 [router_scraper] INFO: Clicked Device List tab
2026-03-20 15:07:10,978 [router_scraper] INFO: Scraped 5 devices from router
2026-03-20 15:07:18,795 [router_scraper] INFO: Clicked DHCP Information sidebar item
2026-03-20 15:07:20,848 [router_scraper] INFO: Clicked Device List tab
2026-03-20 15:07:20,949 [router_scraper] INFO: Scraped 5 devices from router
2026-03-20 15:07:23,032 [router_scraper] INFO: Clicked DHCP Information sidebar item
2026-03-20 15:07:25,078 [router_scraper] INFO: Clicked Device List tab
2026-03-20 15:07:25,189 [router_scraper] INFO: Scraped 5 devices from router
2026-03-20 15:07:33,013 [router_scraper] INFO: Clicked DHCP Information sidebar item
2026-03-20 15:07:35,060 [router_scraper] INFO: Clicked Device List tab
2026-03-20 15:07:35,154 [router_scraper] INFO: Scraped 5 devices from router
2026-03-20 15:07:37,222 [router_scraper] INFO: Clicked DHCP Information sidebar item
2026-03-20 15:07:39,262 [router_scraper] INFO: Clicked Device List tab
2026-03-20 15:07:39,374 [router_scraper] INFO: Scraped 5 devices from router
2026-03-20 15:07:40,891 [asyncio] ERROR: ConnectionClosedError exception in shielded future
future: <Future finished exception=ConnectionClosedError(None, Close(code=<CloseCode.INTERNAL_ERROR: 1011>, reason='keepalive ping timeout'), None)>
Traceback (most recent call last):
  File "/Library/Frameworks/Python.framework/Versions/3.14/lib/python3.14/site-packages/websockets/legacy/protocol.py", line 1276, in close_connection
    await self.transfer_data_task
  File "/Library/Frameworks/Python.framework/Versions/3.14/lib/python3.14/site-packages/websockets/legacy/protocol.py", line 940, in transfer_data
    message = await self.read_message()
              ^^^^^^^^^^^^^^^^^^^^^^^^^
  File "/Library/Frameworks/Python.framework/Versions/3.14/lib/python3.14/site-packages/websockets/legacy/protocol.py", line 1010, in read_message
    frame = await self.read_data_frame(max_size=self.max_size)
            ^^^^^^^^^^^^^^^^^^^^^^^^^^^^^^^^^^^^^^^^^^^^^^^^^^
  File "/Library/Frameworks/Python.framework/Versions/3.14/lib/python3.14/site-packages/websockets/legacy/protocol.py", line 1087, in read_data_frame
    frame = await self.read_frame(max_size)
            ^^^^^^^^^^^^^^^^^^^^^^^^^^^^^^^
  File "/Library/Frameworks/Python.framework/Versions/3.14/lib/python3.14/site-packages/websockets/legacy/protocol.py", line 1144, in read_frame
    frame = await Frame.read(
            ^^^^^^^^^^^^^^^^^
    ...<4 lines>...
    )
    ^
  File "/Library/Frameworks/Python.framework/Versions/3.14/lib/python3.14/site-packages/websockets/legacy/framing.py", line 70, in read
    data = await reader(2)
           ^^^^^^^^^^^^^^^
  File "/Library/Frameworks/Python.framework/Versions/3.14/lib/python3.14/asyncio/streams.py", line 769, in readexactly
    await self._wait_for_data('readexactly')
  File "/Library/Frameworks/Python.framework/Versions/3.14/lib/python3.14/asyncio/streams.py", line 539, in _wait_for_data
    await self._waiter
asyncio.exceptions.CancelledError

The above exception was the direct cause of the following exception:

websockets.exceptions.ConnectionClosedError: sent 1011 (internal error) keepalive ping timeout; no close frame received
2026-03-20 15:07:40,895 [hotzone] ERROR: Device monitor error: list.remove(x): x not in list
Traceback (most recent call last):
  File "/Users/abdul/Desktop/Wifi_system/server.py", line 1040, in device_monitor
    await ws_manager.broadcast({
    ...<3 lines>...
    })
  File "/Users/abdul/Desktop/Wifi_system/server.py", line 222, in broadcast
    self.connections.remove(ws)
    ~~~~~~~~~~~~~~~~~~~~~~~^^^^
ValueError: list.remove(x): x not in list
2026-03-20 15:07:52,960 [router_scraper] INFO: Clicked DHCP Information sidebar item
2026-03-20 15:07:54,987 [router_scraper] INFO: Clicked Device List tab
2026-03-20 15:07:55,083 [router_scraper] INFO: Scraped 5 devices from router
2026-03-20 15:07:57,156 [router_scraper] INFO: Clicked DHCP Information sidebar item
2026-03-20 15:07:59,194 [router_scraper] INFO: Clicked Device List tab
2026-03-20 15:07:59,307 [router_scraper] INFO: Scraped 5 devices from router
2026-03-20 15:08:07,144 [router_scraper] INFO: Clicked DHCP Information sidebar item
2026-03-20 15:08:09,194 [router_scraper] INFO: Clicked Device List tab
2026-03-20 15:08:09,300 [router_scraper] INFO: Scraped 6 devices from router
2026-03-20 15:08:11,373 [router_scraper] INFO: Clicked DHCP Information sidebar item
2026-03-20 15:08:13,411 [router_scraper] INFO: Clicked Device List tab
2026-03-20 15:08:13,538 [router_scraper] INFO: Scraped 6 devices from router
2026-03-20 15:08:21,359 [router_scraper] INFO: Clicked DHCP Information sidebar item
2026-03-20 15:08:23,426 [router_scraper] INFO: Clicked Device List tab
2026-03-20 15:08:23,532 [router_scraper] INFO: Scraped 6 devices from router
2026-03-20 15:08:25,611 [router_scraper] INFO: Clicked DHCP Information sidebar item
2026-03-20 15:08:27,661 [router_scraper] INFO: Clicked Device List tab
2026-03-20 15:08:27,793 [router_scraper] INFO: Scraped 6 devices from router
2026-03-20 15:08:35,658 [router_scraper] INFO: Clicked DHCP Information sidebar item
2026-03-20 15:08:37,713 [router_scraper] INFO: Clicked Device List tab
2026-03-20 15:08:37,834 [router_scraper] INFO: Scraped 6 devices from router
2026-03-20 15:08:39,913 [router_scraper] INFO: Clicked DHCP Information sidebar item
2026-03-20 15:08:41,965 [router_scraper] INFO: Clicked Device List tab
2026-03-20 15:08:42,103 [router_scraper] INFO: Scraped 6 devices from router
2026-03-20 15:08:49,894 [router_scraper] INFO: Clicked DHCP Information sidebar item
2026-03-20 15:08:51,945 [router_scraper] INFO: Clicked Device List tab
2026-03-20 15:08:52,059 [router_scraper] INFO: Scraped 6 devices from router
2026-03-20 15:08:54,122 [router_scraper] INFO: Clicked DHCP Information sidebar item
2026-03-20 15:08:56,178 [router_scraper] INFO: Clicked Device List tab
2026-03-20 15:08:56,329 [router_scraper] INFO: Scraped 6 devices from router
2026-03-20 15:09:04,126 [router_scraper] INFO: Clicked DHCP Information sidebar item
2026-03-20 15:09:06,174 [router_scraper] INFO: Clicked Device List tab
2026-03-20 15:09:06,280 [router_scraper] INFO: Scraped 6 devices from router
2026-03-20 15:09:08,355 [router_scraper] INFO: Clicked DHCP Information sidebar item
2026-03-20 15:09:10,391 [router_scraper] INFO: Clicked Device List tab
2026-03-20 15:09:10,521 [router_scraper] INFO: Scraped 6 devices from router
2026-03-20 15:09:18,341 [router_scraper] INFO: Clicked DHCP Information sidebar item
2026-03-20 15:09:20,388 [router_scraper] INFO: Clicked Device List tab
2026-03-20 15:09:20,495 [router_scraper] INFO: Scraped 6 devices from router
2026-03-20 15:09:22,571 [router_scraper] INFO: Clicked DHCP Information sidebar item
2026-03-20 15:09:24,605 [router_scraper] INFO: Clicked Device List tab
2026-03-20 15:09:24,849 [router_scraper] INFO: Scraped 6 devices from router
2026-03-20 15:09:32,558 [router_scraper] INFO: Clicked DHCP Information sidebar item
2026-03-20 15:09:34,608 [router_scraper] INFO: Clicked Device List tab
2026-03-20 15:09:34,718 [router_scraper] INFO: Scraped 6 devices from router
2026-03-20 15:09:36,787 [router_scraper] INFO: Clicked DHCP Information sidebar item
2026-03-20 15:09:38,822 [router_scraper] INFO: Clicked Device List tab
2026-03-20 15:09:38,950 [router_scraper] INFO: Scraped 6 devices from router
2026-03-20 15:09:46,770 [router_scraper] INFO: Clicked DHCP Information sidebar item
2026-03-20 15:09:48,805 [router_scraper] INFO: Clicked Device List tab
2026-03-20 15:09:48,912 [router_scraper] INFO: Scraped 6 devices from router
2026-03-20 15:09:50,995 [router_scraper] INFO: Clicked DHCP Information sidebar item
2026-03-20 15:09:53,044 [router_scraper] INFO: Clicked Device List tab
2026-03-20 15:09:53,174 [router_scraper] INFO: Scraped 6 devices from router
2026-03-20 15:10:00,974 [router_scraper] INFO: Clicked DHCP Information sidebar item
2026-03-20 15:10:03,001 [router_scraper] INFO: Clicked Device List tab
2026-03-20 15:10:03,126 [router_scraper] INFO: Scraped 6 devices from router
2026-03-20 15:10:05,220 [router_scraper] INFO: Clicked DHCP Information sidebar item
2026-03-20 15:10:07,262 [router_scraper] INFO: Clicked Device List tab
2026-03-20 15:10:07,392 [router_scraper] INFO: Scraped 6 devices from router
2026-03-20 15:10:15,190 [router_scraper] INFO: Clicked DHCP Information sidebar item
2026-03-20 15:10:17,238 [router_scraper] INFO: Clicked Device List tab
2026-03-20 15:10:17,343 [router_scraper] INFO: Scraped 6 devices from router
2026-03-20 15:10:19,420 [router_scraper] INFO: Clicked DHCP Information sidebar item
2026-03-20 15:10:21,452 [router_scraper] INFO: Clicked Device List tab
2026-03-20 15:10:21,577 [router_scraper] INFO: Scraped 6 devices from router
2026-03-20 15:10:29,408 [router_scraper] INFO: Clicked DHCP Information sidebar item
2026-03-20 15:10:31,458 [router_scraper] INFO: Clicked Device List tab
2026-03-20 15:10:31,564 [router_scraper] INFO: Scraped 6 devices from router
2026-03-20 15:10:33,637 [router_scraper] INFO: Clicked DHCP Information sidebar item
2026-03-20 15:10:35,669 [router_scraper] INFO: Clicked Device List tab
2026-03-20 15:10:35,807 [router_scraper] INFO: Scraped 6 devices from router
2026-03-20 15:10:43,624 [router_scraper] INFO: Clicked DHCP Information sidebar item
2026-03-20 15:10:45,674 [router_scraper] INFO: Clicked Device List tab
2026-03-20 15:10:45,783 [router_scraper] INFO: Scraped 6 devices from router
2026-03-20 15:10:47,856 [router_scraper] INFO: Clicked DHCP Information sidebar item
2026-03-20 15:10:49,908 [router_scraper] INFO: Clicked Device List tab
2026-03-20 15:10:50,035 [router_scraper] INFO: Scraped 6 devices from router
2026-03-20 15:10:57,835 [router_scraper] INFO: Clicked DHCP Information sidebar item
2026-03-20 15:10:59,869 [router_scraper] INFO: Clicked Device List tab
2026-03-20 15:11:00,009 [router_scraper] INFO: Scraped 6 devices from router
2026-03-20 15:11:02,086 [router_scraper] INFO: Clicked DHCP Information sidebar item
2026-03-20 15:11:04,116 [router_scraper] INFO: Clicked Device List tab
2026-03-20 15:11:04,242 [router_scraper] INFO: Scraped 6 devices from router
2026-03-20 15:11:12,071 [router_scraper] INFO: Clicked DHCP Information sidebar item
2026-03-20 15:11:14,121 [router_scraper] INFO: Clicked Device List tab
2026-03-20 15:11:14,227 [router_scraper] INFO: Scraped 6 devices from router
2026-03-20 15:11:16,301 [router_scraper] INFO: Clicked DHCP Information sidebar item
2026-03-20 15:11:18,343 [router_scraper] INFO: Clicked Device List tab
2026-03-20 15:11:18,470 [router_scraper] INFO: Scraped 6 devices from router
2026-03-20 15:11:26,284 [router_scraper] INFO: Clicked DHCP Information sidebar item
2026-03-20 15:11:28,317 [router_scraper] INFO: Clicked Device List tab
2026-03-20 15:11:28,424 [router_scraper] INFO: Scraped 6 devices from router
2026-03-20 15:11:30,507 [router_scraper] INFO: Clicked DHCP Information sidebar item
2026-03-20 15:11:32,586 [router_scraper] INFO: Clicked Device List tab
2026-03-20 15:11:32,716 [router_scraper] INFO: Scraped 6 devices from router
2026-03-20 15:11:40,488 [router_scraper] INFO: Clicked DHCP Information sidebar item
2026-03-20 15:11:42,538 [router_scraper] INFO: Clicked Device List tab
2026-03-20 15:11:42,644 [router_scraper] INFO: Scraped 6 devices from router
2026-03-20 15:11:44,722 [router_scraper] INFO: Clicked DHCP Information sidebar item
2026-03-20 15:11:46,776 [router_scraper] INFO: Clicked Device List tab
2026-03-20 15:11:46,904 [router_scraper] INFO: Scraped 6 devices from router
2026-03-20 15:11:54,701 [router_scraper] INFO: Clicked DHCP Information sidebar item
2026-03-20 15:11:56,733 [router_scraper] INFO: Clicked Device List tab
2026-03-20 15:11:56,838 [router_scraper] INFO: Scraped 6 devices from router
2026-03-20 15:11:58,926 [router_scraper] INFO: Clicked DHCP Information sidebar item
2026-03-20 15:12:00,972 [router_scraper] INFO: Clicked Device List tab
2026-03-20 15:12:01,101 [router_scraper] INFO: Scraped 6 devices from router
2026-03-20 15:12:08,903 [router_scraper] INFO: Clicked DHCP Information sidebar item
2026-03-20 15:12:10,931 [router_scraper] INFO: Clicked Device List tab
2026-03-20 15:12:11,037 [router_scraper] INFO: Scraped 6 devices from router
2026-03-20 15:12:13,121 [router_scraper] INFO: Clicked DHCP Information sidebar item
2026-03-20 15:12:15,173 [router_scraper] INFO: Clicked Device List tab
2026-03-20 15:12:15,303 [router_scraper] INFO: Scraped 6 devices from router
2026-03-20 15:12:23,105 [router_scraper] INFO: Clicked DHCP Information sidebar item
2026-03-20 15:12:25,153 [router_scraper] INFO: Clicked Device List tab
2026-03-20 15:12:25,262 [router_scraper] INFO: Scraped 6 devices from router
2026-03-20 15:12:27,340 [router_scraper] INFO: Clicked DHCP Information sidebar item
2026-03-20 15:12:29,385 [router_scraper] INFO: Clicked Device List tab
2026-03-20 15:12:29,510 [router_scraper] INFO: Scraped 6 devices from router
2026-03-20 15:12:37,319 [router_scraper] INFO: Clicked DHCP Information sidebar item
2026-03-20 15:12:39,350 [router_scraper] INFO: Clicked Device List tab
2026-03-20 15:12:39,484 [router_scraper] INFO: Scraped 6 devices from router
2026-03-20 15:12:41,557 [router_scraper] INFO: Clicked DHCP Information sidebar item
2026-03-20 15:12:43,611 [router_scraper] INFO: Clicked Device List tab
2026-03-20 15:12:43,734 [router_scraper] INFO: Scraped 6 devices from router
2026-03-20 15:12:51,556 [router_scraper] INFO: Clicked DHCP Information sidebar item
2026-03-20 15:12:53,606 [router_scraper] INFO: Clicked Device List tab
2026-03-20 15:12:53,714 [router_scraper] INFO: Scraped 6 devices from router
2026-03-20 15:12:55,790 [router_scraper] INFO: Clicked DHCP Information sidebar item
2026-03-20 15:12:57,841 [router_scraper] INFO: Clicked Device List tab
2026-03-20 15:12:57,967 [router_scraper] INFO: Scraped 6 devices from router
2026-03-20 15:13:05,764 [router_scraper] INFO: Clicked DHCP Information sidebar item
2026-03-20 15:13:07,805 [router_scraper] INFO: Clicked Device List tab
2026-03-20 15:13:07,911 [router_scraper] INFO: Scraped 6 devices from router
2026-03-20 15:13:09,966 [router_scraper] INFO: Clicked DHCP Information sidebar item
2026-03-20 15:13:12,003 [router_scraper] INFO: Clicked Device List tab
2026-03-20 15:13:12,159 [router_scraper] INFO: Scraped 6 devices from router
2026-03-20 15:13:19,972 [router_scraper] INFO: Clicked DHCP Information sidebar item
2026-03-20 15:13:22,019 [router_scraper] INFO: Clicked Device List tab
2026-03-20 15:13:22,126 [router_scraper] INFO: Scraped 6 devices from router
2026-03-20 15:13:24,206 [router_scraper] INFO: Clicked DHCP Information sidebar item
2026-03-20 15:13:26,257 [router_scraper] INFO: Clicked Device List tab
2026-03-20 15:13:26,400 [router_scraper] INFO: Scraped 6 devices from router
2026-03-20 15:13:34,190 [router_scraper] INFO: Clicked DHCP Information sidebar item
2026-03-20 15:13:36,238 [router_scraper] INFO: Clicked Device List tab
2026-03-20 15:13:36,340 [router_scraper] INFO: Scraped 6 devices from router
2026-03-20 15:13:38,399 [router_scraper] INFO: Clicked DHCP Information sidebar item
2026-03-20 15:13:40,437 [router_scraper] INFO: Clicked Device List tab
2026-03-20 15:13:40,563 [router_scraper] INFO: Scraped 6 devices from router
2026-03-20 15:13:48,403 [router_scraper] INFO: Clicked DHCP Information sidebar item
2026-03-20 15:13:50,457 [router_scraper] INFO: Clicked Device List tab
2026-03-20 15:13:50,594 [router_scraper] INFO: Scraped 6 devices from router
2026-03-20 15:13:52,676 [router_scraper] INFO: Clicked DHCP Information sidebar item
2026-03-20 15:13:54,719 [router_scraper] INFO: Clicked Device List tab
2026-03-20 15:13:54,846 [router_scraper] INFO: Scraped 6 devices from router
2026-03-20 15:14:02,649 [router_scraper] INFO: Clicked DHCP Information sidebar item
2026-03-20 15:14:04,681 [router_scraper] INFO: Clicked Device List tab
2026-03-20 15:14:04,809 [router_scraper] INFO: Scraped 6 devices from router
2026-03-20 15:14:06,897 [router_scraper] INFO: Clicked DHCP Information sidebar item
2026-03-20 15:14:08,933 [router_scraper] INFO: Clicked Device List tab
2026-03-20 15:14:09,090 [router_scraper] INFO: Scraped 6 devices from router
2026-03-20 15:14:16,868 [router_scraper] INFO: Clicked DHCP Information sidebar item
2026-03-20 15:14:18,920 [router_scraper] INFO: Clicked Device List tab
2026-03-20 15:14:19,025 [router_scraper] INFO: Scraped 6 devices from router
2026-03-20 15:14:21,102 [router_scraper] INFO: Clicked DHCP Information sidebar item
2026-03-20 15:14:23,154 [router_scraper] INFO: Clicked Device List tab
2026-03-20 15:14:23,306 [router_scraper] INFO: Scraped 6 devices from router
2026-03-20 15:14:31,082 [router_scraper] INFO: Clicked DHCP Information sidebar item
2026-03-20 15:14:33,114 [router_scraper] INFO: Clicked Device List tab
2026-03-20 15:14:33,224 [router_scraper] INFO: Scraped 6 devices from router
2026-03-20 15:14:35,279 [router_scraper] INFO: Clicked DHCP Information sidebar item
2026-03-20 15:14:37,315 [router_scraper] INFO: Clicked Device List tab
2026-03-20 15:14:37,472 [router_scraper] INFO: Scraped 6 devices from router
2026-03-20 15:14:45,286 [router_scraper] INFO: Clicked DHCP Information sidebar item
2026-03-20 15:14:47,336 [router_scraper] INFO: Clicked Device List tab
2026-03-20 15:14:47,441 [router_scraper] INFO: Scraped 6 devices from router
2026-03-20 15:14:49,519 [router_scraper] INFO: Clicked DHCP Information sidebar item
2026-03-20 15:14:51,569 [router_scraper] INFO: Clicked Device List tab
2026-03-20 15:14:51,693 [router_scraper] INFO: Scraped 6 devices from router
2026-03-20 15:14:59,496 [router_scraper] INFO: Clicked DHCP Information sidebar item
2026-03-20 15:15:01,535 [router_scraper] INFO: Clicked Device List tab
2026-03-20 15:15:01,665 [router_scraper] INFO: Scraped 6 devices from router
2026-03-20 15:15:03,737 [router_scraper] INFO: Clicked DHCP Information sidebar item
2026-03-20 15:15:05,789 [router_scraper] INFO: Clicked Device List tab
2026-03-20 15:15:05,915 [router_scraper] INFO: Scraped 6 devices from router
2026-03-20 15:15:13,734 [router_scraper] INFO: Clicked DHCP Information sidebar item
2026-03-20 15:15:15,787 [router_scraper] INFO: Clicked Device List tab
2026-03-20 15:15:15,890 [router_scraper] INFO: Scraped 6 devices from router
2026-03-20 15:15:17,969 [router_scraper] INFO: Clicked DHCP Information sidebar item
2026-03-20 15:15:20,019 [router_scraper] INFO: Clicked Device List tab
2026-03-20 15:15:20,146 [router_scraper] INFO: Scraped 6 devices from router
2026-03-20 15:15:27,946 [router_scraper] INFO: Clicked DHCP Information sidebar item
2026-03-20 15:15:29,984 [router_scraper] INFO: Clicked Device List tab
2026-03-20 15:15:30,090 [router_scraper] INFO: Scraped 6 devices from router
2026-03-20 15:15:32,144 [router_scraper] INFO: Clicked DHCP Information sidebar item
2026-03-20 15:15:34,183 [router_scraper] INFO: Clicked Device List tab
2026-03-20 15:15:34,336 [router_scraper] INFO: Scraped 6 devices from router
2026-03-20 15:15:42,148 [router_scraper] INFO: Clicked DHCP Information sidebar item
2026-03-20 15:15:44,202 [router_scraper] INFO: Clicked Device List tab
2026-03-20 15:15:44,308 [router_scraper] INFO: Scraped 6 devices from router
2026-03-20 15:15:46,384 [router_scraper] INFO: Clicked DHCP Information sidebar item
2026-03-20 15:15:48,434 [router_scraper] INFO: Clicked Device List tab
2026-03-20 15:15:48,562 [router_scraper] INFO: Scraped 6 devices from router
2026-03-20 15:15:56,385 [router_scraper] INFO: Clicked DHCP Information sidebar item
2026-03-20 15:15:58,433 [router_scraper] INFO: Clicked Device List tab
2026-03-20 15:15:58,537 [router_scraper] INFO: Scraped 6 devices from router
2026-03-20 15:16:00,595 [router_scraper] INFO: Clicked DHCP Information sidebar item
2026-03-20 15:16:02,630 [router_scraper] INFO: Clicked Device List tab
2026-03-20 15:16:02,757 [router_scraper] INFO: Scraped 6 devices from router
2026-03-20 15:16:10,597 [router_scraper] INFO: Clicked DHCP Information sidebar item
2026-03-20 15:16:12,630 [router_scraper] INFO: Clicked Device List tab
2026-03-20 15:16:12,761 [router_scraper] INFO: Scraped 6 devices from router
2026-03-20 15:16:14,833 [router_scraper] INFO: Clicked DHCP Information sidebar item
2026-03-20 15:16:16,885 [router_scraper] INFO: Clicked Device List tab
2026-03-20 15:16:17,011 [router_scraper] INFO: Scraped 6 devices from router
2026-03-20 15:16:24,811 [router_scraper] INFO: Clicked DHCP Information sidebar item
2026-03-20 15:16:26,848 [router_scraper] INFO: Clicked Device List tab
2026-03-20 15:16:26,953 [router_scraper] INFO: Scraped 6 devices from router
2026-03-20 15:16:29,013 [router_scraper] INFO: Clicked DHCP Information sidebar item
2026-03-20 15:16:31,044 [router_scraper] INFO: Clicked Device List tab
2026-03-20 15:16:31,172 [router_scraper] INFO: Scraped 6 devices from router
2026-03-20 15:16:39,017 [router_scraper] INFO: Clicked DHCP Information sidebar item
2026-03-20 15:16:41,068 [router_scraper] INFO: Clicked Device List tab
2026-03-20 15:16:41,174 [router_scraper] INFO: Scraped 6 devices from router
2026-03-20 15:16:43,252 [router_scraper] INFO: Clicked DHCP Information sidebar item
2026-03-20 15:16:45,302 [router_scraper] INFO: Clicked Device List tab
2026-03-20 15:16:45,478 [router_scraper] INFO: Scraped 6 devices from router
2026-03-20 15:16:53,227 [router_scraper] INFO: Clicked DHCP Information sidebar item
2026-03-20 15:16:55,266 [router_scraper] INFO: Clicked Device List tab
2026-03-20 15:16:55,371 [router_scraper] INFO: Scraped 6 devices from router
2026-03-20 15:16:57,466 [router_scraper] INFO: Clicked DHCP Information sidebar item
2026-03-20 15:16:59,517 [router_scraper] INFO: Clicked Device List tab
2026-03-20 15:16:59,641 [router_scraper] INFO: Scraped 6 devices from router
2026-03-20 15:17:07,431 [router_scraper] INFO: Clicked DHCP Information sidebar item
2026-03-20 15:17:09,481 [router_scraper] INFO: Clicked Device List tab
2026-03-20 15:17:09,586 [router_scraper] INFO: Scraped 6 devices from router
2026-03-20 15:17:11,643 [router_scraper] INFO: Clicked DHCP Information sidebar item
2026-03-20 15:17:13,675 [router_scraper] INFO: Clicked Device List tab
2026-03-20 15:17:13,799 [router_scraper] INFO: Scraped 6 devices from router
2026-03-20 15:17:21,646 [router_scraper] INFO: Clicked DHCP Information sidebar item
2026-03-20 15:17:23,674 [router_scraper] INFO: Clicked Device List tab
2026-03-20 15:17:23,811 [router_scraper] INFO: Scraped 6 devices from router
2026-03-20 15:17:25,879 [router_scraper] INFO: Clicked DHCP Information sidebar item
2026-03-20 15:17:27,932 [router_scraper] INFO: Clicked Device List tab
2026-03-20 15:17:28,057 [router_scraper] INFO: Scraped 6 devices from router
2026-03-20 15:17:35,881 [router_scraper] INFO: Clicked DHCP Information sidebar item
2026-03-20 15:17:37,932 [router_scraper] INFO: Clicked Device List tab
2026-03-20 15:17:38,036 [router_scraper] INFO: Scraped 6 devices from router
2026-03-20 15:17:40,092 [router_scraper] INFO: Clicked DHCP Information sidebar item
2026-03-20 15:17:42,136 [router_scraper] INFO: Clicked Device List tab
2026-03-20 15:17:42,261 [router_scraper] INFO: Scraped 6 devices from router
2026-03-20 15:17:50,097 [router_scraper] INFO: Clicked DHCP Information sidebar item
2026-03-20 15:17:52,144 [router_scraper] INFO: Clicked Device List tab
2026-03-20 15:17:52,248 [router_scraper] INFO: Scraped 6 devices from router
2026-03-20 15:17:54,315 [router_scraper] INFO: Clicked DHCP Information sidebar item
2026-03-20 15:17:56,366 [router_scraper] INFO: Clicked Device List tab
2026-03-20 15:17:56,492 [router_scraper] INFO: Scraped 6 devices from router
2026-03-20 15:18:04,314 [router_scraper] INFO: Clicked DHCP Information sidebar item
2026-03-20 15:18:06,367 [router_scraper] INFO: Clicked Device List tab
2026-03-20 15:18:06,504 [router_scraper] INFO: Scraped 6 devices from router
2026-03-20 15:18:08,582 [router_scraper] INFO: Clicked DHCP Information sidebar item
2026-03-20 15:18:10,628 [router_scraper] INFO: Clicked Device List tab
2026-03-20 15:18:10,755 [router_scraper] INFO: Scraped 6 devices from router
2026-03-20 15:18:18,565 [router_scraper] INFO: Clicked DHCP Information sidebar item
2026-03-20 15:18:20,612 [router_scraper] INFO: Clicked Device List tab
2026-03-20 15:18:20,715 [router_scraper] INFO: Scraped 6 devices from router
2026-03-20 15:18:22,781 [router_scraper] INFO: Clicked DHCP Information sidebar item
2026-03-20 15:18:24,833 [router_scraper] INFO: Clicked Device List tab
2026-03-20 15:18:24,987 [router_scraper] INFO: Scraped 6 devices from router
2026-03-20 15:18:32,780 [router_scraper] INFO: Clicked DHCP Information sidebar item
2026-03-20 15:18:34,831 [router_scraper] INFO: Clicked Device List tab
2026-03-20 15:18:34,936 [router_scraper] INFO: Scraped 6 devices from router
2026-03-20 15:18:37,017 [router_scraper] INFO: Clicked DHCP Information sidebar item
2026-03-20 15:18:39,062 [router_scraper] INFO: Clicked Device List tab
2026-03-20 15:18:39,189 [router_scraper] INFO: Scraped 6 devices from router
2026-03-20 15:18:46,992 [router_scraper] INFO: Clicked DHCP Information sidebar item
2026-03-20 15:18:49,027 [router_scraper] INFO: Clicked Device List tab
2026-03-20 15:18:49,133 [router_scraper] INFO: Scraped 6 devices from router
2026-03-20 15:18:51,193 [router_scraper] INFO: Clicked DHCP Information sidebar item
2026-03-20 15:18:53,224 [router_scraper] INFO: Clicked Device List tab
2026-03-20 15:18:53,349 [router_scraper] INFO: Scraped 6 devices from router
2026-03-20 15:19:01,196 [router_scraper] INFO: Clicked DHCP Information sidebar item
2026-03-20 15:19:03,245 [router_scraper] INFO: Clicked Device List tab
2026-03-20 15:19:03,377 [router_scraper] INFO: Scraped 6 devices from router
2026-03-20 15:19:05,446 [router_scraper] INFO: Clicked DHCP Information sidebar item
2026-03-20 15:19:07,496 [router_scraper] INFO: Clicked Device List tab
2026-03-20 15:19:07,623 [router_scraper] INFO: Scraped 6 devices from router
2026-03-20 15:19:15,444 [router_scraper] INFO: Clicked DHCP Information sidebar item
2026-03-20 15:19:17,496 [router_scraper] INFO: Clicked Device List tab
2026-03-20 15:19:17,634 [router_scraper] INFO: Scraped 6 devices from router
2026-03-20 15:19:19,724 [router_scraper] INFO: Clicked DHCP Information sidebar item
2026-03-20 15:19:21,763 [router_scraper] INFO: Clicked Device List tab
2026-03-20 15:19:21,875 [router_scraper] INFO: Scraped 5 devices from router
2026-03-20 15:19:29,695 [router_scraper] INFO: Clicked DHCP Information sidebar item
2026-03-20 15:19:31,744 [router_scraper] INFO: Clicked Device List tab
2026-03-20 15:19:31,839 [router_scraper] INFO: Scraped 5 devices from router
2026-03-20 15:19:33,914 [router_scraper] INFO: Clicked DHCP Information sidebar item
2026-03-20 15:19:35,966 [router_scraper] INFO: Clicked Device List tab
2026-03-20 15:19:36,106 [router_scraper] INFO: Scraped 5 devices from router
2026-03-20 15:19:43,891 [router_scraper] INFO: Clicked DHCP Information sidebar item
2026-03-20 15:19:45,920 [router_scraper] INFO: Clicked Device List tab
2026-03-20 15:19:46,025 [router_scraper] INFO: Scraped 6 devices from router
2026-03-20 15:19:48,097 [router_scraper] INFO: Clicked DHCP Information sidebar item
2026-03-20 15:19:50,147 [router_scraper] INFO: Clicked Device List tab
2026-03-20 15:19:50,273 [router_scraper] INFO: Scraped 6 devices from router
2026-03-20 15:19:58,094 [router_scraper] INFO: Clicked DHCP Information sidebar item
2026-03-20 15:20:00,144 [router_scraper] INFO: Clicked Device List tab
2026-03-20 15:20:00,249 [router_scraper] INFO: Scraped 6 devices from router
2026-03-20 15:20:02,329 [router_scraper] INFO: Clicked DHCP Information sidebar item
2026-03-20 15:20:04,379 [router_scraper] INFO: Clicked Device List tab
2026-03-20 15:20:04,508 [router_scraper] INFO: Scraped 6 devices from router
2026-03-20 15:20:12,313 [router_scraper] INFO: Clicked DHCP Information sidebar item
2026-03-20 15:20:14,361 [router_scraper] INFO: Clicked Device List tab
2026-03-20 15:20:14,494 [router_scraper] INFO: Scraped 6 devices from router
2026-03-20 15:20:16,587 [router_scraper] INFO: Clicked DHCP Information sidebar item
2026-03-20 15:20:18,629 [router_scraper] INFO: Clicked Device List tab
2026-03-20 15:20:18,754 [router_scraper] INFO: Scraped 6 devices from router
2026-03-20 15:20:26,559 [router_scraper] INFO: Clicked DHCP Information sidebar item
2026-03-20 15:20:28,610 [router_scraper] INFO: Clicked Device List tab
2026-03-20 15:20:28,701 [router_scraper] INFO: Scraped 5 devices from router
2026-03-20 15:20:30,779 [router_scraper] INFO: Clicked DHCP Information sidebar item
2026-03-20 15:20:32,827 [router_scraper] INFO: Clicked Device List tab
2026-03-20 15:20:32,937 [router_scraper] INFO: Scraped 5 devices from router
2026-03-20 15:20:40,756 [router_scraper] INFO: Clicked DHCP Information sidebar item
2026-03-20 15:20:42,795 [router_scraper] INFO: Clicked Device List tab
2026-03-20 15:20:42,888 [router_scraper] INFO: Scraped 5 devices from router
2026-03-20 15:20:44,961 [router_scraper] INFO: Clicked DHCP Information sidebar item
2026-03-20 15:20:47,011 [router_scraper] INFO: Clicked Device List tab
2026-03-20 15:20:47,121 [router_scraper] INFO: Scraped 5 devices from router
2026-03-20 15:20:54,960 [router_scraper] INFO: Clicked DHCP Information sidebar item
2026-03-20 15:20:57,010 [router_scraper] INFO: Clicked Device List tab
2026-03-20 15:20:57,103 [router_scraper] INFO: Scraped 5 devices from router
2026-03-20 15:20:59,176 [router_scraper] INFO: Clicked DHCP Information sidebar item
2026-03-20 15:21:01,228 [router_scraper] INFO: Clicked Device List tab
2026-03-20 15:21:01,338 [router_scraper] INFO: Scraped 5 devices from router
2026-03-20 15:21:09,153 [router_scraper] INFO: Clicked DHCP Information sidebar item
2026-03-20 15:21:11,191 [router_scraper] INFO: Clicked Device List tab
2026-03-20 15:21:11,284 [router_scraper] INFO: Scraped 5 devices from router
2026-03-20 15:21:13,359 [router_scraper] INFO: Clicked DHCP Information sidebar item
2026-03-20 15:21:15,410 [router_scraper] INFO: Clicked Device List tab
2026-03-20 15:21:15,522 [router_scraper] INFO: Scraped 5 devices from router
2026-03-20 15:21:23,338 [router_scraper] INFO: Clicked DHCP Information sidebar item
2026-03-20 15:21:25,371 [router_scraper] INFO: Clicked Device List tab
2026-03-20 15:21:25,466 [router_scraper] INFO: Scraped 5 devices from router
2026-03-20 15:21:27,546 [router_scraper] INFO: Clicked DHCP Information sidebar item
2026-03-20 15:21:29,588 [router_scraper] INFO: Clicked Device List tab
2026-03-20 15:21:29,700 [router_scraper] INFO: Scraped 5 devices from router
2026-03-20 15:21:37,520 [router_scraper] INFO: Clicked DHCP Information sidebar item
2026-03-20 15:21:39,556 [router_scraper] INFO: Clicked Device List tab
2026-03-20 15:21:39,648 [router_scraper] INFO: Scraped 5 devices from router
2026-03-20 15:21:41,702 [router_scraper] INFO: Clicked DHCP Information sidebar item
2026-03-20 15:21:43,739 [router_scraper] INFO: Clicked Device List tab
2026-03-20 15:21:43,848 [router_scraper] INFO: Scraped 5 devices from router
2026-03-20 15:21:51,701 [router_scraper] INFO: Clicked DHCP Information sidebar item
2026-03-20 15:21:53,739 [router_scraper] INFO: Clicked Device List tab
2026-03-20 15:21:53,837 [router_scraper] INFO: Scraped 5 devices from router
2026-03-20 15:21:55,911 [router_scraper] INFO: Clicked DHCP Information sidebar item
2026-03-20 15:21:57,961 [router_scraper] INFO: Clicked Device List tab
2026-03-20 15:21:58,100 [router_scraper] INFO: Scraped 5 devices from router
2026-03-20 15:22:05,908 [router_scraper] INFO: Clicked DHCP Information sidebar item
2026-03-20 15:22:07,960 [router_scraper] INFO: Clicked Device List tab
2026-03-20 15:22:08,052 [router_scraper] INFO: Scraped 5 devices from router
2026-03-20 15:22:10,127 [router_scraper] INFO: Clicked DHCP Information sidebar item
2026-03-20 15:22:12,177 [router_scraper] INFO: Clicked Device List tab
2026-03-20 15:22:12,289 [router_scraper] INFO: Scraped 5 devices from router
2026-03-20 15:22:20,124 [router_scraper] INFO: Clicked DHCP Information sidebar item
2026-03-20 15:22:22,173 [router_scraper] INFO: Clicked Device List tab
2026-03-20 15:22:22,264 [router_scraper] INFO: Scraped 5 devices from router
2026-03-20 15:22:24,343 [router_scraper] INFO: Clicked DHCP Information sidebar item
2026-03-20 15:22:26,423 [router_scraper] INFO: Clicked Device List tab
2026-03-20 15:22:26,534 [router_scraper] INFO: Scraped 5 devices from router
2026-03-20 15:22:34,318 [router_scraper] INFO: Clicked DHCP Information sidebar item
2026-03-20 15:22:36,354 [router_scraper] INFO: Clicked Device List tab
2026-03-20 15:22:36,447 [router_scraper] INFO: Scraped 5 devices from router
2026-03-20 15:22:38,541 [router_scraper] INFO: Clicked DHCP Information sidebar item
2026-03-20 15:22:40,594 [router_scraper] INFO: Clicked Device List tab
2026-03-20 15:22:40,705 [router_scraper] INFO: Scraped 5 devices from router
2026-03-20 15:22:48,504 [router_scraper] INFO: Clicked DHCP Information sidebar item
2026-03-20 15:22:50,535 [router_scraper] INFO: Clicked Device List tab
2026-03-20 15:22:50,628 [router_scraper] INFO: Scraped 5 devices from router
2026-03-20 15:22:52,686 [router_scraper] INFO: Clicked DHCP Information sidebar item
2026-03-20 15:22:54,723 [router_scraper] INFO: Clicked Device List tab
2026-03-20 15:22:54,832 [router_scraper] INFO: Scraped 5 devices from router
2026-03-20 15:23:02,690 [router_scraper] INFO: Clicked DHCP Information sidebar item
2026-03-20 15:23:04,737 [router_scraper] INFO: Clicked Device List tab
2026-03-20 15:23:04,830 [router_scraper] INFO: Scraped 5 devices from router
2026-03-20 15:23:06,909 [router_scraper] INFO: Clicked DHCP Information sidebar item
2026-03-20 15:23:08,959 [router_scraper] INFO: Clicked Device List tab
2026-03-20 15:23:09,070 [router_scraper] INFO: Scraped 5 devices from router
2026-03-20 15:23:16,883 [router_scraper] INFO: Clicked DHCP Information sidebar item
2026-03-20 15:23:18,919 [router_scraper] INFO: Clicked Device List tab
2026-03-20 15:23:19,010 [router_scraper] INFO: Scraped 5 devices from router
2026-03-20 15:23:21,068 [router_scraper] INFO: Clicked DHCP Information sidebar item
2026-03-20 15:23:23,105 [router_scraper] INFO: Clicked Device List tab
2026-03-20 15:23:23,216 [router_scraper] INFO: Scraped 5 devices from router
2026-03-20 15:23:31,077 [router_scraper] INFO: Clicked DHCP Information sidebar item
2026-03-20 15:23:33,120 [router_scraper] INFO: Clicked Device List tab
2026-03-20 15:23:33,213 [router_scraper] INFO: Scraped 5 devices from router
2026-03-20 15:23:35,266 [router_scraper] INFO: Clicked DHCP Information sidebar item
2026-03-20 15:23:37,301 [router_scraper] INFO: Clicked Device List tab
2026-03-20 15:23:37,412 [router_scraper] INFO: Scraped 5 devices from router
2026-03-20 15:23:45,273 [router_scraper] INFO: Clicked DHCP Information sidebar item
2026-03-20 15:23:47,323 [router_scraper] INFO: Clicked Device List tab
2026-03-20 15:23:47,417 [router_scraper] INFO: Scraped 5 devices from router
2026-03-20 15:23:49,541 [router_scraper] INFO: Clicked DHCP Information sidebar item
2026-03-20 15:23:51,598 [router_scraper] INFO: Clicked Device List tab
2026-03-20 15:23:51,711 [router_scraper] INFO: Scraped 5 devices from router
2026-03-20 15:23:59,489 [router_scraper] INFO: Clicked DHCP Information sidebar item
2026-03-20 15:24:01,538 [router_scraper] INFO: Clicked Device List tab
2026-03-20 15:24:01,632 [router_scraper] INFO: Scraped 5 devices from router
2026-03-20 15:24:03,723 [router_scraper] INFO: Clicked DHCP Information sidebar item
2026-03-20 15:24:05,777 [router_scraper] INFO: Clicked Device List tab
2026-03-20 15:24:05,888 [router_scraper] INFO: Scraped 5 devices from router
2026-03-20 15:24:13,683 [router_scraper] INFO: Clicked DHCP Information sidebar item
2026-03-20 15:24:15,717 [router_scraper] INFO: Clicked Device List tab
2026-03-20 15:24:15,856 [router_scraper] INFO: Scraped 5 devices from router
2026-03-20 15:24:17,934 [router_scraper] INFO: Clicked DHCP Information sidebar item
2026-03-20 15:24:19,983 [router_scraper] INFO: Clicked Device List tab
2026-03-20 15:24:20,092 [router_scraper] INFO: Scraped 5 devices from router
2026-03-20 15:24:27,924 [router_scraper] INFO: Clicked DHCP Information sidebar item
2026-03-20 15:24:29,973 [router_scraper] INFO: Clicked Device List tab
2026-03-20 15:24:30,068 [router_scraper] INFO: Scraped 5 devices from router
2026-03-20 15:24:32,141 [router_scraper] INFO: Clicked DHCP Information sidebar item
2026-03-20 15:24:34,191 [router_scraper] INFO: Clicked Device List tab
2026-03-20 15:24:34,301 [router_scraper] INFO: Scraped 5 devices from router
2026-03-20 15:24:42,138 [router_scraper] INFO: Clicked DHCP Information sidebar item
2026-03-20 15:24:44,188 [router_scraper] INFO: Clicked Device List tab
2026-03-20 15:24:44,279 [router_scraper] INFO: Scraped 5 devices from router
2026-03-20 15:24:46,352 [router_scraper] INFO: Clicked DHCP Information sidebar item
2026-03-20 15:24:48,381 [router_scraper] INFO: Clicked Device List tab
2026-03-20 15:24:48,492 [router_scraper] INFO: Scraped 5 devices from router
2026-03-20 15:24:56,342 [router_scraper] INFO: Clicked DHCP Information sidebar item
2026-03-20 15:24:58,388 [router_scraper] INFO: Clicked Device List tab
2026-03-20 15:24:58,508 [router_scraper] INFO: Scraped 5 devices from router
2026-03-20 15:25:00,567 [router_scraper] INFO: Clicked DHCP Information sidebar item
2026-03-20 15:25:02,598 [router_scraper] INFO: Clicked Device List tab
2026-03-20 15:25:02,709 [router_scraper] INFO: Scraped 5 devices from router
2026-03-20 15:25:10,569 [router_scraper] INFO: Clicked DHCP Information sidebar item
2026-03-20 15:25:12,622 [router_scraper] INFO: Clicked Device List tab
2026-03-20 15:25:12,715 [router_scraper] INFO: Scraped 5 devices from router
2026-03-20 15:25:14,787 [router_scraper] INFO: Clicked DHCP Information sidebar item
2026-03-20 15:25:16,839 [router_scraper] INFO: Clicked Device List tab
2026-03-20 15:25:16,949 [router_scraper] INFO: Scraped 5 devices from router
2026-03-20 15:25:24,765 [router_scraper] INFO: Clicked DHCP Information sidebar item
2026-03-20 15:25:26,800 [router_scraper] INFO: Clicked Device List tab
2026-03-20 15:25:26,893 [router_scraper] INFO: Scraped 5 devices from router
2026-03-20 15:25:28,950 [router_scraper] INFO: Clicked DHCP Information sidebar item
2026-03-20 15:25:30,985 [router_scraper] INFO: Clicked Device List tab
2026-03-20 15:25:31,096 [router_scraper] INFO: Scraped 5 devices from router
2026-03-20 15:25:38,986 [router_scraper] INFO: Clicked DHCP Information sidebar item
2026-03-20 15:25:41,030 [router_scraper] INFO: Clicked Device List tab
2026-03-20 15:25:41,156 [router_scraper] INFO: Scraped 5 devices from router
2026-03-20 15:25:43,230 [router_scraper] INFO: Clicked DHCP Information sidebar item
2026-03-20 15:25:45,281 [router_scraper] INFO: Clicked Device List tab
2026-03-20 15:25:45,396 [router_scraper] INFO: Scraped 5 devices from router
2026-03-20 15:25:53,232 [router_scraper] INFO: Clicked DHCP Information sidebar item
2026-03-20 15:25:55,283 [router_scraper] INFO: Clicked Device List tab
2026-03-20 15:25:55,376 [router_scraper] INFO: Scraped 5 devices from router
2026-03-20 15:25:57,446 [router_scraper] INFO: Clicked DHCP Information sidebar item
2026-03-20 15:25:59,500 [router_scraper] INFO: Clicked Device List tab
2026-03-20 15:25:59,611 [router_scraper] INFO: Scraped 5 devices from router
2026-03-20 15:26:07,447 [router_scraper] INFO: Clicked DHCP Information sidebar item
2026-03-20 15:26:09,497 [router_scraper] INFO: Clicked Device List tab
2026-03-20 15:26:09,592 [router_scraper] INFO: Scraped 5 devices from router
2026-03-20 15:26:11,668 [router_scraper] INFO: Clicked DHCP Information sidebar item
2026-03-20 15:26:13,717 [router_scraper] INFO: Clicked Device List tab
2026-03-20 15:26:13,826 [router_scraper] INFO: Scraped 5 devices from router
2026-03-20 15:26:21,643 [router_scraper] INFO: Clicked DHCP Information sidebar item
2026-03-20 15:26:23,683 [router_scraper] INFO: Clicked Device List tab
2026-03-20 15:26:23,775 [router_scraper] INFO: Scraped 5 devices from router
2026-03-20 15:26:25,852 [router_scraper] INFO: Clicked DHCP Information sidebar item
2026-03-20 15:26:27,898 [router_scraper] INFO: Clicked Device List tab
2026-03-20 15:26:28,008 [router_scraper] INFO: Scraped 5 devices from router
2026-03-20 15:26:35,848 [router_scraper] INFO: Clicked DHCP Information sidebar item
2026-03-20 15:26:37,899 [router_scraper] INFO: Clicked Device List tab
2026-03-20 15:26:37,991 [router_scraper] INFO: Scraped 5 devices from router
2026-03-20 15:26:40,066 [router_scraper] INFO: Clicked DHCP Information sidebar item
2026-03-20 15:26:42,119 [router_scraper] INFO: Clicked Device List tab
2026-03-20 15:26:42,229 [router_scraper] INFO: Scraped 5 devices from router
2026-03-20 15:26:50,043 [router_scraper] INFO: Clicked DHCP Information sidebar item
2026-03-20 15:26:52,078 [router_scraper] INFO: Clicked Device List tab
2026-03-20 15:26:52,170 [router_scraper] INFO: Scraped 5 devices from router
2026-03-20 15:26:54,226 [router_scraper] INFO: Clicked DHCP Information sidebar item
2026-03-20 15:26:56,257 [router_scraper] INFO: Clicked Device List tab
2026-03-20 15:26:56,367 [router_scraper] INFO: Scraped 5 devices from router
2026-03-20 15:27:04,232 [router_scraper] INFO: Clicked DHCP Information sidebar item
2026-03-20 15:27:06,282 [router_scraper] INFO: Clicked Device List tab
2026-03-20 15:27:06,375 [router_scraper] INFO: Scraped 5 devices from router
2026-03-20 15:27:08,449 [router_scraper] INFO: Clicked DHCP Information sidebar item
2026-03-20 15:27:10,503 [router_scraper] INFO: Clicked Device List tab
2026-03-20 15:27:10,615 [router_scraper] INFO: Scraped 5 devices from router
2026-03-20 15:27:18,426 [router_scraper] INFO: Clicked DHCP Information sidebar item
2026-03-20 15:27:20,466 [router_scraper] INFO: Clicked Device List tab
2026-03-20 15:27:20,560 [router_scraper] INFO: Scraped 5 devices from router
2026-03-20 15:27:22,624 [router_scraper] INFO: Clicked DHCP Information sidebar item
2026-03-20 15:27:24,667 [router_scraper] INFO: Clicked Device List tab
2026-03-20 15:27:24,804 [router_scraper] INFO: Scraped 5 devices from router
2026-03-20 15:27:32,629 [router_scraper] INFO: Clicked DHCP Information sidebar item
2026-03-20 15:27:34,682 [router_scraper] INFO: Clicked Device List tab
2026-03-20 15:27:34,777 [router_scraper] INFO: Scraped 5 devices from router
2026-03-20 15:27:36,850 [router_scraper] INFO: Clicked DHCP Information sidebar item
2026-03-20 15:27:38,900 [router_scraper] INFO: Clicked Device List tab
2026-03-20 15:27:39,016 [router_scraper] INFO: Scraped 5 devices from router
2026-03-20 15:27:46,850 [router_scraper] INFO: Clicked DHCP Information sidebar item
2026-03-20 15:27:48,897 [router_scraper] INFO: Clicked Device List tab
2026-03-20 15:27:48,993 [router_scraper] INFO: Scraped 5 devices from router
2026-03-20 15:27:51,065 [router_scraper] INFO: Clicked DHCP Information sidebar item
2026-03-20 15:27:53,116 [router_scraper] INFO: Clicked Device List tab
2026-03-20 15:27:53,242 [router_scraper] INFO: Scraped 5 devices from router
2026-03-20 15:28:01,063 [router_scraper] INFO: Clicked DHCP Information sidebar item
2026-03-20 15:28:03,113 [router_scraper] INFO: Clicked Device List tab
2026-03-20 15:28:03,205 [router_scraper] INFO: Scraped 5 devices from router
2026-03-20 15:28:05,323 [router_scraper] INFO: Clicked DHCP Information sidebar item
2026-03-20 15:28:07,358 [router_scraper] INFO: Clicked Device List tab
2026-03-20 15:28:07,468 [router_scraper] INFO: Scraped 5 devices from router
2026-03-20 15:28:15,263 [router_scraper] INFO: Clicked DHCP Information sidebar item
2026-03-20 15:28:17,313 [router_scraper] INFO: Clicked Device List tab
2026-03-20 15:28:17,406 [router_scraper] INFO: Scraped 5 devices from router
2026-03-20 15:28:19,481 [router_scraper] INFO: Clicked DHCP Information sidebar item
2026-03-20 15:28:21,529 [router_scraper] INFO: Clicked Device List tab
2026-03-20 15:28:21,639 [router_scraper] INFO: Scraped 5 devices from router
2026-03-20 15:28:29,459 [router_scraper] INFO: Clicked DHCP Information sidebar item
2026-03-20 15:28:31,492 [router_scraper] INFO: Clicked Device List tab
2026-03-20 15:28:31,586 [router_scraper] INFO: Scraped 5 devices from router
2026-03-20 15:28:33,665 [router_scraper] INFO: Clicked DHCP Information sidebar item
2026-03-20 15:28:35,713 [router_scraper] INFO: Clicked Device List tab
2026-03-20 15:28:35,823 [router_scraper] INFO: Scraped 5 devices from router
2026-03-20 15:28:43,642 [router_scraper] INFO: Clicked DHCP Information sidebar item
2026-03-20 15:28:45,674 [router_scraper] INFO: Clicked Device List tab
2026-03-20 15:28:45,767 [router_scraper] INFO: Scraped 5 devices from router
2026-03-20 15:28:47,848 [router_scraper] INFO: Clicked DHCP Information sidebar item
2026-03-20 15:28:49,895 [router_scraper] INFO: Clicked Device List tab
2026-03-20 15:28:50,006 [router_scraper] INFO: Scraped 5 devices from router
2026-03-20 15:28:57,824 [router_scraper] INFO: Clicked DHCP Information sidebar item
2026-03-20 15:28:59,859 [router_scraper] INFO: Clicked Device List tab
2026-03-20 15:28:59,952 [router_scraper] INFO: Scraped 5 devices from router
2026-03-20 15:29:02,026 [router_scraper] INFO: Clicked DHCP Information sidebar item
2026-03-20 15:29:04,098 [router_scraper] INFO: Clicked Device List tab
2026-03-20 15:29:04,240 [router_scraper] INFO: Scraped 5 devices from router
2026-03-20 15:29:12,010 [router_scraper] INFO: Clicked DHCP Information sidebar item
2026-03-20 15:29:14,038 [router_scraper] INFO: Clicked Device List tab
2026-03-20 15:29:14,131 [router_scraper] INFO: Scraped 5 devices from router
2026-03-20 15:29:16,192 [router_scraper] INFO: Clicked DHCP Information sidebar item
2026-03-20 15:29:18,265 [router_scraper] INFO: Clicked Device List tab
2026-03-20 15:29:18,375 [router_scraper] INFO: Scraped 5 devices from router
2026-03-20 15:29:26,193 [router_scraper] INFO: Clicked DHCP Information sidebar item
2026-03-20 15:29:28,240 [router_scraper] INFO: Clicked Device List tab
2026-03-20 15:29:28,332 [router_scraper] INFO: Scraped 5 devices from router
2026-03-20 15:29:30,393 [router_scraper] INFO: Clicked DHCP Information sidebar item
2026-03-20 15:29:32,448 [router_scraper] INFO: Clicked Device List tab
2026-03-20 15:29:32,560 [router_scraper] INFO: Scraped 5 devices from router
2026-03-20 15:29:40,393 [router_scraper] INFO: Clicked DHCP Information sidebar item
2026-03-20 15:29:42,446 [router_scraper] INFO: Clicked Device List tab
2026-03-20 15:29:42,539 [router_scraper] INFO: Scraped 5 devices from router
2026-03-20 15:29:44,615 [router_scraper] INFO: Clicked DHCP Information sidebar item
2026-03-20 15:29:46,662 [router_scraper] INFO: Clicked Device List tab
2026-03-20 15:29:46,772 [router_scraper] INFO: Scraped 5 devices from router
2026-03-20 15:29:54,610 [router_scraper] INFO: Clicked DHCP Information sidebar item
2026-03-20 15:29:56,660 [router_scraper] INFO: Clicked Device List tab
2026-03-20 15:29:56,751 [router_scraper] INFO: Scraped 5 devices from router
2026-03-20 15:29:58,829 [router_scraper] INFO: Clicked DHCP Information sidebar item
2026-03-20 15:30:00,882 [router_scraper] INFO: Clicked Device List tab
2026-03-20 15:30:00,993 [router_scraper] INFO: Scraped 5 devices from router
2026-03-20 15:30:08,809 [router_scraper] INFO: Clicked DHCP Information sidebar item
2026-03-20 15:30:10,838 [router_scraper] INFO: Clicked Device List tab
2026-03-20 15:30:10,931 [router_scraper] INFO: Scraped 5 devices from router
2026-03-20 15:30:12,988 [router_scraper] INFO: Clicked DHCP Information sidebar item
2026-03-20 15:30:15,023 [router_scraper] INFO: Clicked Device List tab
2026-03-20 15:30:15,132 [router_scraper] INFO: Scraped 5 devices from router
2026-03-20 15:30:22,993 [router_scraper] INFO: Clicked DHCP Information sidebar item
2026-03-20 15:30:25,044 [router_scraper] INFO: Clicked Device List tab
2026-03-20 15:30:25,136 [router_scraper] INFO: Scraped 5 devices from router
2026-03-20 15:30:27,210 [router_scraper] INFO: Clicked DHCP Information sidebar item
2026-03-20 15:30:29,261 [router_scraper] INFO: Clicked Device List tab
2026-03-20 15:30:29,401 [router_scraper] INFO: Scraped 5 devices from router
2026-03-20 15:30:37,187 [router_scraper] INFO: Clicked DHCP Information sidebar item
2026-03-20 15:30:39,226 [router_scraper] INFO: Clicked Device List tab
2026-03-20 15:30:39,317 [router_scraper] INFO: Scraped 5 devices from router
2026-03-20 15:30:41,371 [router_scraper] INFO: Clicked DHCP Information sidebar item
2026-03-20 15:30:43,408 [router_scraper] INFO: Clicked Device List tab
2026-03-20 15:30:43,520 [router_scraper] INFO: Scraped 5 devices from router
2026-03-20 15:30:51,371 [router_scraper] INFO: Clicked DHCP Information sidebar item
2026-03-20 15:30:53,408 [router_scraper] INFO: Clicked Device List tab
2026-03-20 15:30:53,501 [router_scraper] INFO: Scraped 5 devices from router
2026-03-20 15:30:55,579 [router_scraper] INFO: Clicked DHCP Information sidebar item
2026-03-20 15:30:57,626 [router_scraper] INFO: Clicked Device List tab
2026-03-20 15:30:57,738 [router_scraper] INFO: Scraped 5 devices from router
2026-03-20 15:31:05,551 [router_scraper] INFO: Clicked DHCP Information sidebar item
2026-03-20 15:31:07,595 [router_scraper] INFO: Clicked Device List tab
2026-03-20 15:31:07,686 [router_scraper] INFO: Scraped 5 devices from router
2026-03-20 15:31:09,760 [router_scraper] INFO: Clicked DHCP Information sidebar item
2026-03-20 15:31:11,809 [router_scraper] INFO: Clicked Device List tab
2026-03-20 15:31:11,922 [router_scraper] INFO: Scraped 5 devices from router
2026-03-20 15:31:19,737 [router_scraper] INFO: Clicked DHCP Information sidebar item
2026-03-20 15:31:21,774 [router_scraper] INFO: Clicked Device List tab
2026-03-20 15:31:21,867 [router_scraper] INFO: Scraped 5 devices from router
2026-03-20 15:31:23,946 [router_scraper] INFO: Clicked DHCP Information sidebar item
2026-03-20 15:31:25,994 [router_scraper] INFO: Clicked Device List tab
2026-03-20 15:31:26,108 [router_scraper] INFO: Scraped 5 devices from router
2026-03-20 15:31:33,922 [router_scraper] INFO: Clicked DHCP Information sidebar item
2026-03-20 15:31:35,955 [router_scraper] INFO: Clicked Device List tab
2026-03-20 15:31:36,048 [router_scraper] INFO: Scraped 5 devices from router
2026-03-20 15:31:38,124 [router_scraper] INFO: Clicked DHCP Information sidebar item
2026-03-20 15:31:40,175 [router_scraper] INFO: Clicked Device List tab
2026-03-20 15:31:40,328 [router_scraper] INFO: Scraped 5 devices from router
2026-03-20 15:31:48,104 [router_scraper] INFO: Clicked DHCP Information sidebar item
2026-03-20 15:31:50,140 [router_scraper] INFO: Clicked Device List tab
2026-03-20 15:31:50,233 [router_scraper] INFO: Scraped 5 devices from router
2026-03-20 15:31:52,309 [router_scraper] INFO: Clicked DHCP Information sidebar item
2026-03-20 15:31:54,359 [router_scraper] INFO: Clicked Device List tab
2026-03-20 15:31:54,469 [router_scraper] INFO: Scraped 5 devices from router
2026-03-20 15:32:02,286 [router_scraper] INFO: Clicked DHCP Information sidebar item
2026-03-20 15:32:04,320 [router_scraper] INFO: Clicked Device List tab
2026-03-20 15:32:04,413 [router_scraper] INFO: Scraped 5 devices from router
2026-03-20 15:32:06,470 [router_scraper] INFO: Clicked DHCP Information sidebar item
2026-03-20 15:32:08,509 [router_scraper] INFO: Clicked Device List tab
2026-03-20 15:32:08,621 [router_scraper] INFO: Scraped 5 devices from router
2026-03-20 15:32:16,469 [router_scraper] INFO: Clicked DHCP Information sidebar item
2026-03-20 15:32:18,502 [router_scraper] INFO: Clicked Device List tab
2026-03-20 15:32:18,622 [router_scraper] INFO: Scraped 5 devices from router
2026-03-20 15:32:20,696 [router_scraper] INFO: Clicked DHCP Information sidebar item
2026-03-20 15:32:22,743 [router_scraper] INFO: Clicked Device List tab
2026-03-20 15:32:22,853 [router_scraper] INFO: Scraped 5 devices from router
2026-03-20 15:32:30,690 [router_scraper] INFO: Clicked DHCP Information sidebar item
2026-03-20 15:32:32,742 [router_scraper] INFO: Clicked Device List tab
2026-03-20 15:32:32,834 [router_scraper] INFO: Scraped 5 devices from router
2026-03-20 15:32:34,910 [router_scraper] INFO: Clicked DHCP Information sidebar item
2026-03-20 15:32:36,959 [router_scraper] INFO: Clicked Device List tab
2026-03-20 15:32:37,100 [router_scraper] INFO: Scraped 5 devices from router
2026-03-20 15:32:44,885 [router_scraper] INFO: Clicked DHCP Information sidebar item
2026-03-20 15:32:46,921 [router_scraper] INFO: Clicked Device List tab
2026-03-20 15:32:47,013 [router_scraper] INFO: Scraped 5 devices from router
2026-03-20 15:32:49,093 [router_scraper] INFO: Clicked DHCP Information sidebar item
2026-03-20 15:32:51,141 [router_scraper] INFO: Clicked Device List tab
2026-03-20 15:32:51,251 [router_scraper] INFO: Scraped 5 devices from router
2026-03-20 15:32:59,105 [router_scraper] INFO: Clicked DHCP Information sidebar item
2026-03-20 15:33:01,133 [router_scraper] INFO: Clicked Device List tab
2026-03-20 15:33:01,227 [router_scraper] INFO: Scraped 5 devices from router
2026-03-20 15:33:03,293 [router_scraper] INFO: Clicked DHCP Information sidebar item
2026-03-20 15:33:05,343 [router_scraper] INFO: Clicked Device List tab
2026-03-20 15:33:05,460 [router_scraper] INFO: Scraped 5 devices from router
2026-03-20 15:33:13,291 [router_scraper] INFO: Clicked DHCP Information sidebar item
2026-03-20 15:33:15,341 [router_scraper] INFO: Clicked Device List tab
2026-03-20 15:33:15,437 [router_scraper] INFO: Scraped 5 devices from router
2026-03-20 15:33:17,505 [router_scraper] INFO: Clicked DHCP Information sidebar item
2026-03-20 15:33:19,557 [router_scraper] INFO: Clicked Device List tab
2026-03-20 15:33:19,668 [router_scraper] INFO: Scraped 5 devices from router
2026-03-20 15:33:27,510 [router_scraper] INFO: Clicked DHCP Information sidebar item
2026-03-20 15:33:29,556 [router_scraper] INFO: Clicked Device List tab
2026-03-20 15:33:29,647 [router_scraper] INFO: Scraped 5 devices from router
2026-03-20 15:33:31,721 [router_scraper] INFO: Clicked DHCP Information sidebar item
2026-03-20 15:33:33,775 [router_scraper] INFO: Clicked Device List tab
2026-03-20 15:33:33,885 [router_scraper] INFO: Scraped 5 devices from router
2026-03-20 15:33:41,697 [router_scraper] INFO: Clicked DHCP Information sidebar item
2026-03-20 15:33:43,740 [router_scraper] INFO: Clicked Device List tab
2026-03-20 15:33:43,834 [router_scraper] INFO: Scraped 5 devices from router
2026-03-20 15:33:45,906 [router_scraper] INFO: Clicked DHCP Information sidebar item
2026-03-20 15:33:47,956 [router_scraper] INFO: Clicked Device List tab
2026-03-20 15:33:48,067 [router_scraper] INFO: Scraped 5 devices from router
2026-03-20 15:33:55,906 [router_scraper] INFO: Clicked DHCP Information sidebar item
2026-03-20 15:33:57,956 [router_scraper] INFO: Clicked Device List tab
2026-03-20 15:33:58,050 [router_scraper] INFO: Scraped 5 devices from router
2026-03-20 15:34:00,122 [router_scraper] INFO: Clicked DHCP Information sidebar item
2026-03-20 15:34:02,174 [router_scraper] INFO: Clicked Device List tab
2026-03-20 15:34:02,313 [router_scraper] INFO: Scraped 5 devices from router
2026-03-20 15:34:10,099 [router_scraper] INFO: Clicked DHCP Information sidebar item
2026-03-20 15:34:12,140 [router_scraper] INFO: Clicked Device List tab
2026-03-20 15:34:12,231 [router_scraper] INFO: Scraped 5 devices from router
2026-03-20 15:34:14,304 [router_scraper] INFO: Clicked DHCP Information sidebar item
2026-03-20 15:34:16,357 [router_scraper] INFO: Clicked Device List tab
2026-03-20 15:34:16,466 [router_scraper] INFO: Scraped 5 devices from router
2026-03-20 15:34:24,307 [router_scraper] INFO: Clicked DHCP Information sidebar item
2026-03-20 15:34:26,354 [router_scraper] INFO: Clicked Device List tab
2026-03-20 15:34:26,448 [router_scraper] INFO: Scraped 5 devices from router
2026-03-20 15:34:28,524 [router_scraper] INFO: Clicked DHCP Information sidebar item
2026-03-20 15:34:30,573 [router_scraper] INFO: Clicked Device List tab
2026-03-20 15:34:30,686 [router_scraper] INFO: Scraped 5 devices from router
2026-03-20 15:34:38,499 [router_scraper] INFO: Clicked DHCP Information sidebar item
2026-03-20 15:34:40,530 [router_scraper] INFO: Clicked Device List tab
2026-03-20 15:34:40,624 [router_scraper] INFO: Scraped 5 devices from router
2026-03-20 15:34:42,683 [router_scraper] INFO: Clicked DHCP Information sidebar item
2026-03-20 15:34:44,716 [router_scraper] INFO: Clicked Device List tab
2026-03-20 15:34:44,828 [router_scraper] INFO: Scraped 5 devices from router
2026-03-20 15:34:52,686 [router_scraper] INFO: Clicked DHCP Information sidebar item
2026-03-20 15:34:54,736 [router_scraper] INFO: Clicked Device List tab
2026-03-20 15:34:54,828 [router_scraper] INFO: Scraped 5 devices from router
2026-03-20 15:34:56,905 [router_scraper] INFO: Clicked DHCP Information sidebar item
2026-03-20 15:34:58,957 [router_scraper] INFO: Clicked Device List tab
2026-03-20 15:34:59,065 [router_scraper] INFO: Scraped 5 devices from router
2026-03-20 15:35:06,885 [router_scraper] INFO: Clicked DHCP Information sidebar item
2026-03-20 15:35:08,914 [router_scraper] INFO: Clicked Device List tab
2026-03-20 15:35:09,006 [router_scraper] INFO: Scraped 5 devices from router
2026-03-20 15:35:11,076 [router_scraper] INFO: Clicked DHCP Information sidebar item
2026-03-20 15:35:13,124 [router_scraper] INFO: Clicked Device List tab
2026-03-20 15:35:13,247 [router_scraper] INFO: Scraped 5 devices from router
2026-03-20 15:35:21,068 [router_scraper] INFO: Clicked DHCP Information sidebar item
2026-03-20 15:35:23,098 [router_scraper] INFO: Clicked Device List tab
2026-03-20 15:35:23,192 [router_scraper] INFO: Scraped 5 devices from router
2026-03-20 15:35:25,270 [router_scraper] INFO: Clicked DHCP Information sidebar item
2026-03-20 15:35:27,323 [router_scraper] INFO: Clicked Device List tab
2026-03-20 15:35:27,451 [router_scraper] INFO: Scraped 5 devices from router
2026-03-20 15:35:35,255 [router_scraper] INFO: Clicked DHCP Information sidebar item
2026-03-20 15:35:37,305 [router_scraper] INFO: Clicked Device List tab
2026-03-20 15:35:37,396 [router_scraper] INFO: Scraped 5 devices from router
2026-03-20 15:35:39,472 [router_scraper] INFO: Clicked DHCP Information sidebar item
2026-03-20 15:35:41,526 [router_scraper] INFO: Clicked Device List tab
2026-03-20 15:35:41,635 [router_scraper] INFO: Scraped 5 devices from router
2026-03-20 15:35:49,471 [router_scraper] INFO: Clicked DHCP Information sidebar item
2026-03-20 15:35:51,522 [router_scraper] INFO: Clicked Device List tab
2026-03-20 15:35:51,615 [router_scraper] INFO: Scraped 5 devices from router
2026-03-20 15:35:53,686 [router_scraper] INFO: Clicked DHCP Information sidebar item
2026-03-20 15:35:55,763 [router_scraper] INFO: Clicked Device List tab
2026-03-20 15:35:55,873 [router_scraper] INFO: Scraped 5 devices from router
2026-03-20 15:36:03,686 [router_scraper] INFO: Clicked DHCP Information sidebar item
2026-03-20 15:36:05,739 [router_scraper] INFO: Clicked Device List tab
2026-03-20 15:36:05,832 [router_scraper] INFO: Scraped 5 devices from router
2026-03-20 15:36:07,902 [router_scraper] INFO: Clicked DHCP Information sidebar item
2026-03-20 15:36:09,955 [router_scraper] INFO: Clicked Device List tab
2026-03-20 15:36:10,065 [router_scraper] INFO: Scraped 5 devices from router
2026-03-20 15:36:17,902 [router_scraper] INFO: Clicked DHCP Information sidebar item
2026-03-20 15:36:19,953 [router_scraper] INFO: Clicked Device List tab
2026-03-20 15:36:20,044 [router_scraper] INFO: Scraped 5 devices from router
2026-03-20 15:36:22,121 [router_scraper] INFO: Clicked DHCP Information sidebar item
2026-03-20 15:36:24,171 [router_scraper] INFO: Clicked Device List tab
2026-03-20 15:36:24,314 [router_scraper] INFO: Scraped 5 devices from router
2026-03-20 15:36:32,098 [router_scraper] INFO: Clicked DHCP Information sidebar item
2026-03-20 15:36:34,132 [router_scraper] INFO: Clicked Device List tab
2026-03-20 15:36:34,254 [router_scraper] INFO: Scraped 5 devices from router
2026-03-20 15:36:36,320 [router_scraper] INFO: Clicked DHCP Information sidebar item
2026-03-20 15:36:38,368 [router_scraper] INFO: Clicked Device List tab
2026-03-20 15:36:38,480 [router_scraper] INFO: Scraped 5 devices from router
2026-03-20 15:36:46,318 [router_scraper] INFO: Clicked DHCP Information sidebar item
2026-03-20 15:36:48,367 [router_scraper] INFO: Clicked Device List tab
2026-03-20 15:36:48,461 [router_scraper] INFO: Scraped 5 devices from router
2026-03-20 15:36:50,536 [router_scraper] INFO: Clicked DHCP Information sidebar item
2026-03-20 15:36:52,587 [router_scraper] INFO: Clicked Device List tab
2026-03-20 15:36:52,699 [router_scraper] INFO: Scraped 5 devices from router
2026-03-20 15:37:00,518 [router_scraper] INFO: Clicked DHCP Information sidebar item
2026-03-20 15:37:02,568 [router_scraper] INFO: Clicked Device List tab
2026-03-20 15:37:02,661 [router_scraper] INFO: Scraped 5 devices from router
2026-03-20 15:37:04,737 [router_scraper] INFO: Clicked DHCP Information sidebar item
2026-03-20 15:37:06,788 [router_scraper] INFO: Clicked Device List tab
2026-03-20 15:37:06,929 [router_scraper] INFO: Scraped 5 devices from router
2026-03-20 15:37:14,710 [router_scraper] INFO: Clicked DHCP Information sidebar item
2026-03-20 15:37:16,752 [router_scraper] INFO: Clicked Device List tab
2026-03-20 15:37:16,845 [router_scraper] INFO: Scraped 5 devices from router
2026-03-20 15:37:18,920 [router_scraper] INFO: Clicked DHCP Information sidebar item
2026-03-20 15:37:20,966 [router_scraper] INFO: Clicked Device List tab
2026-03-20 15:37:21,078 [router_scraper] INFO: Scraped 5 devices from router
2026-03-20 15:37:28,898 [router_scraper] INFO: Clicked DHCP Information sidebar item
2026-03-20 15:37:30,951 [router_scraper] INFO: Clicked Device List tab
2026-03-20 15:37:31,044 [router_scraper] INFO: Scraped 5 devices from router
2026-03-20 15:37:33,115 [router_scraper] INFO: Clicked DHCP Information sidebar item
2026-03-20 15:37:35,146 [router_scraper] INFO: Clicked Device List tab
2026-03-20 15:37:35,256 [router_scraper] INFO: Scraped 5 devices from router
2026-03-20 15:37:43,116 [router_scraper] INFO: Clicked DHCP Information sidebar item
2026-03-20 15:37:45,169 [router_scraper] INFO: Clicked Device List tab
2026-03-20 15:37:45,261 [router_scraper] INFO: Scraped 5 devices from router
2026-03-20 15:37:47,369 [router_scraper] INFO: Clicked DHCP Information sidebar item
2026-03-20 15:37:49,419 [router_scraper] INFO: Clicked Device List tab
2026-03-20 15:37:49,531 [router_scraper] INFO: Scraped 5 devices from router
2026-03-20 15:37:57,311 [router_scraper] INFO: Clicked DHCP Information sidebar item
2026-03-20 15:37:59,346 [router_scraper] INFO: Clicked Device List tab
2026-03-20 15:37:59,440 [router_scraper] INFO: Scraped 5 devices from router
2026-03-20 15:38:01,519 [router_scraper] INFO: Clicked DHCP Information sidebar item
2026-03-20 15:38:03,561 [router_scraper] INFO: Clicked Device List tab
2026-03-20 15:38:03,670 [router_scraper] INFO: Scraped 5 devices from router
2026-03-20 15:38:11,495 [router_scraper] INFO: Clicked DHCP Information sidebar item
2026-03-20 15:38:13,534 [router_scraper] INFO: Clicked Device List tab
2026-03-20 15:38:13,626 [router_scraper] INFO: Scraped 5 devices from router
2026-03-20 15:38:15,699 [router_scraper] INFO: Clicked DHCP Information sidebar item
2026-03-20 15:38:17,751 [router_scraper] INFO: Clicked Device List tab
2026-03-20 15:38:17,860 [router_scraper] INFO: Scraped 5 devices from router
2026-03-20 15:38:25,676 [router_scraper] INFO: Clicked DHCP Information sidebar item
2026-03-20 15:38:27,711 [router_scraper] INFO: Clicked Device List tab
2026-03-20 15:38:27,804 [router_scraper] INFO: Scraped 5 devices from router
2026-03-20 15:38:29,859 [router_scraper] INFO: Clicked DHCP Information sidebar item
2026-03-20 15:38:31,901 [router_scraper] INFO: Clicked Device List tab
2026-03-20 15:38:32,011 [router_scraper] INFO: Scraped 5 devices from router
2026-03-20 15:38:39,865 [router_scraper] INFO: Clicked DHCP Information sidebar item
2026-03-20 15:38:41,917 [router_scraper] INFO: Clicked Device List tab
2026-03-20 15:38:42,013 [router_scraper] INFO: Scraped 5 devices from router
2026-03-20 15:38:44,082 [router_scraper] INFO: Clicked DHCP Information sidebar item
2026-03-20 15:38:46,134 [router_scraper] INFO: Clicked Device List tab
2026-03-20 15:38:46,244 [router_scraper] INFO: Scraped 5 devices from router
2026-03-20 15:38:54,082 [router_scraper] INFO: Clicked DHCP Information sidebar item
2026-03-20 15:38:56,135 [router_scraper] INFO: Clicked Device List tab
2026-03-20 15:38:56,258 [router_scraper] INFO: Scraped 5 devices from router
2026-03-20 15:38:58,332 [router_scraper] INFO: Clicked DHCP Information sidebar item
2026-03-20 15:39:00,381 [router_scraper] INFO: Clicked Device List tab
2026-03-20 15:39:00,502 [router_scraper] INFO: Scraped 5 devices from router
2026-03-20 15:39:08,310 [router_scraper] INFO: Clicked DHCP Information sidebar item
2026-03-20 15:39:10,344 [router_scraper] INFO: Clicked Device List tab
2026-03-20 15:39:10,444 [router_scraper] INFO: Scraped 5 devices from router
2026-03-20 15:39:12,517 [router_scraper] INFO: Clicked DHCP Information sidebar item
2026-03-20 15:39:14,567 [router_scraper] INFO: Clicked Device List tab
2026-03-20 15:39:14,694 [router_scraper] INFO: Scraped 5 devices from router
2026-03-20 15:39:22,518 [router_scraper] INFO: Clicked DHCP Information sidebar item
2026-03-20 15:39:24,568 [router_scraper] INFO: Clicked Device List tab
2026-03-20 15:39:24,661 [router_scraper] INFO: Scraped 5 devices from router
2026-03-20 15:39:26,726 [router_scraper] INFO: Clicked DHCP Information sidebar item
2026-03-20 15:39:28,763 [router_scraper] INFO: Clicked Device List tab
2026-03-20 15:39:28,873 [router_scraper] INFO: Scraped 5 devices from router
2026-03-20 15:39:36,732 [router_scraper] INFO: Clicked DHCP Information sidebar item
2026-03-20 15:39:38,783 [router_scraper] INFO: Clicked Device List tab
2026-03-20 15:39:38,874 [router_scraper] INFO: Scraped 5 devices from router
2026-03-20 15:39:40,949 [router_scraper] INFO: Clicked DHCP Information sidebar item
2026-03-20 15:39:42,997 [router_scraper] INFO: Clicked Device List tab
2026-03-20 15:39:43,107 [router_scraper] INFO: Scraped 5 devices from router
2026-03-20 15:39:50,945 [router_scraper] INFO: Clicked DHCP Information sidebar item
2026-03-20 15:39:52,973 [router_scraper] INFO: Clicked Device List tab
2026-03-20 15:39:53,070 [router_scraper] INFO: Scraped 5 devices from router
2026-03-20 15:39:55,144 [router_scraper] INFO: Clicked DHCP Information sidebar item
2026-03-20 15:39:57,198 [router_scraper] INFO: Clicked Device List tab
2026-03-20 15:39:57,310 [router_scraper] INFO: Scraped 5 devices from router
2026-03-20 15:40:05,131 [router_scraper] INFO: Clicked DHCP Information sidebar item
2026-03-20 15:40:07,179 [router_scraper] INFO: Clicked Device List tab
2026-03-20 15:40:07,272 [router_scraper] INFO: Scraped 5 devices from router
2026-03-20 15:40:09,355 [router_scraper] INFO: Clicked DHCP Information sidebar item
2026-03-20 15:40:11,397 [router_scraper] INFO: Clicked Device List tab
2026-03-20 15:40:11,524 [router_scraper] INFO: Scraped 5 devices from router
2026-03-20 15:40:19,323 [router_scraper] INFO: Clicked DHCP Information sidebar item
2026-03-20 15:40:21,360 [router_scraper] INFO: Clicked Device List tab
2026-03-20 15:40:21,452 [router_scraper] INFO: Scraped 5 devices from router
2026-03-20 15:40:23,507 [router_scraper] INFO: Clicked DHCP Information sidebar item
2026-03-20 15:40:25,688 [router_scraper] INFO: Clicked Device List tab
2026-03-20 15:40:25,798 [router_scraper] INFO: Scraped 5 devices from router
2026-03-20 15:40:33,660 [router_scraper] INFO: Clicked DHCP Information sidebar item
2026-03-20 15:40:35,707 [router_scraper] INFO: Clicked Device List tab
2026-03-20 15:40:35,799 [router_scraper] INFO: Scraped 5 devices from router
2026-03-20 15:40:37,855 [router_scraper] INFO: Clicked DHCP Information sidebar item
2026-03-20 15:40:39,888 [router_scraper] INFO: Clicked Device List tab
2026-03-20 15:40:40,001 [router_scraper] INFO: Scraped 5 devices from router
2026-03-20 15:40:47,858 [router_scraper] INFO: Clicked DHCP Information sidebar item
2026-03-20 15:40:49,887 [router_scraper] INFO: Clicked Device List tab
2026-03-20 15:40:49,980 [router_scraper] INFO: Scraped 5 devices from router
2026-03-20 15:40:52,037 [router_scraper] INFO: Clicked DHCP Information sidebar item
2026-03-20 15:40:54,070 [router_scraper] INFO: Clicked Device List tab
2026-03-20 15:40:54,180 [router_scraper] INFO: Scraped 5 devices from router
2026-03-20 15:41:02,044 [router_scraper] INFO: Clicked DHCP Information sidebar item
2026-03-20 15:41:04,095 [router_scraper] INFO: Clicked Device List tab
2026-03-20 15:41:04,187 [router_scraper] INFO: Scraped 5 devices from router
2026-03-20 15:41:06,260 [router_scraper] INFO: Clicked DHCP Information sidebar item
2026-03-20 15:41:08,311 [router_scraper] INFO: Clicked Device List tab
2026-03-20 15:41:08,421 [router_scraper] INFO: Scraped 5 devices from router
2026-03-20 15:41:16,242 [router_scraper] INFO: Clicked DHCP Information sidebar item
2026-03-20 15:41:18,293 [router_scraper] INFO: Clicked Device List tab
2026-03-20 15:41:18,385 [router_scraper] INFO: Scraped 5 devices from router
2026-03-20 15:41:20,459 [router_scraper] INFO: Clicked DHCP Information sidebar item
2026-03-20 15:41:22,511 [router_scraper] INFO: Clicked Device List tab
2026-03-20 15:41:22,621 [router_scraper] INFO: Scraped 5 devices from router
2026-03-20 15:41:30,437 [router_scraper] INFO: Clicked DHCP Information sidebar item
2026-03-20 15:41:32,470 [router_scraper] INFO: Clicked Device List tab
2026-03-20 15:41:32,562 [router_scraper] INFO: Scraped 5 devices from router
2026-03-20 15:41:34,621 [router_scraper] INFO: Clicked DHCP Information sidebar item
2026-03-20 15:41:36,652 [router_scraper] INFO: Clicked Device List tab
2026-03-20 15:41:36,761 [router_scraper] INFO: Scraped 5 devices from router
2026-03-20 15:41:44,623 [router_scraper] INFO: Clicked DHCP Information sidebar item
2026-03-20 15:41:46,653 [router_scraper] INFO: Clicked Device List tab
2026-03-20 15:41:46,744 [router_scraper] INFO: Scraped 5 devices from router
2026-03-20 15:41:48,808 [router_scraper] INFO: Clicked DHCP Information sidebar item
2026-03-20 15:41:50,860 [router_scraper] INFO: Clicked Device List tab
2026-03-20 15:41:50,970 [router_scraper] INFO: Scraped 5 devices from router
2026-03-20 15:41:58,809 [router_scraper] INFO: Clicked DHCP Information sidebar item
2026-03-20 15:42:00,860 [router_scraper] INFO: Clicked Device List tab
2026-03-20 15:42:00,952 [router_scraper] INFO: Scraped 5 devices from router
2026-03-20 15:42:03,031 [router_scraper] INFO: Clicked DHCP Information sidebar item
2026-03-20 15:42:05,077 [router_scraper] INFO: Clicked Device List tab
2026-03-20 15:42:05,186 [router_scraper] INFO: Scraped 5 devices from router
2026-03-20 15:42:13,002 [router_scraper] INFO: Clicked DHCP Information sidebar item
2026-03-20 15:42:15,041 [router_scraper] INFO: Clicked Device List tab
2026-03-20 15:42:15,184 [router_scraper] INFO: Scraped 5 devices from router
2026-03-20 15:42:17,260 [router_scraper] INFO: Clicked DHCP Information sidebar item
2026-03-20 15:42:19,309 [router_scraper] INFO: Clicked Device List tab
2026-03-20 15:42:19,421 [router_scraper] INFO: Scraped 5 devices from router
2026-03-20 15:42:27,236 [router_scraper] INFO: Clicked DHCP Information sidebar item
2026-03-20 15:42:29,268 [router_scraper] INFO: Clicked Device List tab
2026-03-20 15:42:29,388 [router_scraper] INFO: Scraped 5 devices from router
2026-03-20 15:42:31,462 [router_scraper] INFO: Clicked DHCP Information sidebar item
2026-03-20 15:42:33,509 [router_scraper] INFO: Clicked Device List tab
2026-03-20 15:42:33,618 [router_scraper] INFO: Scraped 5 devices from router
2026-03-20 15:42:41,459 [router_scraper] INFO: Clicked DHCP Information sidebar item
2026-03-20 15:42:43,508 [router_scraper] INFO: Clicked Device List tab
2026-03-20 15:42:43,601 [router_scraper] INFO: Scraped 5 devices from router
2026-03-20 15:42:45,677 [router_scraper] INFO: Clicked DHCP Information sidebar item
2026-03-20 15:42:47,724 [router_scraper] INFO: Clicked Device List tab
2026-03-20 15:42:47,834 [router_scraper] INFO: Scraped 5 devices from router
2026-03-20 15:42:55,651 [router_scraper] INFO: Clicked DHCP Information sidebar item
2026-03-20 15:42:57,685 [router_scraper] INFO: Clicked Device List tab
2026-03-20 15:42:57,779 [router_scraper] INFO: Scraped 5 devices from router
2026-03-20 15:42:59,834 [router_scraper] INFO: Clicked DHCP Information sidebar item
2026-03-20 15:43:01,878 [router_scraper] INFO: Clicked Device List tab
2026-03-20 15:43:01,991 [router_scraper] INFO: Scraped 5 devices from router
2026-03-20 15:43:09,836 [router_scraper] INFO: Clicked DHCP Information sidebar item
2026-03-20 15:43:11,874 [router_scraper] INFO: Clicked Device List tab
2026-03-20 15:43:11,983 [router_scraper] INFO: Scraped 5 devices from router
2026-03-20 15:43:14,059 [router_scraper] INFO: Clicked DHCP Information sidebar item
2026-03-20 15:43:16,114 [router_scraper] INFO: Clicked Device List tab
2026-03-20 15:43:16,224 [router_scraper] INFO: Scraped 5 devices from router
2026-03-20 15:43:24,035 [router_scraper] INFO: Clicked DHCP Information sidebar item
2026-03-20 15:43:26,071 [router_scraper] INFO: Clicked Device List tab
2026-03-20 15:43:26,164 [router_scraper] INFO: Scraped 5 devices from router
2026-03-20 15:43:28,219 [router_scraper] INFO: Clicked DHCP Information sidebar item
2026-03-20 15:43:30,253 [router_scraper] INFO: Clicked Device List tab
2026-03-20 15:43:30,365 [router_scraper] INFO: Scraped 5 devices from router
2026-03-20 15:43:38,220 [router_scraper] INFO: Clicked DHCP Information sidebar item
2026-03-20 15:43:40,290 [router_scraper] INFO: Clicked Device List tab
2026-03-20 15:43:40,383 [router_scraper] INFO: Scraped 5 devices from router
2026-03-20 15:43:42,457 [router_scraper] INFO: Clicked DHCP Information sidebar item
2026-03-20 15:43:44,507 [router_scraper] INFO: Clicked Device List tab
2026-03-20 15:43:44,617 [router_scraper] INFO: Scraped 5 devices from router
2026-03-20 15:43:52,439 [router_scraper] INFO: Clicked DHCP Information sidebar item
2026-03-20 15:43:54,466 [router_scraper] INFO: Clicked Device List tab
2026-03-20 15:43:54,591 [router_scraper] INFO: Scraped 5 devices from router
2026-03-20 15:43:56,658 [router_scraper] INFO: Clicked DHCP Information sidebar item
2026-03-20 15:43:58,706 [router_scraper] INFO: Clicked Device List tab
2026-03-20 15:43:58,816 [router_scraper] INFO: Scraped 5 devices from router
2026-03-20 15:44:06,654 [router_scraper] INFO: Clicked DHCP Information sidebar item
2026-03-20 15:44:08,684 [router_scraper] INFO: Clicked Device List tab
2026-03-20 15:44:08,776 [router_scraper] INFO: Scraped 5 devices from router
2026-03-20 15:44:10,843 [router_scraper] INFO: Clicked DHCP Information sidebar item
2026-03-20 15:44:12,887 [router_scraper] INFO: Clicked Device List tab
2026-03-20 15:44:13,026 [router_scraper] INFO: Scraped 5 devices from router
2026-03-20 15:44:20,843 [router_scraper] INFO: Clicked DHCP Information sidebar item
2026-03-20 15:44:22,894 [router_scraper] INFO: Clicked Device List tab
2026-03-20 15:44:22,987 [router_scraper] INFO: Scraped 5 devices from router
2026-03-20 15:44:25,059 [router_scraper] INFO: Clicked DHCP Information sidebar item
2026-03-20 15:44:27,109 [router_scraper] INFO: Clicked Device List tab
2026-03-20 15:44:27,220 [router_scraper] INFO: Scraped 5 devices from router
2026-03-20 15:44:35,056 [router_scraper] INFO: Clicked DHCP Information sidebar item
2026-03-20 15:44:37,108 [router_scraper] INFO: Clicked Device List tab
2026-03-20 15:44:37,202 [router_scraper] INFO: Scraped 5 devices from router
2026-03-20 15:44:39,275 [router_scraper] INFO: Clicked DHCP Information sidebar item
2026-03-20 15:44:41,325 [router_scraper] INFO: Clicked Device List tab
2026-03-20 15:44:41,436 [router_scraper] INFO: Scraped 5 devices from router
2026-03-20 15:44:49,251 [router_scraper] INFO: Clicked DHCP Information sidebar item
2026-03-20 15:44:51,284 [router_scraper] INFO: Clicked Device List tab
2026-03-20 15:44:51,404 [router_scraper] INFO: Scraped 5 devices from router
2026-03-20 15:44:53,476 [router_scraper] INFO: Clicked DHCP Information sidebar item
2026-03-20 15:44:55,525 [router_scraper] INFO: Clicked Device List tab
2026-03-20 15:44:55,638 [router_scraper] INFO: Scraped 5 devices from router
2026-03-20 15:45:03,450 [router_scraper] INFO: Clicked DHCP Information sidebar item
2026-03-20 15:45:05,488 [router_scraper] INFO: Clicked Device List tab
2026-03-20 15:45:05,585 [router_scraper] INFO: Scraped 5 devices from router
2026-03-20 15:45:07,659 [router_scraper] INFO: Clicked DHCP Information sidebar item
2026-03-20 15:45:09,709 [router_scraper] INFO: Clicked Device List tab
2026-03-20 15:45:09,820 [router_scraper] INFO: Scraped 5 devices from router
2026-03-20 15:45:17,659 [router_scraper] INFO: Clicked DHCP Information sidebar item
2026-03-20 15:45:19,708 [router_scraper] INFO: Clicked Device List tab
2026-03-20 15:45:19,801 [router_scraper] INFO: Scraped 5 devices from router
2026-03-20 15:45:21,873 [router_scraper] INFO: Clicked DHCP Information sidebar item
2026-03-20 15:45:23,924 [router_scraper] INFO: Clicked Device List tab
2026-03-20 15:45:24,035 [router_scraper] INFO: Scraped 5 devices from router
2026-03-20 15:45:31,853 [router_scraper] INFO: Clicked DHCP Information sidebar item
2026-03-20 15:45:33,884 [router_scraper] INFO: Clicked Device List tab
2026-03-20 15:45:33,976 [router_scraper] INFO: Scraped 5 devices from router
2026-03-20 15:45:36,036 [router_scraper] INFO: Clicked DHCP Information sidebar item
2026-03-20 15:45:38,067 [router_scraper] INFO: Clicked Device List tab
2026-03-20 15:45:38,177 [router_scraper] INFO: Scraped 5 devices from router
2026-03-20 15:45:46,038 [router_scraper] INFO: Clicked DHCP Information sidebar item
2026-03-20 15:45:48,089 [router_scraper] INFO: Clicked Device List tab
2026-03-20 15:45:48,181 [router_scraper] INFO: Scraped 5 devices from router
2026-03-20 15:45:50,235 [router_scraper] INFO: Clicked DHCP Information sidebar item
2026-03-20 15:45:52,274 [router_scraper] INFO: Clicked Device List tab
2026-03-20 15:45:52,384 [router_scraper] INFO: Scraped 5 devices from router
2026-03-20 15:46:00,236 [router_scraper] INFO: Clicked DHCP Information sidebar item
2026-03-20 15:46:02,265 [router_scraper] INFO: Clicked Device List tab
2026-03-20 15:46:02,357 [router_scraper] INFO: Scraped 5 devices from router
2026-03-20 15:46:04,425 [router_scraper] INFO: Clicked DHCP Information sidebar item
2026-03-20 15:46:06,475 [router_scraper] INFO: Clicked Device List tab
2026-03-20 15:46:06,585 [router_scraper] INFO: Scraped 5 devices from router
2026-03-20 15:46:14,424 [router_scraper] INFO: Clicked DHCP Information sidebar item
2026-03-20 15:46:16,475 [router_scraper] INFO: Clicked Device List tab
2026-03-20 15:46:16,569 [router_scraper] INFO: Scraped 5 devices from router
2026-03-20 15:46:18,640 [router_scraper] INFO: Clicked DHCP Information sidebar item
2026-03-20 15:46:20,690 [router_scraper] INFO: Clicked Device List tab
2026-03-20 15:46:20,799 [router_scraper] INFO: Scraped 5 devices from router
2026-03-20 15:46:28,617 [router_scraper] INFO: Clicked DHCP Information sidebar item
2026-03-20 15:46:30,651 [router_scraper] INFO: Clicked Device List tab
2026-03-20 15:46:30,744 [router_scraper] INFO: Scraped 5 devices from router
2026-03-20 15:46:32,803 [router_scraper] INFO: Clicked DHCP Information sidebar item
2026-03-20 15:46:34,859 [router_scraper] INFO: Clicked Device List tab
2026-03-20 15:46:34,970 [router_scraper] INFO: Scraped 5 devices from router
2026-03-20 15:46:42,806 [router_scraper] INFO: Clicked DHCP Information sidebar item
2026-03-20 15:46:44,856 [router_scraper] INFO: Clicked Device List tab
2026-03-20 15:46:44,949 [router_scraper] INFO: Scraped 5 devices from router
2026-03-20 15:46:47,022 [router_scraper] INFO: Clicked DHCP Information sidebar item
2026-03-20 15:46:49,074 [router_scraper] INFO: Clicked Device List tab
2026-03-20 15:46:49,187 [router_scraper] INFO: Scraped 5 devices from router
2026-03-20 15:46:57,000 [router_scraper] INFO: Clicked DHCP Information sidebar item
2026-03-20 15:46:59,036 [router_scraper] INFO: Clicked Device List tab
2026-03-20 15:46:59,128 [router_scraper] INFO: Scraped 5 devices from router
2026-03-20 15:47:01,209 [router_scraper] INFO: Clicked DHCP Information sidebar item
2026-03-20 15:47:03,257 [router_scraper] INFO: Clicked Device List tab
2026-03-20 15:47:03,386 [router_scraper] INFO: Scraped 5 devices from router
2026-03-20 15:47:11,189 [router_scraper] INFO: Clicked DHCP Information sidebar item
2026-03-20 15:47:13,238 [router_scraper] INFO: Clicked Device List tab
2026-03-20 15:47:13,330 [router_scraper] INFO: Scraped 5 devices from router
2026-03-20 15:47:15,411 [router_scraper] INFO: Clicked DHCP Information sidebar item
2026-03-20 15:47:17,451 [router_scraper] INFO: Clicked Device List tab
2026-03-20 15:47:17,560 [router_scraper] INFO: Scraped 5 devices from router
2026-03-20 15:47:25,390 [router_scraper] INFO: Clicked DHCP Information sidebar item
2026-03-20 15:47:27,441 [router_scraper] INFO: Clicked Device List tab
2026-03-20 15:47:27,532 [router_scraper] INFO: Scraped 5 devices from router
2026-03-20 15:47:29,606 [router_scraper] INFO: Clicked DHCP Information sidebar item
2026-03-20 15:47:31,658 [router_scraper] INFO: Clicked Device List tab
2026-03-20 15:47:31,767 [router_scraper] INFO: Scraped 5 devices from router
2026-03-20 15:47:39,581 [router_scraper] INFO: Clicked DHCP Information sidebar item
2026-03-20 15:47:41,622 [router_scraper] INFO: Clicked Device List tab
2026-03-20 15:47:41,747 [router_scraper] INFO: Scraped 5 devices from router
2026-03-20 15:47:43,827 [router_scraper] INFO: Clicked DHCP Information sidebar item
2026-03-20 15:47:45,870 [router_scraper] INFO: Clicked Device List tab
2026-03-20 15:47:45,981 [router_scraper] INFO: Scraped 5 devices from router
2026-03-20 15:47:53,805 [router_scraper] INFO: Clicked DHCP Information sidebar item
2026-03-20 15:47:55,856 [router_scraper] INFO: Clicked Device List tab
2026-03-20 15:47:55,977 [router_scraper] INFO: Scraped 5 devices from router
2026-03-20 15:47:58,035 [router_scraper] INFO: Clicked DHCP Information sidebar item
2026-03-20 15:48:00,065 [router_scraper] INFO: Clicked Device List tab
2026-03-20 15:48:00,175 [router_scraper] INFO: Scraped 5 devices from router
2026-03-20 15:48:08,039 [router_scraper] INFO: Clicked DHCP Information sidebar item
2026-03-20 15:48:10,090 [router_scraper] INFO: Clicked Device List tab
2026-03-20 15:48:10,182 [router_scraper] INFO: Scraped 5 devices from router
2026-03-20 15:48:12,255 [router_scraper] INFO: Clicked DHCP Information sidebar item
2026-03-20 15:48:14,305 [router_scraper] INFO: Clicked Device List tab
2026-03-20 15:48:14,414 [router_scraper] INFO: Scraped 5 devices from router
2026-03-20 15:48:22,232 [router_scraper] INFO: Clicked DHCP Information sidebar item
2026-03-20 15:48:24,268 [router_scraper] INFO: Clicked Device List tab
2026-03-20 15:48:24,361 [router_scraper] INFO: Scraped 5 devices from router
2026-03-20 15:48:26,416 [router_scraper] INFO: Clicked DHCP Information sidebar item
2026-03-20 15:48:28,452 [router_scraper] INFO: Clicked Device List tab
2026-03-20 15:48:28,564 [router_scraper] INFO: Scraped 5 devices from router
2026-03-20 15:48:36,417 [router_scraper] INFO: Clicked DHCP Information sidebar item
2026-03-20 15:48:38,456 [router_scraper] INFO: Clicked Device List tab
2026-03-20 15:48:38,548 [router_scraper] INFO: Scraped 5 devices from router
2026-03-20 15:48:40,622 [router_scraper] INFO: Clicked DHCP Information sidebar item
2026-03-20 15:48:42,674 [router_scraper] INFO: Clicked Device List tab
2026-03-20 15:48:42,784 [router_scraper] INFO: Scraped 5 devices from router
2026-03-20 15:48:50,598 [router_scraper] INFO: Clicked DHCP Information sidebar item
2026-03-20 15:48:52,638 [router_scraper] INFO: Clicked Device List tab
2026-03-20 15:48:52,730 [router_scraper] INFO: Scraped 5 devices from router
2026-03-20 15:48:54,783 [router_scraper] INFO: Clicked DHCP Information sidebar item
2026-03-20 15:48:56,815 [router_scraper] INFO: Clicked Device List tab
2026-03-20 15:48:56,926 [router_scraper] INFO: Scraped 5 devices from router
2026-03-20 15:49:04,780 [router_scraper] INFO: Clicked DHCP Information sidebar item
2026-03-20 15:49:06,822 [router_scraper] INFO: Clicked Device List tab
2026-03-20 15:49:06,914 [router_scraper] INFO: Scraped 5 devices from router
2026-03-20 15:49:08,990 [router_scraper] INFO: Clicked DHCP Information sidebar item
2026-03-20 15:49:11,040 [router_scraper] INFO: Clicked Device List tab
2026-03-20 15:49:11,150 [router_scraper] INFO: Scraped 5 devices from router
2026-03-20 15:49:18,966 [router_scraper] INFO: Clicked DHCP Information sidebar item
2026-03-20 15:49:20,999 [router_scraper] INFO: Clicked Device List tab
2026-03-20 15:49:21,094 [router_scraper] INFO: Scraped 5 devices from router
2026-03-20 15:49:23,151 [router_scraper] INFO: Clicked DHCP Information sidebar item
2026-03-20 15:49:25,184 [router_scraper] INFO: Clicked Device List tab
2026-03-20 15:49:25,293 [router_scraper] INFO: Scraped 5 devices from router
2026-03-20 15:49:33,155 [router_scraper] INFO: Clicked DHCP Information sidebar item
2026-03-20 15:49:35,205 [router_scraper] INFO: Clicked Device List tab
2026-03-20 15:49:35,298 [router_scraper] INFO: Scraped 5 devices from router
2026-03-20 15:49:37,369 [router_scraper] INFO: Clicked DHCP Information sidebar item
2026-03-20 15:49:39,420 [router_scraper] INFO: Clicked Device List tab
2026-03-20 15:49:39,529 [router_scraper] INFO: Scraped 5 devices from router
2026-03-20 15:49:47,356 [router_scraper] INFO: Clicked DHCP Information sidebar item
2026-03-20 15:49:49,404 [router_scraper] INFO: Clicked Device List tab
2026-03-20 15:49:49,496 [router_scraper] INFO: Scraped 5 devices from router
2026-03-20 15:49:51,548 [router_scraper] INFO: Clicked DHCP Information sidebar item
2026-03-20 15:49:53,582 [router_scraper] INFO: Clicked Device List tab
2026-03-20 15:49:53,693 [router_scraper] INFO: Scraped 5 devices from router
2026-03-20 15:50:01,569 [router_scraper] INFO: Clicked DHCP Information sidebar item
2026-03-20 15:50:03,619 [router_scraper] INFO: Clicked Device List tab
2026-03-20 15:50:03,713 [router_scraper] INFO: Scraped 5 devices from router
2026-03-20 15:50:05,765 [router_scraper] INFO: Clicked DHCP Information sidebar item
2026-03-20 15:50:07,799 [router_scraper] INFO: Clicked Device List tab
2026-03-20 15:50:07,909 [router_scraper] INFO: Scraped 5 devices from router
2026-03-20 15:50:15,766 [router_scraper] INFO: Clicked DHCP Information sidebar item
2026-03-20 15:50:17,803 [router_scraper] INFO: Clicked Device List tab
2026-03-20 15:50:17,895 [router_scraper] INFO: Scraped 5 devices from router
2026-03-20 15:50:19,947 [router_scraper] INFO: Clicked DHCP Information sidebar item
2026-03-20 15:50:21,981 [router_scraper] INFO: Clicked Device List tab
2026-03-20 15:50:22,092 [router_scraper] INFO: Scraped 5 devices from router
2026-03-20 15:50:29,948 [router_scraper] INFO: Clicked DHCP Information sidebar item
2026-03-20 15:50:31,991 [router_scraper] INFO: Clicked Device List tab
2026-03-20 15:50:32,085 [router_scraper] INFO: Scraped 5 devices from router
2026-03-20 15:50:34,149 [router_scraper] INFO: Clicked DHCP Information sidebar item
2026-03-20 15:50:36,182 [router_scraper] INFO: Clicked Device List tab
2026-03-20 15:50:36,296 [router_scraper] INFO: Scraped 5 devices from router
2026-03-20 15:50:44,129 [router_scraper] INFO: Clicked DHCP Information sidebar item
2026-03-20 15:50:46,169 [router_scraper] INFO: Clicked Device List tab
2026-03-20 15:50:46,265 [router_scraper] INFO: Scraped 5 devices from router
2026-03-20 15:50:48,338 [router_scraper] INFO: Clicked DHCP Information sidebar item
2026-03-20 15:50:50,384 [router_scraper] INFO: Clicked Device List tab
2026-03-20 15:50:50,513 [router_scraper] INFO: Scraped 5 devices from router
2026-03-20 15:50:58,313 [router_scraper] INFO: Clicked DHCP Information sidebar item
2026-03-20 15:51:00,354 [router_scraper] INFO: Clicked Device List tab
2026-03-20 15:51:00,477 [router_scraper] INFO: Scraped 5 devices from router
2026-03-20 15:51:02,531 [router_scraper] INFO: Clicked DHCP Information sidebar item
2026-03-20 15:51:04,566 [router_scraper] INFO: Clicked Device List tab
2026-03-20 15:51:04,677 [router_scraper] INFO: Scraped 5 devices from router
2026-03-20 15:51:12,537 [router_scraper] INFO: Clicked DHCP Information sidebar item
2026-03-20 15:51:14,587 [router_scraper] INFO: Clicked Device List tab
2026-03-20 15:51:14,681 [router_scraper] INFO: Scraped 5 devices from router
2026-03-20 15:51:16,756 [router_scraper] INFO: Clicked DHCP Information sidebar item
2026-03-20 15:51:18,807 [router_scraper] INFO: Clicked Device List tab
2026-03-20 15:51:18,917 [router_scraper] INFO: Scraped 5 devices from router
2026-03-20 15:51:26,763 [router_scraper] INFO: Clicked DHCP Information sidebar item
2026-03-20 15:51:28,798 [router_scraper] INFO: Clicked Device List tab
2026-03-20 15:51:28,889 [router_scraper] INFO: Scraped 5 devices from router
2026-03-20 15:51:30,955 [router_scraper] INFO: Clicked DHCP Information sidebar item
2026-03-20 15:51:33,006 [router_scraper] INFO: Clicked Device List tab
2026-03-20 15:51:33,121 [router_scraper] INFO: Scraped 5 devices from router
2026-03-20 15:51:40,955 [router_scraper] INFO: Clicked DHCP Information sidebar item
2026-03-20 15:51:43,005 [router_scraper] INFO: Clicked Device List tab
2026-03-20 15:51:43,097 [router_scraper] INFO: Scraped 5 devices from router
2026-03-20 15:51:45,172 [router_scraper] INFO: Clicked DHCP Information sidebar item
2026-03-20 15:51:47,222 [router_scraper] INFO: Clicked Device List tab
2026-03-20 15:51:47,334 [router_scraper] INFO: Scraped 5 devices from router
2026-03-20 15:51:55,147 [router_scraper] INFO: Clicked DHCP Information sidebar item
2026-03-20 15:51:57,185 [router_scraper] INFO: Clicked Device List tab
2026-03-20 15:51:57,279 [router_scraper] INFO: Scraped 5 devices from router
2026-03-20 15:51:59,351 [router_scraper] INFO: Clicked DHCP Information sidebar item
2026-03-20 15:52:01,422 [router_scraper] INFO: Clicked Device List tab
2026-03-20 15:52:01,534 [router_scraper] INFO: Scraped 5 devices from router
2026-03-20 15:52:09,336 [router_scraper] INFO: Clicked DHCP Information sidebar item
2026-03-20 15:52:11,386 [router_scraper] INFO: Clicked Device List tab
2026-03-20 15:52:11,478 [router_scraper] INFO: Scraped 5 devices from router
2026-03-20 15:52:13,554 [router_scraper] INFO: Clicked DHCP Information sidebar item
2026-03-20 15:52:15,601 [router_scraper] INFO: Clicked Device List tab
2026-03-20 15:52:15,712 [router_scraper] INFO: Scraped 5 devices from router
2026-03-20 15:52:23,529 [router_scraper] INFO: Clicked DHCP Information sidebar item
2026-03-20 15:52:25,604 [router_scraper] INFO: Clicked Device List tab
2026-03-20 15:52:25,696 [router_scraper] INFO: Scraped 5 devices from router
2026-03-20 15:52:27,771 [router_scraper] INFO: Clicked DHCP Information sidebar item
2026-03-20 15:52:29,823 [router_scraper] INFO: Clicked Device List tab
2026-03-20 15:52:29,933 [router_scraper] INFO: Scraped 5 devices from router
2026-03-20 15:52:37,746 [router_scraper] INFO: Clicked DHCP Information sidebar item
2026-03-20 15:52:39,787 [router_scraper] INFO: Clicked Device List tab
2026-03-20 15:52:39,881 [router_scraper] INFO: Scraped 5 devices from router
2026-03-20 15:52:41,954 [router_scraper] INFO: Clicked DHCP Information sidebar item
2026-03-20 15:52:44,002 [router_scraper] INFO: Clicked Device List tab
2026-03-20 15:52:44,113 [router_scraper] INFO: Scraped 5 devices from router
2026-03-20 15:52:51,951 [router_scraper] INFO: Clicked DHCP Information sidebar item
2026-03-20 15:52:54,002 [router_scraper] INFO: Clicked Device List tab
2026-03-20 15:52:54,096 [router_scraper] INFO: Scraped 5 devices from router
2026-03-20 15:52:56,171 [router_scraper] INFO: Clicked DHCP Information sidebar item
2026-03-20 15:52:58,219 [router_scraper] INFO: Clicked Device List tab
2026-03-20 15:52:58,334 [router_scraper] INFO: Scraped 5 devices from router
2026-03-20 15:53:06,187 [router_scraper] INFO: Clicked DHCP Information sidebar item
2026-03-20 15:53:08,237 [router_scraper] INFO: Clicked Device List tab
2026-03-20 15:53:08,329 [router_scraper] INFO: Scraped 5 devices from router
2026-03-20 15:53:10,403 [router_scraper] INFO: Clicked DHCP Information sidebar item
2026-03-20 15:53:12,453 [router_scraper] INFO: Clicked Device List tab
2026-03-20 15:53:12,563 [router_scraper] INFO: Scraped 5 devices from router
2026-03-20 15:53:20,379 [router_scraper] INFO: Clicked DHCP Information sidebar item
2026-03-20 15:53:22,416 [router_scraper] INFO: Clicked Device List tab
2026-03-20 15:53:22,510 [router_scraper] INFO: Scraped 5 devices from router
2026-03-20 15:53:24,586 [router_scraper] INFO: Clicked DHCP Information sidebar item
2026-03-20 15:53:26,714 [router_scraper] INFO: Clicked Device List tab
2026-03-20 15:53:26,809 [router_scraper] INFO: Scraped 4 devices from router
2026-03-20 15:53:34,567 [router_scraper] INFO: Clicked DHCP Information sidebar item
2026-03-20 15:53:36,595 [router_scraper] INFO: Clicked Device List tab
2026-03-20 15:53:36,675 [router_scraper] INFO: Scraped 4 devices from router
2026-03-20 15:53:38,729 [router_scraper] INFO: Clicked DHCP Information sidebar item
2026-03-20 15:53:40,768 [router_scraper] INFO: Clicked Device List tab
2026-03-20 15:53:40,866 [router_scraper] INFO: Scraped 4 devices from router
2026-03-20 15:53:48,738 [router_scraper] INFO: Clicked DHCP Information sidebar item
2026-03-20 15:53:50,787 [router_scraper] INFO: Clicked Device List tab
2026-03-20 15:53:50,867 [router_scraper] INFO: Scraped 4 devices from router
2026-03-20 15:53:52,935 [router_scraper] INFO: Clicked DHCP Information sidebar item
2026-03-20 15:53:54,987 [router_scraper] INFO: Clicked Device List tab
2026-03-20 15:53:55,097 [router_scraper] INFO: Scraped 5 devices from router
2026-03-20 15:54:02,934 [router_scraper] INFO: Clicked DHCP Information sidebar item
2026-03-20 15:54:04,985 [router_scraper] INFO: Clicked Device List tab
2026-03-20 15:54:05,077 [router_scraper] INFO: Scraped 5 devices from router
2026-03-20 15:54:07,165 [router_scraper] INFO: Clicked DHCP Information sidebar item
2026-03-20 15:54:09,219 [router_scraper] INFO: Clicked Device List tab
2026-03-20 15:54:09,330 [router_scraper] INFO: Scraped 5 devices from router
2026-03-20 15:54:17,131 [router_scraper] INFO: Clicked DHCP Information sidebar item
2026-03-20 15:54:19,163 [router_scraper] INFO: Clicked Device List tab
2026-03-20 15:54:19,255 [router_scraper] INFO: Scraped 5 devices from router
2026-03-20 15:54:21,320 [router_scraper] INFO: Clicked DHCP Information sidebar item
2026-03-20 15:54:23,370 [router_scraper] INFO: Clicked Device List tab
2026-03-20 15:54:23,480 [router_scraper] INFO: Scraped 5 devices from router
2026-03-20 15:54:31,319 [router_scraper] INFO: Clicked DHCP Information sidebar item
2026-03-20 15:54:33,369 [router_scraper] INFO: Clicked Device List tab
2026-03-20 15:54:33,460 [router_scraper] INFO: Scraped 5 devices from router
2026-03-20 15:54:35,535 [router_scraper] INFO: Clicked DHCP Information sidebar item
2026-03-20 15:54:37,624 [router_scraper] INFO: Clicked Device List tab
2026-03-20 15:54:37,739 [router_scraper] INFO: Scraped 5 devices from router
2026-03-20 15:54:45,515 [router_scraper] INFO: Clicked DHCP Information sidebar item
2026-03-20 15:54:47,544 [router_scraper] INFO: Clicked Device List tab
2026-03-20 15:54:47,639 [router_scraper] INFO: Scraped 5 devices from router
2026-03-20 15:54:49,695 [router_scraper] INFO: Clicked DHCP Information sidebar item
2026-03-20 15:54:51,730 [router_scraper] INFO: Clicked Device List tab
2026-03-20 15:54:51,858 [router_scraper] INFO: Scraped 5 devices from router
2026-03-20 15:54:59,694 [router_scraper] INFO: Clicked DHCP Information sidebar item
2026-03-20 15:55:01,732 [router_scraper] INFO: Clicked Device List tab
2026-03-20 15:55:01,825 [router_scraper] INFO: Scraped 5 devices from router
2026-03-20 15:55:03,911 [router_scraper] INFO: Clicked DHCP Information sidebar item
2026-03-20 15:55:05,948 [router_scraper] INFO: Clicked Device List tab
2026-03-20 15:55:06,062 [router_scraper] INFO: Scraped 5 devices from router
2026-03-20 15:55:13,884 [router_scraper] INFO: Clicked DHCP Information sidebar item
2026-03-20 15:55:15,934 [router_scraper] INFO: Clicked Device List tab
2026-03-20 15:55:16,028 [router_scraper] INFO: Scraped 5 devices from router
2026-03-20 15:55:18,102 [router_scraper] INFO: Clicked DHCP Information sidebar item
2026-03-20 15:55:20,149 [router_scraper] INFO: Clicked Device List tab
2026-03-20 15:55:20,259 [router_scraper] INFO: Scraped 5 devices from router
2026-03-20 15:55:27,895 [router_scraper] INFO: Clicked DHCP Information sidebar item
2026-03-20 15:55:29,933 [router_scraper] INFO: Clicked Device List tab
2026-03-20 15:55:30,025 [router_scraper] INFO: Scraped 5 devices from router
2026-03-20 15:55:32,100 [router_scraper] INFO: Clicked DHCP Information sidebar item
2026-03-20 15:55:34,149 [router_scraper] INFO: Clicked Device List tab
2026-03-20 15:55:34,269 [router_scraper] INFO: Scraped 5 devices from router
2026-03-20 15:55:42,073 [router_scraper] INFO: Clicked DHCP Information sidebar item
2026-03-20 15:55:44,110 [router_scraper] INFO: Clicked Device List tab
2026-03-20 15:55:44,203 [router_scraper] INFO: Scraped 5 devices from router
2026-03-20 15:55:46,257 [router_scraper] INFO: Clicked DHCP Information sidebar item
2026-03-20 15:55:48,297 [router_scraper] INFO: Clicked Device List tab
2026-03-20 15:55:48,406 [router_scraper] INFO: Scraped 5 devices from router
2026-03-20 15:55:56,262 [router_scraper] INFO: Clicked DHCP Information sidebar item
2026-03-20 15:55:58,293 [router_scraper] INFO: Clicked Device List tab
2026-03-20 15:55:58,386 [router_scraper] INFO: Scraped 5 devices from router
2026-03-20 15:56:00,440 [router_scraper] INFO: Clicked DHCP Information sidebar item
2026-03-20 15:56:02,496 [router_scraper] INFO: Clicked Device List tab
2026-03-20 15:56:02,607 [router_scraper] INFO: Scraped 5 devices from router
2026-03-20 15:56:10,447 [router_scraper] INFO: Clicked DHCP Information sidebar item
2026-03-20 15:56:12,497 [router_scraper] INFO: Clicked Device List tab
2026-03-20 15:56:12,590 [router_scraper] INFO: Scraped 5 devices from router
2026-03-20 15:56:14,666 [router_scraper] INFO: Clicked DHCP Information sidebar item
2026-03-20 15:56:16,715 [router_scraper] INFO: Clicked Device List tab
2026-03-20 15:56:16,827 [router_scraper] INFO: Scraped 5 devices from router
2026-03-20 15:56:24,641 [router_scraper] INFO: Clicked DHCP Information sidebar item
2026-03-20 15:56:26,671 [router_scraper] INFO: Clicked Device List tab
2026-03-20 15:56:26,764 [router_scraper] INFO: Scraped 5 devices from router
2026-03-20 15:56:28,831 [router_scraper] INFO: Clicked DHCP Information sidebar item
2026-03-20 15:56:30,880 [router_scraper] INFO: Clicked Device List tab
2026-03-20 15:56:30,991 [router_scraper] INFO: Scraped 5 devices from router
2026-03-20 15:56:38,830 [router_scraper] INFO: Clicked DHCP Information sidebar item
2026-03-20 15:56:40,880 [router_scraper] INFO: Clicked Device List tab
2026-03-20 15:56:40,973 [router_scraper] INFO: Scraped 5 devices from router
2026-03-20 15:56:43,045 [router_scraper] INFO: Clicked DHCP Information sidebar item
2026-03-20 15:56:45,092 [router_scraper] INFO: Clicked Device List tab
2026-03-20 15:56:45,205 [router_scraper] INFO: Scraped 5 devices from router
2026-03-20 15:56:53,020 [router_scraper] INFO: Clicked DHCP Information sidebar item
2026-03-20 15:56:55,063 [router_scraper] INFO: Clicked Device List tab
2026-03-20 15:56:55,185 [router_scraper] INFO: Scraped 5 devices from router
2026-03-20 15:56:57,256 [router_scraper] INFO: Clicked DHCP Information sidebar item
2026-03-20 15:56:59,289 [router_scraper] INFO: Clicked Device List tab
2026-03-20 15:56:59,402 [router_scraper] INFO: Scraped 5 devices from router
2026-03-20 15:57:07,244 [router_scraper] INFO: Clicked DHCP Information sidebar item
2026-03-20 15:57:09,294 [router_scraper] INFO: Clicked Device List tab
2026-03-20 15:57:09,387 [router_scraper] INFO: Scraped 5 devices from router
2026-03-20 15:57:11,465 [router_scraper] INFO: Clicked DHCP Information sidebar item
2026-03-20 15:57:13,509 [router_scraper] INFO: Clicked Device List tab
2026-03-20 15:57:13,619 [router_scraper] INFO: Scraped 5 devices from router
2026-03-20 15:57:21,440 [router_scraper] INFO: Clicked DHCP Information sidebar item
2026-03-20 15:57:23,474 [router_scraper] INFO: Clicked Device List tab
2026-03-20 15:57:23,569 [router_scraper] INFO: Scraped 5 devices from router
2026-03-20 15:57:25,643 [router_scraper] INFO: Clicked DHCP Information sidebar item
2026-03-20 15:57:27,693 [router_scraper] INFO: Clicked Device List tab
2026-03-20 15:57:27,832 [router_scraper] INFO: Scraped 5 devices from router
2026-03-20 15:57:35,626 [router_scraper] INFO: Clicked DHCP Information sidebar item
2026-03-20 15:57:37,678 [router_scraper] INFO: Clicked Device List tab
2026-03-20 15:57:37,820 [router_scraper] INFO: Scraped 5 devices from router
2026-03-20 15:57:39,895 [router_scraper] INFO: Clicked DHCP Information sidebar item
2026-03-20 15:57:41,943 [router_scraper] INFO: Clicked Device List tab
2026-03-20 15:57:42,053 [router_scraper] INFO: Scraped 5 devices from router
2026-03-20 15:57:49,871 [router_scraper] INFO: Clicked DHCP Information sidebar item
2026-03-20 15:57:51,911 [router_scraper] INFO: Clicked Device List tab
2026-03-20 15:57:52,003 [router_scraper] INFO: Scraped 5 devices from router
2026-03-20 15:57:54,078 [router_scraper] INFO: Clicked DHCP Information sidebar item
2026-03-20 15:57:56,127 [router_scraper] INFO: Clicked Device List tab
2026-03-20 15:57:56,242 [router_scraper] INFO: Scraped 5 devices from router
2026-03-20 15:58:04,058 [router_scraper] INFO: Clicked DHCP Information sidebar item
2026-03-20 15:58:06,113 [router_scraper] INFO: Clicked Device List tab
2026-03-20 15:58:06,237 [router_scraper] INFO: Scraped 5 devices from router
2026-03-20 15:58:08,314 [router_scraper] INFO: Clicked DHCP Information sidebar item
2026-03-20 15:58:10,359 [router_scraper] INFO: Clicked Device List tab
2026-03-20 15:58:10,474 [router_scraper] INFO: Scraped 5 devices from router
2026-03-20 15:58:18,286 [router_scraper] INFO: Clicked DHCP Information sidebar item
2026-03-20 15:58:20,325 [router_scraper] INFO: Clicked Device List tab
2026-03-20 15:58:20,420 [router_scraper] INFO: Scraped 5 devices from router
2026-03-20 15:58:22,492 [router_scraper] INFO: Clicked DHCP Information sidebar item
2026-03-20 15:58:24,542 [router_scraper] INFO: Clicked Device List tab
2026-03-20 15:58:24,655 [router_scraper] INFO: Scraped 5 devices from router
2026-03-20 15:58:32,468 [router_scraper] INFO: Clicked DHCP Information sidebar item
2026-03-20 15:58:34,506 [router_scraper] INFO: Clicked Device List tab
2026-03-20 15:58:34,600 [router_scraper] INFO: Scraped 5 devices from router
2026-03-20 15:58:36,657 [router_scraper] INFO: Clicked DHCP Information sidebar item
2026-03-20 15:58:38,710 [router_scraper] INFO: Clicked Device List tab
2026-03-20 15:58:38,824 [router_scraper] INFO: Scraped 5 devices from router
2026-03-20 15:58:46,678 [router_scraper] INFO: Clicked DHCP Information sidebar item
2026-03-20 15:58:48,722 [router_scraper] INFO: Clicked Device List tab
2026-03-20 15:58:48,831 [router_scraper] INFO: Scraped 5 devices from router
2026-03-20 15:58:50,910 [router_scraper] INFO: Clicked DHCP Information sidebar item
2026-03-20 15:58:52,960 [router_scraper] INFO: Clicked Device List tab
2026-03-20 15:58:53,075 [router_scraper] INFO: Scraped 5 devices from router
2026-03-20 15:59:00,888 [router_scraper] INFO: Clicked DHCP Information sidebar item
2026-03-20 15:59:02,943 [router_scraper] INFO: Clicked Device List tab
2026-03-20 15:59:03,035 [router_scraper] INFO: Scraped 5 devices from router
2026-03-20 15:59:05,107 [router_scraper] INFO: Clicked DHCP Information sidebar item
2026-03-20 15:59:07,160 [router_scraper] INFO: Clicked Device List tab
2026-03-20 15:59:07,273 [router_scraper] INFO: Scraped 5 devices from router
2026-03-20 15:59:15,091 [router_scraper] INFO: Clicked DHCP Information sidebar item
2026-03-20 15:59:17,140 [router_scraper] INFO: Clicked Device List tab
2026-03-20 15:59:17,234 [router_scraper] INFO: Scraped 5 devices from router
2026-03-20 15:59:19,307 [router_scraper] INFO: Clicked DHCP Information sidebar item
2026-03-20 15:59:21,358 [router_scraper] INFO: Clicked Device List tab
2026-03-20 15:59:21,470 [router_scraper] INFO: Scraped 5 devices from router
2026-03-20 15:59:29,281 [router_scraper] INFO: Clicked DHCP Information sidebar item
2026-03-20 15:59:31,322 [router_scraper] INFO: Clicked Device List tab
2026-03-20 15:59:31,415 [router_scraper] INFO: Scraped 5 devices from router
2026-03-20 15:59:33,491 [router_scraper] INFO: Clicked DHCP Information sidebar item
2026-03-20 15:59:35,535 [router_scraper] INFO: Clicked Device List tab
2026-03-20 15:59:35,647 [router_scraper] INFO: Scraped 5 devices from router
2026-03-20 15:59:43,467 [router_scraper] INFO: Clicked DHCP Information sidebar item
2026-03-20 15:59:45,499 [router_scraper] INFO: Clicked Device List tab
2026-03-20 15:59:45,600 [router_scraper] INFO: Scraped 5 devices from router
2026-03-20 15:59:47,672 [router_scraper] INFO: Clicked DHCP Information sidebar item
2026-03-20 15:59:49,722 [router_scraper] INFO: Clicked Device List tab
2026-03-20 15:59:49,833 [router_scraper] INFO: Scraped 5 devices from router
2026-03-20 15:59:57,649 [router_scraper] INFO: Clicked DHCP Information sidebar item
2026-03-20 15:59:59,686 [router_scraper] INFO: Clicked Device List tab
2026-03-20 15:59:59,778 [router_scraper] INFO: Scraped 5 devices from router
2026-03-20 16:00:01,833 [router_scraper] INFO: Clicked DHCP Information sidebar item
2026-03-20 16:00:03,867 [router_scraper] INFO: Clicked Device List tab
2026-03-20 16:00:03,977 [router_scraper] INFO: Scraped 5 devices from router
2026-03-20 16:00:11,839 [router_scraper] INFO: Clicked DHCP Information sidebar item
2026-03-20 16:00:13,888 [router_scraper] INFO: Clicked Device List tab
2026-03-20 16:00:13,980 [router_scraper] INFO: Scraped 5 devices from router
2026-03-20 16:00:16,033 [router_scraper] INFO: Clicked DHCP Information sidebar item
2026-03-20 16:00:18,067 [router_scraper] INFO: Clicked Device List tab
2026-03-20 16:00:18,176 [router_scraper] INFO: Scraped 5 devices from router
2026-03-20 16:00:26,031 [router_scraper] INFO: Clicked DHCP Information sidebar item
2026-03-20 16:00:28,067 [router_scraper] INFO: Clicked Device List tab
2026-03-20 16:00:28,160 [router_scraper] INFO: Scraped 5 devices from router
2026-03-20 16:00:30,249 [router_scraper] INFO: Clicked DHCP Information sidebar item
2026-03-20 16:00:32,283 [router_scraper] INFO: Clicked Device List tab
2026-03-20 16:00:32,392 [router_scraper] INFO: Scraped 5 devices from router
2026-03-20 16:00:40,220 [router_scraper] INFO: Clicked DHCP Information sidebar item
2026-03-20 16:00:42,270 [router_scraper] INFO: Clicked Device List tab
2026-03-20 16:00:42,362 [router_scraper] INFO: Scraped 5 devices from router
2026-03-20 16:00:44,435 [router_scraper] INFO: Clicked DHCP Information sidebar item
2026-03-20 16:00:46,491 [router_scraper] INFO: Clicked Device List tab
2026-03-20 16:00:46,602 [router_scraper] INFO: Scraped 5 devices from router
2026-03-20 16:00:54,419 [router_scraper] INFO: Clicked DHCP Information sidebar item
2026-03-20 16:00:56,471 [router_scraper] INFO: Clicked Device List tab
2026-03-20 16:00:56,563 [router_scraper] INFO: Scraped 5 devices from router
2026-03-20 16:00:58,638 [router_scraper] INFO: Clicked DHCP Information sidebar item
2026-03-20 16:01:00,688 [router_scraper] INFO: Clicked Device List tab
2026-03-20 16:01:00,800 [router_scraper] INFO: Scraped 5 devices from router
2026-03-20 16:01:08,612 [router_scraper] INFO: Clicked DHCP Information sidebar item
2026-03-20 16:01:10,649 [router_scraper] INFO: Clicked Device List tab
2026-03-20 16:01:10,742 [router_scraper] INFO: Scraped 5 devices from router
2026-03-20 16:01:12,802 [router_scraper] INFO: Clicked DHCP Information sidebar item
2026-03-20 16:01:14,857 [router_scraper] INFO: Clicked Device List tab
2026-03-20 16:01:14,969 [router_scraper] INFO: Scraped 5 devices from router
2026-03-20 16:01:22,802 [router_scraper] INFO: Clicked DHCP Information sidebar item
2026-03-20 16:01:24,852 [router_scraper] INFO: Clicked Device List tab
2026-03-20 16:01:24,945 [router_scraper] INFO: Scraped 5 devices from router
2026-03-20 16:01:27,021 [router_scraper] INFO: Clicked DHCP Information sidebar item
2026-03-20 16:01:29,071 [router_scraper] INFO: Clicked Device List tab
2026-03-20 16:01:29,185 [router_scraper] INFO: Scraped 5 devices from router
2026-03-20 16:01:37,022 [router_scraper] INFO: Clicked DHCP Information sidebar item
2026-03-20 16:01:39,069 [router_scraper] INFO: Clicked Device List tab
2026-03-20 16:01:39,191 [router_scraper] INFO: Scraped 5 devices from router
2026-03-20 16:01:41,247 [router_scraper] INFO: Clicked DHCP Information sidebar item
2026-03-20 16:01:43,280 [router_scraper] INFO: Clicked Device List tab
2026-03-20 16:01:43,390 [router_scraper] INFO: Scraped 5 devices from router
2026-03-20 16:01:51,252 [router_scraper] INFO: Clicked DHCP Information sidebar item
2026-03-20 16:01:53,302 [router_scraper] INFO: Clicked Device List tab
2026-03-20 16:01:53,396 [router_scraper] INFO: Scraped 5 devices from router
2026-03-20 16:01:55,472 [router_scraper] INFO: Clicked DHCP Information sidebar item
2026-03-20 16:01:57,520 [router_scraper] INFO: Clicked Device List tab
2026-03-20 16:01:57,631 [router_scraper] INFO: Scraped 5 devices from router
2026-03-20 16:02:05,449 [router_scraper] INFO: Clicked DHCP Information sidebar item
2026-03-20 16:02:07,479 [router_scraper] INFO: Clicked Device List tab
2026-03-20 16:02:07,573 [router_scraper] INFO: Scraped 5 devices from router
2026-03-20 16:02:09,629 [router_scraper] INFO: Clicked DHCP Information sidebar item
2026-03-20 16:02:11,663 [router_scraper] INFO: Clicked Device List tab
2026-03-20 16:02:11,804 [router_scraper] INFO: Scraped 5 devices from router
2026-03-20 16:02:19,632 [router_scraper] INFO: Clicked DHCP Information sidebar item
2026-03-20 16:02:21,685 [router_scraper] INFO: Clicked Device List tab
2026-03-20 16:02:21,777 [router_scraper] INFO: Scraped 5 devices from router
2026-03-20 16:02:23,851 [router_scraper] INFO: Clicked DHCP Information sidebar item
2026-03-20 16:02:25,906 [router_scraper] INFO: Clicked Device List tab
2026-03-20 16:02:26,022 [router_scraper] INFO: Scraped 5 devices from router
2026-03-20 16:02:33,826 [router_scraper] INFO: Clicked DHCP Information sidebar item
2026-03-20 16:02:35,879 [router_scraper] INFO: Clicked Device List tab
2026-03-20 16:02:35,978 [router_scraper] INFO: Scraped 5 devices from router
2026-03-20 16:02:38,051 [router_scraper] INFO: Clicked DHCP Information sidebar item
2026-03-20 16:02:40,099 [router_scraper] INFO: Clicked Device List tab
2026-03-20 16:02:40,231 [router_scraper] INFO: Scraped 5 devices from router
2026-03-20 16:02:48,026 [router_scraper] INFO: Clicked DHCP Information sidebar item
2026-03-20 16:02:50,063 [router_scraper] INFO: Clicked Device List tab
2026-03-20 16:02:50,156 [router_scraper] INFO: Scraped 5 devices from router
2026-03-20 16:02:52,211 [router_scraper] INFO: Clicked DHCP Information sidebar item
2026-03-20 16:02:54,245 [router_scraper] INFO: Clicked Device List tab
2026-03-20 16:02:54,355 [router_scraper] INFO: Scraped 5 devices from router
2026-03-20 16:03:02,217 [router_scraper] INFO: Clicked DHCP Information sidebar item
2026-03-20 16:03:04,267 [router_scraper] INFO: Clicked Device List tab
2026-03-20 16:03:04,359 [router_scraper] INFO: Scraped 5 devices from router
2026-03-20 16:03:06,434 [router_scraper] INFO: Clicked DHCP Information sidebar item
2026-03-20 16:03:08,482 [router_scraper] INFO: Clicked Device List tab
2026-03-20 16:03:08,595 [router_scraper] INFO: Scraped 5 devices from router
2026-03-20 16:03:16,409 [router_scraper] INFO: Clicked DHCP Information sidebar item
2026-03-20 16:03:18,450 [router_scraper] INFO: Clicked Device List tab
2026-03-20 16:03:18,543 [router_scraper] INFO: Scraped 5 devices from router
2026-03-20 16:03:20,618 [router_scraper] INFO: Clicked DHCP Information sidebar item
2026-03-20 16:03:22,667 [router_scraper] INFO: Clicked Device List tab
2026-03-20 16:03:22,777 [router_scraper] INFO: Scraped 5 devices from router
2026-03-20 16:03:30,593 [router_scraper] INFO: Clicked DHCP Information sidebar item
2026-03-20 16:03:32,632 [router_scraper] INFO: Clicked Device List tab
2026-03-20 16:03:32,721 [router_scraper] INFO: Scraped 5 devices from router
2026-03-20 16:03:34,776 [router_scraper] INFO: Clicked DHCP Information sidebar item
2026-03-20 16:03:36,808 [router_scraper] INFO: Clicked Device List tab
2026-03-20 16:03:36,918 [router_scraper] INFO: Scraped 5 devices from router
2026-03-20 16:03:44,780 [router_scraper] INFO: Clicked DHCP Information sidebar item
2026-03-20 16:03:46,808 [router_scraper] INFO: Clicked Device List tab
2026-03-20 16:03:46,900 [router_scraper] INFO: Scraped 5 devices from router
2026-03-20 16:03:48,967 [router_scraper] INFO: Clicked DHCP Information sidebar item
2026-03-20 16:03:51,017 [router_scraper] INFO: Clicked Device List tab
2026-03-20 16:03:51,126 [router_scraper] INFO: Scraped 5 devices from router
2026-03-20 16:03:58,963 [router_scraper] INFO: Clicked DHCP Information sidebar item
2026-03-20 16:04:01,015 [router_scraper] INFO: Clicked Device List tab
2026-03-20 16:04:01,107 [router_scraper] INFO: Scraped 5 devices from router
2026-03-20 16:04:03,183 [router_scraper] INFO: Clicked DHCP Information sidebar item
2026-03-20 16:04:05,266 [router_scraper] INFO: Clicked Device List tab
2026-03-20 16:04:05,378 [router_scraper] INFO: Scraped 5 devices from router
2026-03-20 16:04:13,163 [router_scraper] INFO: Clicked DHCP Information sidebar item
2026-03-20 16:04:15,213 [router_scraper] INFO: Clicked Device List tab
2026-03-20 16:04:15,307 [router_scraper] INFO: Scraped 5 devices from router
2026-03-20 16:04:17,383 [router_scraper] INFO: Clicked DHCP Information sidebar item
2026-03-20 16:04:19,431 [router_scraper] INFO: Clicked Device List tab
2026-03-20 16:04:19,542 [router_scraper] INFO: Scraped 5 devices from router
2026-03-20 16:04:27,359 [router_scraper] INFO: Clicked DHCP Information sidebar item
2026-03-20 16:04:29,400 [router_scraper] INFO: Clicked Device List tab
2026-03-20 16:04:29,492 [router_scraper] INFO: Scraped 5 devices from router
2026-03-20 16:04:31,567 [router_scraper] INFO: Clicked DHCP Information sidebar item
2026-03-20 16:04:33,614 [router_scraper] INFO: Clicked Device List tab
2026-03-20 16:04:33,744 [router_scraper] INFO: Scraped 5 devices from router
2026-03-20 16:04:41,540 [router_scraper] INFO: Clicked DHCP Information sidebar item
2026-03-20 16:04:43,577 [router_scraper] INFO: Clicked Device List tab
2026-03-20 16:04:43,670 [router_scraper] INFO: Scraped 5 devices from router
2026-03-20 16:04:45,746 [router_scraper] INFO: Clicked DHCP Information sidebar item
2026-03-20 16:04:47,796 [router_scraper] INFO: Clicked Device List tab
2026-03-20 16:04:47,907 [router_scraper] INFO: Scraped 5 devices from router
2026-03-20 16:04:55,730 [router_scraper] INFO: Clicked DHCP Information sidebar item
2026-03-20 16:04:57,780 [router_scraper] INFO: Clicked Device List tab
2026-03-20 16:04:57,866 [router_scraper] INFO: Scraped 5 devices from router
2026-03-20 16:04:59,923 [router_scraper] INFO: Clicked DHCP Information sidebar item
2026-03-20 16:05:01,958 [router_scraper] INFO: Clicked Device List tab
2026-03-20 16:05:02,069 [router_scraper] INFO: Scraped 5 devices from router
2026-03-20 16:05:09,928 [router_scraper] INFO: Clicked DHCP Information sidebar item
2026-03-20 16:05:12,019 [router_scraper] INFO: Clicked Device List tab
2026-03-20 16:05:12,112 [router_scraper] INFO: Scraped 5 devices from router
2026-03-20 16:05:14,172 [router_scraper] INFO: Clicked DHCP Information sidebar item
2026-03-20 16:05:16,214 [router_scraper] INFO: Clicked Device List tab
2026-03-20 16:05:16,348 [router_scraper] INFO: Scraped 5 devices from router
2026-03-20 16:05:24,176 [router_scraper] INFO: Clicked DHCP Information sidebar item
2026-03-20 16:05:26,232 [router_scraper] INFO: Clicked Device List tab
2026-03-20 16:05:26,353 [router_scraper] INFO: Scraped 5 devices from router
2026-03-20 16:05:28,428 [router_scraper] INFO: Clicked DHCP Information sidebar item
2026-03-20 16:05:30,484 [router_scraper] INFO: Clicked Device List tab
2026-03-20 16:05:30,625 [router_scraper] INFO: Scraped 5 devices from router
2026-03-20 16:05:38,452 [router_scraper] INFO: Clicked DHCP Information sidebar item
2026-03-20 16:05:40,494 [router_scraper] INFO: Clicked Device List tab
2026-03-20 16:05:40,602 [router_scraper] INFO: Scraped 5 devices from router
2026-03-20 16:05:42,681 [router_scraper] INFO: Clicked DHCP Information sidebar item
2026-03-20 16:05:44,727 [router_scraper] INFO: Clicked Device List tab
2026-03-20 16:05:44,871 [router_scraper] INFO: Scraped 5 devices from router
2026-03-20 16:05:52,660 [router_scraper] INFO: Clicked DHCP Information sidebar item
2026-03-20 16:05:54,712 [router_scraper] INFO: Clicked Device List tab
2026-03-20 16:05:54,816 [router_scraper] INFO: Scraped 6 devices from router
2026-03-20 16:05:56,871 [router_scraper] INFO: Clicked DHCP Information sidebar item
2026-03-20 16:05:58,904 [router_scraper] INFO: Clicked Device List tab
2026-03-20 16:05:59,030 [router_scraper] INFO: Scraped 6 devices from router
2026-03-20 16:06:06,875 [router_scraper] INFO: Clicked DHCP Information sidebar item
2026-03-20 16:06:08,902 [router_scraper] INFO: Clicked Device List tab
2026-03-20 16:06:09,006 [router_scraper] INFO: Scraped 6 devices from router
2026-03-20 16:06:11,077 [router_scraper] INFO: Clicked DHCP Information sidebar item
2026-03-20 16:06:13,125 [router_scraper] INFO: Clicked Device List tab
2026-03-20 16:06:13,250 [router_scraper] INFO: Scraped 6 devices from router
2026-03-20 16:06:21,077 [router_scraper] INFO: Clicked DHCP Information sidebar item
2026-03-20 16:06:23,125 [router_scraper] INFO: Clicked Device List tab
2026-03-20 16:06:23,264 [router_scraper] INFO: Scraped 6 devices from router
2026-03-20 16:06:25,324 [router_scraper] INFO: Clicked DHCP Information sidebar item
2026-03-20 16:06:27,352 [router_scraper] INFO: Clicked Device List tab
2026-03-20 16:06:27,499 [router_scraper] INFO: Scraped 6 devices from router
2026-03-20 16:06:35,323 [router_scraper] INFO: Clicked DHCP Information sidebar item
2026-03-20 16:06:37,351 [router_scraper] INFO: Clicked Device List tab
2026-03-20 16:06:37,457 [router_scraper] INFO: Scraped 6 devices from router
2026-03-20 16:06:39,525 [router_scraper] INFO: Clicked DHCP Information sidebar item
2026-03-20 16:06:41,575 [router_scraper] INFO: Clicked Device List tab
2026-03-20 16:06:41,701 [router_scraper] INFO: Scraped 6 devices from router
2026-03-20 16:06:49,525 [router_scraper] INFO: Clicked DHCP Information sidebar item
2026-03-20 16:06:51,575 [router_scraper] INFO: Clicked Device List tab
2026-03-20 16:06:51,680 [router_scraper] INFO: Scraped 6 devices from router
2026-03-20 16:06:53,774 [router_scraper] INFO: Clicked DHCP Information sidebar item
2026-03-20 16:06:55,827 [router_scraper] INFO: Clicked Device List tab
2026-03-20 16:06:55,951 [router_scraper] INFO: Scraped 6 devices from router
2026-03-20 16:07:03,742 [router_scraper] INFO: Clicked DHCP Information sidebar item
2026-03-20 16:07:05,792 [router_scraper] INFO: Clicked Device List tab
2026-03-20 16:07:05,901 [router_scraper] INFO: Scraped 6 devices from router
2026-03-20 16:07:07,971 [router_scraper] INFO: Clicked DHCP Information sidebar item
2026-03-20 16:07:10,020 [router_scraper] INFO: Clicked Device List tab
2026-03-20 16:07:10,145 [router_scraper] INFO: Scraped 6 devices from router
2026-03-20 16:07:17,951 [router_scraper] INFO: Clicked DHCP Information sidebar item
2026-03-20 16:07:19,992 [router_scraper] INFO: Clicked Device List tab
2026-03-20 16:07:20,098 [router_scraper] INFO: Scraped 6 devices from router
2026-03-20 16:07:22,152 [router_scraper] INFO: Clicked DHCP Information sidebar item
2026-03-20 16:07:24,186 [router_scraper] INFO: Clicked Device List tab
2026-03-20 16:07:24,311 [router_scraper] INFO: Scraped 6 devices from router
2026-03-20 16:07:32,155 [router_scraper] INFO: Clicked DHCP Information sidebar item
2026-03-20 16:07:34,218 [router_scraper] INFO: Clicked Device List tab
2026-03-20 16:07:34,344 [router_scraper] INFO: Scraped 6 devices from router
2026-03-20 16:07:36,418 [router_scraper] INFO: Clicked DHCP Information sidebar item
2026-03-20 16:07:38,482 [router_scraper] INFO: Clicked Device List tab
2026-03-20 16:07:38,618 [router_scraper] INFO: Scraped 6 devices from router
2026-03-20 16:07:46,406 [router_scraper] INFO: Clicked DHCP Information sidebar item
2026-03-20 16:07:48,451 [router_scraper] INFO: Clicked Device List tab
2026-03-20 16:07:48,570 [router_scraper] INFO: Scraped 6 devices from router
2026-03-20 16:07:50,641 [router_scraper] INFO: Clicked DHCP Information sidebar item
2026-03-20 16:07:52,690 [router_scraper] INFO: Clicked Device List tab
2026-03-20 16:07:52,824 [router_scraper] INFO: Scraped 6 devices from router
2026-03-20 16:08:00,640 [router_scraper] INFO: Clicked DHCP Information sidebar item
2026-03-20 16:08:02,688 [router_scraper] INFO: Clicked Device List tab
2026-03-20 16:08:02,835 [router_scraper] INFO: Scraped 6 devices from router
2026-03-20 16:08:04,905 [router_scraper] INFO: Clicked DHCP Information sidebar item
2026-03-20 16:08:06,955 [router_scraper] INFO: Clicked Device List tab
2026-03-20 16:08:07,082 [router_scraper] INFO: Scraped 6 devices from router
2026-03-20 16:08:14,905 [router_scraper] INFO: Clicked DHCP Information sidebar item
2026-03-20 16:08:16,955 [router_scraper] INFO: Clicked Device List tab
2026-03-20 16:08:17,064 [router_scraper] INFO: Scraped 6 devices from router
2026-03-20 16:08:19,139 [router_scraper] INFO: Clicked DHCP Information sidebar item
2026-03-20 16:08:21,191 [router_scraper] INFO: Clicked Device List tab
2026-03-20 16:08:21,320 [router_scraper] INFO: Scraped 6 devices from router
2026-03-20 16:08:29,113 [router_scraper] INFO: Clicked DHCP Information sidebar item
2026-03-20 16:08:31,154 [router_scraper] INFO: Clicked Device List tab
2026-03-20 16:08:31,263 [router_scraper] INFO: Scraped 6 devices from router
2026-03-20 16:08:33,339 [router_scraper] INFO: Clicked DHCP Information sidebar item
2026-03-20 16:08:35,387 [router_scraper] INFO: Clicked Device List tab
2026-03-20 16:08:35,552 [router_scraper] INFO: Scraped 6 devices from router
2026-03-20 16:08:43,313 [router_scraper] INFO: Clicked DHCP Information sidebar item
2026-03-20 16:08:45,360 [router_scraper] INFO: Clicked Device List tab
2026-03-20 16:08:45,474 [router_scraper] INFO: Scraped 6 devices from router
2026-03-20 16:08:47,530 [router_scraper] INFO: Clicked DHCP Information sidebar item
2026-03-20 16:08:49,572 [router_scraper] INFO: Clicked Device List tab
2026-03-20 16:08:49,701 [router_scraper] INFO: Scraped 6 devices from router
2026-03-20 16:08:57,537 [router_scraper] INFO: Clicked DHCP Information sidebar item
2026-03-20 16:08:59,587 [router_scraper] INFO: Clicked Device List tab
2026-03-20 16:08:59,726 [router_scraper] INFO: Scraped 6 devices from router
2026-03-20 16:09:01,807 [router_scraper] INFO: Clicked DHCP Information sidebar item
2026-03-20 16:09:03,846 [router_scraper] INFO: Clicked Device List tab
2026-03-20 16:09:03,977 [router_scraper] INFO: Scraped 6 devices from router
2026-03-20 16:09:11,785 [router_scraper] INFO: Clicked DHCP Information sidebar item
2026-03-20 16:09:13,836 [router_scraper] INFO: Clicked Device List tab
2026-03-20 16:09:13,974 [router_scraper] INFO: Scraped 6 devices from router
2026-03-20 16:09:16,032 [router_scraper] INFO: Clicked DHCP Information sidebar item
2026-03-20 16:09:18,063 [router_scraper] INFO: Clicked Device List tab
2026-03-20 16:09:18,191 [router_scraper] INFO: Scraped 6 devices from router
2026-03-20 16:09:26,035 [router_scraper] INFO: Clicked DHCP Information sidebar item
2026-03-20 16:09:28,086 [router_scraper] INFO: Clicked Device List tab
2026-03-20 16:09:28,194 [router_scraper] INFO: Scraped 6 devices from router
2026-03-20 16:09:30,272 [router_scraper] INFO: Clicked DHCP Information sidebar item
2026-03-20 16:09:32,321 [router_scraper] INFO: Clicked Device List tab
2026-03-20 16:09:32,455 [router_scraper] INFO: Scraped 6 devices from router
2026-03-20 16:09:40,270 [router_scraper] INFO: Clicked DHCP Information sidebar item
2026-03-20 16:09:42,318 [router_scraper] INFO: Clicked Device List tab
2026-03-20 16:09:42,425 [router_scraper] INFO: Scraped 6 devices from router
2026-03-20 16:09:44,520 [router_scraper] INFO: Clicked DHCP Information sidebar item
2026-03-20 16:09:46,568 [router_scraper] INFO: Clicked Device List tab
2026-03-20 16:09:46,732 [router_scraper] INFO: Scraped 6 devices from router
2026-03-20 16:09:54,484 [router_scraper] INFO: Clicked DHCP Information sidebar item
2026-03-20 16:09:56,534 [router_scraper] INFO: Clicked Device List tab
2026-03-20 16:09:56,643 [router_scraper] INFO: Scraped 6 devices from router
2026-03-20 16:09:58,718 [router_scraper] INFO: Clicked DHCP Information sidebar item
2026-03-20 16:10:00,771 [router_scraper] INFO: Clicked Device List tab
2026-03-20 16:10:00,918 [router_scraper] INFO: Scraped 6 devices from router
2026-03-20 16:10:08,720 [router_scraper] INFO: Clicked DHCP Information sidebar item
2026-03-20 16:10:10,772 [router_scraper] INFO: Clicked Device List tab
2026-03-20 16:10:10,878 [router_scraper] INFO: Scraped 6 devices from router
2026-03-20 16:10:12,952 [router_scraper] INFO: Clicked DHCP Information sidebar item
2026-03-20 16:10:15,002 [router_scraper] INFO: Clicked Device List tab
2026-03-20 16:10:15,130 [router_scraper] INFO: Scraped 6 devices from router
2026-03-20 16:10:22,928 [router_scraper] INFO: Clicked DHCP Information sidebar item
2026-03-20 16:10:24,967 [router_scraper] INFO: Clicked Device List tab
2026-03-20 16:10:25,119 [router_scraper] INFO: Scraped 6 devices from router
2026-03-20 16:10:27,204 [router_scraper] INFO: Clicked DHCP Information sidebar item
2026-03-20 16:10:29,255 [router_scraper] INFO: Clicked Device List tab
2026-03-20 16:10:29,385 [router_scraper] INFO: Scraped 6 devices from router
2026-03-20 16:10:37,183 [router_scraper] INFO: Clicked DHCP Information sidebar item
2026-03-20 16:10:39,230 [router_scraper] INFO: Clicked Device List tab
2026-03-20 16:10:39,342 [router_scraper] INFO: Scraped 6 devices from router
2026-03-20 16:10:41,750 [router_scraper] INFO: Clicked DHCP Information sidebar item
2026-03-20 16:10:43,819 [router_scraper] INFO: Clicked Device List tab
2026-03-20 16:10:43,973 [router_scraper] INFO: Scraped 6 devices from router
2026-03-20 16:10:51,705 [router_scraper] INFO: Clicked DHCP Information sidebar item
2026-03-20 16:10:53,743 [router_scraper] INFO: Clicked Device List tab
2026-03-20 16:10:53,849 [router_scraper] INFO: Scraped 6 devices from router
2026-03-20 16:10:55,930 [router_scraper] INFO: Clicked DHCP Information sidebar item
2026-03-20 16:10:57,980 [router_scraper] INFO: Clicked Device List tab
2026-03-20 16:10:58,112 [router_scraper] INFO: Scraped 6 devices from router
2026-03-20 16:11:05,915 [router_scraper] INFO: Clicked DHCP Information sidebar item
2026-03-20 16:11:07,958 [router_scraper] INFO: Clicked Device List tab
2026-03-20 16:11:08,085 [router_scraper] INFO: Scraped 6 devices from router
2026-03-20 16:11:10,181 [router_scraper] INFO: Clicked DHCP Information sidebar item
2026-03-20 16:11:12,229 [router_scraper] INFO: Clicked Device List tab
2026-03-20 16:11:12,359 [router_scraper] INFO: Scraped 6 devices from router
2026-03-20 16:11:20,144 [router_scraper] INFO: Clicked DHCP Information sidebar item
2026-03-20 16:11:22,195 [router_scraper] INFO: Clicked Device List tab
2026-03-20 16:11:22,301 [router_scraper] INFO: Scraped 6 devices from router
2026-03-20 16:11:24,379 [router_scraper] INFO: Clicked DHCP Information sidebar item
2026-03-20 16:11:26,429 [router_scraper] INFO: Clicked Device List tab
2026-03-20 16:11:26,563 [router_scraper] INFO: Scraped 6 devices from router
2026-03-20 16:11:34,363 [router_scraper] INFO: Clicked DHCP Information sidebar item
2026-03-20 16:11:36,413 [router_scraper] INFO: Clicked Device List tab
2026-03-20 16:11:36,521 [router_scraper] INFO: Scraped 6 devices from router
2026-03-20 16:11:38,596 [router_scraper] INFO: Clicked DHCP Information sidebar item
2026-03-20 16:11:40,646 [router_scraper] INFO: Clicked Device List tab
2026-03-20 16:11:40,783 [router_scraper] INFO: Scraped 6 devices from router
2026-03-20 16:11:48,573 [router_scraper] INFO: Clicked DHCP Information sidebar item
2026-03-20 16:11:50,606 [router_scraper] INFO: Clicked Device List tab
2026-03-20 16:11:50,715 [router_scraper] INFO: Scraped 6 devices from router
2026-03-20 16:11:52,797 [router_scraper] INFO: Clicked DHCP Information sidebar item
2026-03-20 16:11:54,884 [router_scraper] INFO: Clicked Device List tab
2026-03-20 16:11:55,011 [router_scraper] INFO: Scraped 6 devices from router
2026-03-20 16:12:02,770 [router_scraper] INFO: Clicked DHCP Information sidebar item
2026-03-20 16:12:04,806 [router_scraper] INFO: Clicked Device List tab
2026-03-20 16:12:04,914 [router_scraper] INFO: Scraped 6 devices from router
2026-03-20 16:12:06,973 [router_scraper] INFO: Clicked DHCP Information sidebar item
2026-03-20 16:12:09,029 [router_scraper] INFO: Clicked Device List tab
2026-03-20 16:12:09,156 [router_scraper] INFO: Scraped 6 devices from router
2026-03-20 16:12:16,977 [router_scraper] INFO: Clicked DHCP Information sidebar item
2026-03-20 16:12:19,028 [router_scraper] INFO: Clicked Device List tab
2026-03-20 16:12:19,138 [router_scraper] INFO: Scraped 6 devices from router
2026-03-20 16:12:21,212 [router_scraper] INFO: Clicked DHCP Information sidebar item
2026-03-20 16:12:23,265 [router_scraper] INFO: Clicked Device List tab
2026-03-20 16:12:23,395 [router_scraper] INFO: Scraped 6 devices from router
2026-03-20 16:12:31,187 [router_scraper] INFO: Clicked DHCP Information sidebar item
2026-03-20 16:12:33,223 [router_scraper] INFO: Clicked Device List tab
2026-03-20 16:12:33,332 [router_scraper] INFO: Scraped 6 devices from router
2026-03-20 16:12:35,390 [router_scraper] INFO: Clicked DHCP Information sidebar item
2026-03-20 16:12:37,421 [router_scraper] INFO: Clicked Device List tab
2026-03-20 16:12:37,551 [router_scraper] INFO: Scraped 6 devices from router
2026-03-20 16:12:45,388 [router_scraper] INFO: Clicked DHCP Information sidebar item
2026-03-20 16:12:47,423 [router_scraper] INFO: Clicked Device List tab
2026-03-20 16:12:47,533 [router_scraper] INFO: Scraped 6 devices from router
2026-03-20 16:12:49,613 [router_scraper] INFO: Clicked DHCP Information sidebar item
2026-03-20 16:12:51,662 [router_scraper] INFO: Clicked Device List tab
2026-03-20 16:12:51,822 [router_scraper] INFO: Scraped 6 devices from router
2026-03-20 16:12:59,591 [router_scraper] INFO: Clicked DHCP Information sidebar item
2026-03-20 16:13:01,645 [router_scraper] INFO: Clicked Device List tab
2026-03-20 16:13:01,788 [router_scraper] INFO: Scraped 6 devices from router
2026-03-20 16:13:03,861 [router_scraper] INFO: Clicked DHCP Information sidebar item
2026-03-20 16:13:05,967 [router_scraper] INFO: Clicked Device List tab
2026-03-20 16:13:06,153 [router_scraper] INFO: Scraped 6 devices from router
2026-03-20 16:13:13,838 [router_scraper] INFO: Clicked DHCP Information sidebar item
2026-03-20 16:13:15,955 [router_scraper] INFO: Clicked Device List tab
2026-03-20 16:13:16,099 [router_scraper] INFO: Scraped 6 devices from router
2026-03-20 16:13:18,190 [router_scraper] INFO: Clicked DHCP Information sidebar item
2026-03-20 16:13:20,222 [router_scraper] INFO: Clicked Device List tab
2026-03-20 16:13:20,354 [router_scraper] INFO: Scraped 6 devices from router
2026-03-20 16:13:28,160 [router_scraper] INFO: Clicked DHCP Information sidebar item
2026-03-20 16:13:30,210 [router_scraper] INFO: Clicked Device List tab
2026-03-20 16:13:30,319 [router_scraper] INFO: Scraped 6 devices from router
2026-03-20 16:13:32,393 [router_scraper] INFO: Clicked DHCP Information sidebar item
2026-03-20 16:13:34,446 [router_scraper] INFO: Clicked Device List tab
2026-03-20 16:13:34,598 [router_scraper] INFO: Scraped 6 devices from router
2026-03-20 16:13:42,425 [router_scraper] INFO: Clicked DHCP Information sidebar item
2026-03-20 16:13:44,477 [router_scraper] INFO: Clicked Device List tab
2026-03-20 16:13:44,588 [router_scraper] INFO: Scraped 6 devices from router
2026-03-20 16:13:46,661 [router_scraper] INFO: Clicked DHCP Information sidebar item
2026-03-20 16:13:48,713 [router_scraper] INFO: Clicked Device List tab
2026-03-20 16:13:48,849 [router_scraper] INFO: Scraped 6 devices from router
2026-03-20 16:13:56,638 [router_scraper] INFO: Clicked DHCP Information sidebar item
2026-03-20 16:13:58,670 [router_scraper] INFO: Clicked Device List tab
2026-03-20 16:13:58,780 [router_scraper] INFO: Scraped 6 devices from router
2026-03-20 16:14:00,837 [router_scraper] INFO: Clicked DHCP Information sidebar item
2026-03-20 16:14:02,875 [router_scraper] INFO: Clicked Device List tab
2026-03-20 16:14:03,035 [router_scraper] INFO: Scraped 6 devices from router
2026-03-20 16:14:10,841 [router_scraper] INFO: Clicked DHCP Information sidebar item
2026-03-20 16:14:12,870 [router_scraper] INFO: Clicked Device List tab
2026-03-20 16:14:12,978 [router_scraper] INFO: Scraped 6 devices from router
2026-03-20 16:14:15,056 [router_scraper] INFO: Clicked DHCP Information sidebar item
2026-03-20 16:14:17,087 [router_scraper] INFO: Clicked Device List tab
2026-03-20 16:14:17,218 [router_scraper] INFO: Scraped 6 devices from router
2026-03-20 16:14:25,037 [router_scraper] INFO: Clicked DHCP Information sidebar item
2026-03-20 16:14:27,076 [router_scraper] INFO: Clicked Device List tab
2026-03-20 16:14:27,182 [router_scraper] INFO: Scraped 6 devices from router
2026-03-20 16:14:29,263 [router_scraper] INFO: Clicked DHCP Information sidebar item
2026-03-20 16:14:31,310 [router_scraper] INFO: Clicked Device List tab
2026-03-20 16:14:31,438 [router_scraper] INFO: Scraped 6 devices from router
2026-03-20 16:14:39,242 [router_scraper] INFO: Clicked DHCP Information sidebar item
2026-03-20 16:14:41,291 [router_scraper] INFO: Clicked Device List tab
2026-03-20 16:14:41,430 [router_scraper] INFO: Scraped 6 devices from router
2026-03-20 16:14:43,487 [router_scraper] INFO: Clicked DHCP Information sidebar item
2026-03-20 16:14:45,521 [router_scraper] INFO: Clicked Device List tab
2026-03-20 16:14:45,651 [router_scraper] INFO: Scraped 6 devices from router
2026-03-20 16:14:53,491 [router_scraper] INFO: Clicked DHCP Information sidebar item
2026-03-20 16:14:55,519 [router_scraper] INFO: Clicked Device List tab
2026-03-20 16:14:55,627 [router_scraper] INFO: Scraped 6 devices from router
2026-03-20 16:14:57,687 [router_scraper] INFO: Clicked DHCP Information sidebar item
2026-03-20 16:14:59,720 [router_scraper] INFO: Clicked Device List tab
2026-03-20 16:14:59,849 [router_scraper] INFO: Scraped 6 devices from router
2026-03-20 16:15:07,695 [router_scraper] INFO: Clicked DHCP Information sidebar item
2026-03-20 16:15:09,742 [router_scraper] INFO: Clicked Device List tab
2026-03-20 16:15:09,849 [router_scraper] INFO: Scraped 6 devices from router
2026-03-20 16:15:11,926 [router_scraper] INFO: Clicked DHCP Information sidebar item
2026-03-20 16:15:13,976 [router_scraper] INFO: Clicked Device List tab
2026-03-20 16:15:14,137 [router_scraper] INFO: Scraped 6 devices from router
2026-03-20 16:15:21,908 [router_scraper] INFO: Clicked DHCP Information sidebar item
2026-03-20 16:15:23,976 [router_scraper] INFO: Clicked Device List tab
2026-03-20 16:15:24,082 [router_scraper] INFO: Scraped 6 devices from router
2026-03-20 16:15:26,158 [router_scraper] INFO: Clicked DHCP Information sidebar item
2026-03-20 16:15:28,213 [router_scraper] INFO: Clicked Device List tab
2026-03-20 16:15:28,341 [router_scraper] INFO: Scraped 6 devices from router
2026-03-20 16:15:36,141 [router_scraper] INFO: Clicked DHCP Information sidebar item
2026-03-20 16:15:38,192 [router_scraper] INFO: Clicked Device List tab
2026-03-20 16:15:38,298 [router_scraper] INFO: Scraped 6 devices from router
2026-03-20 16:15:40,377 [router_scraper] INFO: Clicked DHCP Information sidebar item
2026-03-20 16:15:42,426 [router_scraper] INFO: Clicked Device List tab
2026-03-20 16:15:42,581 [router_scraper] INFO: Scraped 6 devices from router
2026-03-20 16:15:50,353 [router_scraper] INFO: Clicked DHCP Information sidebar item
2026-03-20 16:15:52,387 [router_scraper] INFO: Clicked Device List tab
2026-03-20 16:15:52,492 [router_scraper] INFO: Scraped 6 devices from router
2026-03-20 16:15:54,554 [router_scraper] INFO: Clicked DHCP Information sidebar item
2026-03-20 16:15:56,587 [router_scraper] INFO: Clicked Device List tab
2026-03-20 16:15:56,719 [router_scraper] INFO: Scraped 6 devices from router
2026-03-20 16:16:04,557 [router_scraper] INFO: Clicked DHCP Information sidebar item
2026-03-20 16:16:06,602 [router_scraper] INFO: Clicked Device List tab
2026-03-20 16:16:06,711 [router_scraper] INFO: Scraped 6 devices from router
2026-03-20 16:16:08,771 [router_scraper] INFO: Clicked DHCP Information sidebar item
2026-03-20 16:16:10,802 [router_scraper] INFO: Clicked Device List tab
2026-03-20 16:16:10,930 [router_scraper] INFO: Scraped 6 devices from router
2026-03-20 16:16:18,773 [router_scraper] INFO: Clicked DHCP Information sidebar item
2026-03-20 16:16:20,825 [router_scraper] INFO: Clicked Device List tab
2026-03-20 16:16:20,930 [router_scraper] INFO: Scraped 6 devices from router
2026-03-20 16:16:23,009 [router_scraper] INFO: Clicked DHCP Information sidebar item
2026-03-20 16:16:25,060 [router_scraper] INFO: Clicked Device List tab
2026-03-20 16:16:25,225 [router_scraper] INFO: Scraped 6 devices from router
2026-03-20 16:16:32,996 [router_scraper] INFO: Clicked DHCP Information sidebar item
2026-03-20 16:16:35,039 [router_scraper] INFO: Clicked Device List tab
2026-03-20 16:16:35,151 [router_scraper] INFO: Scraped 6 devices from router
2026-03-20 16:16:37,229 [router_scraper] INFO: Clicked DHCP Information sidebar item
2026-03-20 16:16:39,276 [router_scraper] INFO: Clicked Device List tab
2026-03-20 16:16:39,415 [router_scraper] INFO: Scraped 6 devices from router
2026-03-20 16:16:47,204 [router_scraper] INFO: Clicked DHCP Information sidebar item
2026-03-20 16:16:49,235 [router_scraper] INFO: Clicked Device List tab
2026-03-20 16:16:49,514 [router_scraper] INFO: Scraped 6 devices from router
2026-03-20 16:16:51,592 [router_scraper] INFO: Clicked DHCP Information sidebar item
2026-03-20 16:16:53,640 [router_scraper] INFO: Clicked Device List tab
2026-03-20 16:16:53,769 [router_scraper] INFO: Scraped 6 devices from router
2026-03-20 16:17:00,509 [router_scraper] INFO: Clicked DHCP Information sidebar item
2026-03-20 16:17:02,559 [router_scraper] INFO: Clicked Device List tab
2026-03-20 16:17:02,709 [router_scraper] INFO: Scraped 6 devices from router
2026-03-20 16:17:04,772 [router_scraper] INFO: Clicked DHCP Information sidebar item
2026-03-20 16:17:06,802 [router_scraper] INFO: Clicked Device List tab
2026-03-20 16:17:06,910 [router_scraper] INFO: Scraped 6 devices from router
2026-03-20 16:17:09,006 [router_scraper] INFO: Clicked DHCP Information sidebar item
2026-03-20 16:17:11,064 [router_scraper] INFO: Clicked Device List tab
2026-03-20 16:17:11,204 [router_scraper] INFO: Scraped 6 devices from router
2026-03-20 16:17:18,974 [router_scraper] INFO: Clicked DHCP Information sidebar item
2026-03-20 16:17:21,020 [router_scraper] INFO: Clicked Device List tab
2026-03-20 16:17:21,132 [router_scraper] INFO: Scraped 6 devices from router
2026-03-20 16:17:23,205 [router_scraper] INFO: Clicked DHCP Information sidebar item
2026-03-20 16:17:25,278 [router_scraper] INFO: Clicked Device List tab
2026-03-20 16:17:25,448 [router_scraper] INFO: Scraped 6 devices from router
2026-03-20 16:17:33,190 [router_scraper] INFO: Clicked DHCP Information sidebar item
2026-03-20 16:17:35,240 [router_scraper] INFO: Clicked Device List tab
2026-03-20 16:17:35,357 [router_scraper] INFO: Scraped 6 devices from router
2026-03-20 16:17:37,422 [router_scraper] INFO: Clicked DHCP Information sidebar item
2026-03-20 16:17:39,451 [router_scraper] INFO: Clicked Device List tab
2026-03-20 16:17:39,577 [router_scraper] INFO: Scraped 6 devices from router
2026-03-20 16:17:47,424 [router_scraper] INFO: Clicked DHCP Information sidebar item
2026-03-20 16:17:49,489 [router_scraper] INFO: Clicked Device List tab
2026-03-20 16:17:49,594 [router_scraper] INFO: Scraped 6 devices from router
2026-03-20 16:17:51,654 [router_scraper] INFO: Clicked DHCP Information sidebar item
2026-03-20 16:17:53,684 [router_scraper] INFO: Clicked Device List tab
2026-03-20 16:17:53,809 [router_scraper] INFO: Scraped 6 devices from router
2026-03-20 16:18:01,655 [router_scraper] INFO: Clicked DHCP Information sidebar item
2026-03-20 16:18:03,682 [router_scraper] INFO: Clicked Device List tab
2026-03-20 16:18:03,818 [router_scraper] INFO: Scraped 6 devices from router
2026-03-20 16:18:05,896 [router_scraper] INFO: Clicked DHCP Information sidebar item
2026-03-20 16:18:07,940 [router_scraper] INFO: Clicked Device List tab
2026-03-20 16:18:08,068 [router_scraper] INFO: Scraped 6 devices from router
2026-03-20 16:18:15,869 [router_scraper] INFO: Clicked DHCP Information sidebar item
2026-03-20 16:18:17,899 [router_scraper] INFO: Clicked Device List tab
2026-03-20 16:18:18,007 [router_scraper] INFO: Scraped 6 devices from router
2026-03-20 16:18:20,070 [router_scraper] INFO: Clicked DHCP Information sidebar item
2026-03-20 16:18:22,101 [router_scraper] INFO: Clicked Device List tab
2026-03-20 16:18:22,229 [router_scraper] INFO: Scraped 6 devices from router
2026-03-20 16:18:30,075 [router_scraper] INFO: Clicked DHCP Information sidebar item
2026-03-20 16:18:32,123 [router_scraper] INFO: Clicked Device List tab
2026-03-20 16:18:32,230 [router_scraper] INFO: Scraped 6 devices from router
2026-03-20 16:18:34,308 [router_scraper] INFO: Clicked DHCP Information sidebar item
2026-03-20 16:18:36,358 [router_scraper] INFO: Clicked Device List tab
2026-03-20 16:18:36,519 [router_scraper] INFO: Scraped 6 devices from router
2026-03-20 16:18:44,291 [router_scraper] INFO: Clicked DHCP Information sidebar item
2026-03-20 16:18:46,337 [router_scraper] INFO: Clicked Device List tab
2026-03-20 16:18:46,445 [router_scraper] INFO: Scraped 6 devices from router
2026-03-20 16:18:48,524 [router_scraper] INFO: Clicked DHCP Information sidebar item
2026-03-20 16:18:50,574 [router_scraper] INFO: Clicked Device List tab
2026-03-20 16:18:50,705 [router_scraper] INFO: Scraped 6 devices from router
2026-03-20 16:18:58,504 [router_scraper] INFO: Clicked DHCP Information sidebar item
2026-03-20 16:19:00,557 [router_scraper] INFO: Clicked Device List tab
2026-03-20 16:19:00,663 [router_scraper] INFO: Scraped 6 devices from router
2026-03-20 16:19:02,744 [router_scraper] INFO: Clicked DHCP Information sidebar item
2026-03-20 16:19:04,789 [router_scraper] INFO: Clicked Device List tab
2026-03-20 16:19:04,916 [router_scraper] INFO: Scraped 6 devices from router
2026-03-20 16:19:12,719 [router_scraper] INFO: Clicked DHCP Information sidebar item
2026-03-20 16:19:14,751 [router_scraper] INFO: Clicked Device List tab
2026-03-20 16:19:14,890 [router_scraper] INFO: Scraped 6 devices from router
2026-03-20 16:19:16,953 [router_scraper] INFO: Clicked DHCP Information sidebar item
2026-03-20 16:19:18,987 [router_scraper] INFO: Clicked Device List tab
2026-03-20 16:19:19,277 [router_scraper] INFO: Scraped 6 devices from router
2026-03-20 16:19:26,956 [router_scraper] INFO: Clicked DHCP Information sidebar item
2026-03-20 16:19:29,007 [router_scraper] INFO: Clicked Device List tab
2026-03-20 16:19:29,113 [router_scraper] INFO: Scraped 6 devices from router
2026-03-20 16:19:31,192 [router_scraper] INFO: Clicked DHCP Information sidebar item
2026-03-20 16:19:33,240 [router_scraper] INFO: Clicked Device List tab
2026-03-20 16:19:33,368 [router_scraper] INFO: Scraped 6 devices from router
2026-03-20 16:19:41,169 [router_scraper] INFO: Clicked DHCP Information sidebar item
2026-03-20 16:19:43,200 [router_scraper] INFO: Clicked Device List tab
2026-03-20 16:19:43,310 [router_scraper] INFO: Scraped 6 devices from router
2026-03-20 16:19:45,392 [router_scraper] INFO: Clicked DHCP Information sidebar item
2026-03-20 16:19:47,443 [router_scraper] INFO: Clicked Device List tab
2026-03-20 16:19:47,571 [router_scraper] INFO: Scraped 6 devices from router
2026-03-20 16:19:55,373 [router_scraper] INFO: Clicked DHCP Information sidebar item
2026-03-20 16:19:57,424 [router_scraper] INFO: Clicked Device List tab
2026-03-20 16:19:57,537 [router_scraper] INFO: Scraped 5 devices from router
2026-03-20 16:19:59,622 [router_scraper] INFO: Clicked DHCP Information sidebar item
2026-03-20 16:20:01,674 [router_scraper] INFO: Clicked Device List tab
2026-03-20 16:20:01,792 [router_scraper] INFO: Scraped 5 devices from router
2026-03-20 16:20:09,607 [router_scraper] INFO: Clicked DHCP Information sidebar item
2026-03-20 16:20:11,655 [router_scraper] INFO: Clicked Device List tab
2026-03-20 16:20:11,750 [router_scraper] INFO: Scraped 5 devices from router
2026-03-20 16:20:13,826 [router_scraper] INFO: Clicked DHCP Information sidebar item
2026-03-20 16:20:15,876 [router_scraper] INFO: Clicked Device List tab
2026-03-20 16:20:16,002 [router_scraper] INFO: Scraped 5 devices from router
2026-03-20 16:20:23,799 [router_scraper] INFO: Clicked DHCP Information sidebar item
2026-03-20 16:20:25,875 [router_scraper] INFO: Clicked Device List tab
2026-03-20 16:20:26,012 [router_scraper] INFO: Scraped 5 devices from router
2026-03-20 16:20:28,091 [router_scraper] INFO: Clicked DHCP Information sidebar item
2026-03-20 16:20:30,119 [router_scraper] INFO: Clicked Device List tab
2026-03-20 16:20:30,235 [router_scraper] INFO: Scraped 5 devices from router
2026-03-20 16:20:38,074 [router_scraper] INFO: Clicked DHCP Information sidebar item
2026-03-20 16:20:40,123 [router_scraper] INFO: Clicked Device List tab
2026-03-20 16:20:40,225 [router_scraper] INFO: Scraped 5 devices from router
2026-03-20 16:20:42,307 [router_scraper] INFO: Clicked DHCP Information sidebar item
2026-03-20 16:20:44,357 [router_scraper] INFO: Clicked Device List tab
2026-03-20 16:20:44,495 [router_scraper] INFO: Scraped 5 devices from router
2026-03-20 16:20:52,383 [router_scraper] INFO: Clicked DHCP Information sidebar item
2026-03-20 16:20:54,416 [router_scraper] INFO: Clicked Device List tab
2026-03-20 16:20:54,513 [router_scraper] INFO: Scraped 5 devices from router
2026-03-20 16:20:56,589 [router_scraper] INFO: Clicked DHCP Information sidebar item
2026-03-20 16:20:58,639 [router_scraper] INFO: Clicked Device List tab
2026-03-20 16:20:58,758 [router_scraper] INFO: Scraped 5 devices from router
2026-03-20 16:21:06,572 [router_scraper] INFO: Clicked DHCP Information sidebar item
2026-03-20 16:21:08,623 [router_scraper] INFO: Clicked Device List tab
2026-03-20 16:21:08,725 [router_scraper] INFO: Scraped 5 devices from router
2026-03-20 16:21:10,806 [router_scraper] INFO: Clicked DHCP Information sidebar item
2026-03-20 16:21:12,860 [router_scraper] INFO: Clicked Device List tab
2026-03-20 16:21:12,980 [router_scraper] INFO: Scraped 5 devices from router
2026-03-20 16:21:20,783 [router_scraper] INFO: Clicked DHCP Information sidebar item
2026-03-20 16:21:22,816 [router_scraper] INFO: Clicked Device List tab
2026-03-20 16:21:22,914 [router_scraper] INFO: Scraped 5 devices from router
2026-03-20 16:21:24,991 [router_scraper] INFO: Clicked DHCP Information sidebar item
2026-03-20 16:21:27,041 [router_scraper] INFO: Clicked Device List tab
2026-03-20 16:21:27,155 [router_scraper] INFO: Scraped 5 devices from router
2026-03-20 16:21:35,103 [router_scraper] INFO: Clicked DHCP Information sidebar item
2026-03-20 16:21:37,139 [router_scraper] INFO: Clicked Device List tab
2026-03-20 16:21:37,237 [router_scraper] INFO: Scraped 5 devices from router
2026-03-20 16:21:39,302 [router_scraper] INFO: Clicked DHCP Information sidebar item
2026-03-20 16:21:41,333 [router_scraper] INFO: Clicked Device List tab
2026-03-20 16:21:41,447 [router_scraper] INFO: Scraped 5 devices from router
2026-03-20 16:21:49,312 [router_scraper] INFO: Clicked DHCP Information sidebar item
2026-03-20 16:21:51,381 [router_scraper] INFO: Clicked Device List tab
2026-03-20 16:21:51,511 [router_scraper] INFO: Scraped 5 devices from router
2026-03-20 16:21:53,584 [router_scraper] INFO: Clicked DHCP Information sidebar item
2026-03-20 16:21:55,624 [router_scraper] INFO: Clicked Device List tab
2026-03-20 16:21:55,743 [router_scraper] INFO: Scraped 5 devices from router
2026-03-20 16:22:03,568 [router_scraper] INFO: Clicked DHCP Information sidebar item
2026-03-20 16:22:05,597 [router_scraper] INFO: Clicked Device List tab
2026-03-20 16:22:05,696 [router_scraper] INFO: Scraped 5 devices from router
2026-03-20 16:22:07,798 [router_scraper] INFO: Clicked DHCP Information sidebar item
2026-03-20 16:22:09,836 [router_scraper] INFO: Clicked Device List tab
2026-03-20 16:22:09,950 [router_scraper] INFO: Scraped 5 devices from router
2026-03-20 16:22:17,751 [router_scraper] INFO: Clicked DHCP Information sidebar item
2026-03-20 16:22:19,824 [router_scraper] INFO: Clicked Device List tab
2026-03-20 16:22:19,916 [router_scraper] INFO: Scraped 5 devices from router
2026-03-20 16:22:21,989 [router_scraper] INFO: Clicked DHCP Information sidebar item
2026-03-20 16:22:24,039 [router_scraper] INFO: Clicked Device List tab
2026-03-20 16:22:24,154 [router_scraper] INFO: Scraped 5 devices from router
2026-03-20 16:22:31,990 [router_scraper] INFO: Clicked DHCP Information sidebar item
2026-03-20 16:22:34,036 [router_scraper] INFO: Clicked Device List tab
2026-03-20 16:22:34,136 [router_scraper] INFO: Scraped 5 devices from router
2026-03-20 16:22:36,202 [router_scraper] INFO: Clicked DHCP Information sidebar item
2026-03-20 16:22:38,258 [router_scraper] INFO: Clicked Device List tab
2026-03-20 16:22:38,387 [router_scraper] INFO: Scraped 5 devices from router
2026-03-20 16:22:46,205 [router_scraper] INFO: Clicked DHCP Information sidebar item
2026-03-20 16:22:48,254 [router_scraper] INFO: Clicked Device List tab
2026-03-20 16:22:48,354 [router_scraper] INFO: Scraped 5 devices from router
2026-03-20 16:22:50,417 [router_scraper] INFO: Clicked DHCP Information sidebar item
2026-03-20 16:22:52,448 [router_scraper] INFO: Clicked Device List tab
2026-03-20 16:22:52,562 [router_scraper] INFO: Scraped 5 devices from router
2026-03-20 16:23:00,419 [router_scraper] INFO: Clicked DHCP Information sidebar item
2026-03-20 16:23:02,470 [router_scraper] INFO: Clicked Device List tab
2026-03-20 16:23:02,567 [router_scraper] INFO: Scraped 5 devices from router
2026-03-20 16:23:04,633 [router_scraper] INFO: Clicked DHCP Information sidebar item
2026-03-20 16:23:06,667 [router_scraper] INFO: Clicked Device List tab
2026-03-20 16:23:06,779 [router_scraper] INFO: Scraped 5 devices from router
2026-03-20 16:23:14,640 [router_scraper] INFO: Clicked DHCP Information sidebar item
2026-03-20 16:23:16,688 [router_scraper] INFO: Clicked Device List tab
2026-03-20 16:23:16,786 [router_scraper] INFO: Scraped 5 devices from router
2026-03-20 16:23:18,873 [router_scraper] INFO: Clicked DHCP Information sidebar item
2026-03-20 16:23:20,923 [router_scraper] INFO: Clicked Device List tab
2026-03-20 16:23:21,049 [router_scraper] INFO: Scraped 5 devices from router
2026-03-20 16:23:28,851 [router_scraper] INFO: Clicked DHCP Information sidebar item
2026-03-20 16:23:30,882 [router_scraper] INFO: Clicked Device List tab
2026-03-20 16:23:31,191 [router_scraper] INFO: Scraped 5 devices from router
2026-03-20 16:23:33,296 [router_scraper] INFO: Clicked DHCP Information sidebar item
2026-03-20 16:23:35,331 [router_scraper] INFO: Clicked Device List tab
2026-03-20 16:23:35,450 [router_scraper] INFO: Scraped 5 devices from router
2026-03-20 16:23:43,268 [router_scraper] INFO: Clicked DHCP Information sidebar item
2026-03-20 16:23:45,328 [router_scraper] INFO: Clicked Device List tab
2026-03-20 16:23:45,431 [router_scraper] INFO: Scraped 5 devices from router
2026-03-20 16:23:47,509 [router_scraper] INFO: Clicked DHCP Information sidebar item
2026-03-20 16:23:49,556 [router_scraper] INFO: Clicked Device List tab
2026-03-20 16:23:49,676 [router_scraper] INFO: Scraped 5 devices from router
2026-03-20 16:23:57,503 [router_scraper] INFO: Clicked DHCP Information sidebar item
2026-03-20 16:23:59,565 [router_scraper] INFO: Clicked Device List tab
2026-03-20 16:23:59,662 [router_scraper] INFO: Scraped 5 devices from router
2026-03-20 16:24:01,821 [router_scraper] INFO: Clicked DHCP Information sidebar item
2026-03-20 16:24:03,871 [router_scraper] INFO: Clicked Device List tab
2026-03-20 16:24:03,991 [router_scraper] INFO: Scraped 5 devices from router
2026-03-20 16:24:11,715 [router_scraper] INFO: Clicked DHCP Information sidebar item
2026-03-20 16:24:13,756 [router_scraper] INFO: Clicked Device List tab
2026-03-20 16:24:13,871 [router_scraper] INFO: Scraped 5 devices from router
2026-03-20 16:24:15,955 [router_scraper] INFO: Clicked DHCP Information sidebar item
2026-03-20 16:24:18,005 [router_scraper] INFO: Clicked Device List tab
2026-03-20 16:24:18,202 [router_scraper] INFO: Scraped 5 devices from router
2026-03-20 16:24:25,936 [router_scraper] INFO: Clicked DHCP Information sidebar item
2026-03-20 16:24:27,987 [router_scraper] INFO: Clicked Device List tab
2026-03-20 16:24:28,128 [router_scraper] INFO: Scraped 5 devices from router
2026-03-20 16:24:30,224 [router_scraper] INFO: Clicked DHCP Information sidebar item
2026-03-20 16:24:32,265 [router_scraper] INFO: Clicked Device List tab
2026-03-20 16:24:32,384 [router_scraper] INFO: Scraped 5 devices from router
2026-03-20 16:24:40,181 [router_scraper] INFO: Clicked DHCP Information sidebar item
2026-03-20 16:24:42,214 [router_scraper] INFO: Clicked Device List tab
2026-03-20 16:24:42,350 [router_scraper] INFO: Scraped 5 devices from router
2026-03-20 16:24:44,537 [router_scraper] INFO: Clicked DHCP Information sidebar item
2026-03-20 16:24:46,585 [router_scraper] INFO: Clicked Device List tab
2026-03-20 16:24:46,743 [router_scraper] INFO: Scraped 5 devices from router
2026-03-20 16:24:54,396 [router_scraper] INFO: Clicked DHCP Information sidebar item
2026-03-20 16:24:56,437 [router_scraper] INFO: Clicked Device List tab
2026-03-20 16:24:56,535 [router_scraper] INFO: Scraped 5 devices from router
2026-03-20 16:24:58,622 [router_scraper] INFO: Clicked DHCP Information sidebar item
2026-03-20 16:25:00,663 [router_scraper] INFO: Clicked Device List tab
2026-03-20 16:25:00,786 [router_scraper] INFO: Scraped 5 devices from router
2026-03-20 16:25:08,610 [router_scraper] INFO: Clicked DHCP Information sidebar item
2026-03-20 16:25:10,661 [router_scraper] INFO: Clicked Device List tab
2026-03-20 16:25:10,775 [router_scraper] INFO: Scraped 5 devices from router
2026-03-20 16:25:12,854 [router_scraper] INFO: Clicked DHCP Information sidebar item
2026-03-20 16:25:14,911 [router_scraper] INFO: Clicked Device List tab
2026-03-20 16:25:15,027 [router_scraper] INFO: Scraped 5 devices from router
2026-03-20 16:25:22,837 [router_scraper] INFO: Clicked DHCP Information sidebar item
2026-03-20 16:25:24,886 [router_scraper] INFO: Clicked Device List tab
2026-03-20 16:25:24,982 [router_scraper] INFO: Scraped 5 devices from router
2026-03-20 16:25:27,047 [router_scraper] INFO: Clicked DHCP Information sidebar item
2026-03-20 16:25:29,084 [router_scraper] INFO: Clicked Device List tab
2026-03-20 16:25:29,216 [router_scraper] INFO: Scraped 5 devices from router
2026-03-20 16:25:37,053 [router_scraper] INFO: Clicked DHCP Information sidebar item
2026-03-20 16:25:39,131 [router_scraper] INFO: Clicked Device List tab
2026-03-20 16:25:39,225 [router_scraper] INFO: Scraped 5 devices from router
2026-03-20 16:25:41,303 [router_scraper] INFO: Clicked DHCP Information sidebar item
2026-03-20 16:25:43,358 [router_scraper] INFO: Clicked Device List tab
2026-03-20 16:25:43,479 [router_scraper] INFO: Scraped 5 devices from router
2026-03-20 16:25:51,306 [router_scraper] INFO: Clicked DHCP Information sidebar item
2026-03-20 16:25:53,355 [router_scraper] INFO: Clicked Device List tab
2026-03-20 16:25:53,458 [router_scraper] INFO: Scraped 5 devices from router
2026-03-20 16:25:55,618 [router_scraper] INFO: Clicked DHCP Information sidebar item
2026-03-20 16:25:57,679 [router_scraper] INFO: Clicked Device List tab
2026-03-20 16:25:57,805 [router_scraper] INFO: Scraped 5 devices from router
2026-03-20 16:26:05,515 [router_scraper] INFO: Clicked DHCP Information sidebar item
2026-03-20 16:26:07,545 [router_scraper] INFO: Clicked Device List tab
2026-03-20 16:26:07,638 [router_scraper] INFO: Scraped 5 devices from router
2026-03-20 16:26:09,704 [router_scraper] INFO: Clicked DHCP Information sidebar item
2026-03-20 16:26:11,747 [router_scraper] INFO: Clicked Device List tab
2026-03-20 16:26:11,859 [router_scraper] INFO: Scraped 5 devices from router
2026-03-20 16:26:19,702 [router_scraper] INFO: Clicked DHCP Information sidebar item
2026-03-20 16:26:21,752 [router_scraper] INFO: Clicked Device List tab
2026-03-20 16:26:21,846 [router_scraper] INFO: Scraped 5 devices from router
2026-03-20 16:26:23,919 [router_scraper] INFO: Clicked DHCP Information sidebar item
2026-03-20 16:26:25,971 [router_scraper] INFO: Clicked Device List tab
2026-03-20 16:26:26,081 [router_scraper] INFO: Scraped 5 devices from router
2026-03-20 16:26:34,086 [router_scraper] INFO: Clicked DHCP Information sidebar item
2026-03-20 16:26:36,129 [router_scraper] INFO: Clicked Device List tab
2026-03-20 16:26:36,238 [router_scraper] INFO: Scraped 5 devices from router
2026-03-20 16:26:38,302 [router_scraper] INFO: Clicked DHCP Information sidebar item
2026-03-20 16:26:40,343 [router_scraper] INFO: Clicked Device List tab
2026-03-20 16:26:40,452 [router_scraper] INFO: Scraped 5 devices from router
2026-03-20 16:26:48,287 [router_scraper] INFO: Clicked DHCP Information sidebar item
2026-03-20 16:26:50,320 [router_scraper] INFO: Clicked Device List tab
2026-03-20 16:26:50,415 [router_scraper] INFO: Scraped 5 devices from router
2026-03-20 16:26:52,487 [router_scraper] INFO: Clicked DHCP Information sidebar item
2026-03-20 16:26:54,521 [router_scraper] INFO: Clicked Device List tab
2026-03-20 16:26:54,634 [router_scraper] INFO: Scraped 5 devices from router
2026-03-20 16:27:02,475 [router_scraper] INFO: Clicked DHCP Information sidebar item
2026-03-20 16:27:04,526 [router_scraper] INFO: Clicked Device List tab
2026-03-20 16:27:04,652 [router_scraper] INFO: Scraped 5 devices from router
2026-03-20 16:27:06,727 [router_scraper] INFO: Clicked DHCP Information sidebar item
2026-03-20 16:27:08,775 [router_scraper] INFO: Clicked Device List tab
2026-03-20 16:27:08,886 [router_scraper] INFO: Scraped 5 devices from router
2026-03-20 16:27:16,769 [router_scraper] INFO: Clicked DHCP Information sidebar item
2026-03-20 16:27:18,807 [router_scraper] INFO: Clicked Device List tab
2026-03-20 16:27:18,920 [router_scraper] INFO: Scraped 5 devices from router
2026-03-20 16:27:20,992 [router_scraper] INFO: Clicked DHCP Information sidebar item
2026-03-20 16:27:23,043 [router_scraper] INFO: Clicked Device List tab
2026-03-20 16:27:23,165 [router_scraper] INFO: Scraped 5 devices from router
2026-03-20 16:27:30,970 [router_scraper] INFO: Clicked DHCP Information sidebar item
2026-03-20 16:27:33,029 [router_scraper] INFO: Clicked Device List tab
2026-03-20 16:27:33,140 [router_scraper] INFO: Scraped 5 devices from router
2026-03-20 16:27:35,212 [router_scraper] INFO: Clicked DHCP Information sidebar item
2026-03-20 16:27:37,260 [router_scraper] INFO: Clicked Device List tab
2026-03-20 16:27:37,396 [router_scraper] INFO: Scraped 5 devices from router
2026-03-20 16:27:45,250 [router_scraper] INFO: Clicked DHCP Information sidebar item
2026-03-20 16:27:47,292 [router_scraper] INFO: Clicked Device List tab
2026-03-20 16:27:47,392 [router_scraper] INFO: Scraped 5 devices from router
2026-03-20 16:27:49,480 [router_scraper] INFO: Clicked DHCP Information sidebar item
2026-03-20 16:27:51,525 [router_scraper] INFO: Clicked Device List tab
2026-03-20 16:27:51,673 [router_scraper] INFO: Scraped 5 devices from router
2026-03-20 16:27:59,468 [router_scraper] INFO: Clicked DHCP Information sidebar item
2026-03-20 16:28:01,507 [router_scraper] INFO: Clicked Device List tab
2026-03-20 16:28:01,667 [router_scraper] INFO: Scraped 5 devices from router
2026-03-20 16:28:03,739 [router_scraper] INFO: Clicked DHCP Information sidebar item
2026-03-20 16:28:05,792 [router_scraper] INFO: Clicked Device List tab
2026-03-20 16:28:05,907 [router_scraper] INFO: Scraped 5 devices from router
2026-03-20 16:28:13,724 [router_scraper] INFO: Clicked DHCP Information sidebar item
2026-03-20 16:28:15,775 [router_scraper] INFO: Clicked Device List tab
2026-03-20 16:28:15,888 [router_scraper] INFO: Scraped 5 devices from router
2026-03-20 16:28:17,954 [router_scraper] INFO: Clicked DHCP Information sidebar item
2026-03-20 16:28:20,007 [router_scraper] INFO: Clicked Device List tab
2026-03-20 16:28:20,121 [router_scraper] INFO: Scraped 5 devices from router
2026-03-20 16:28:27,958 [router_scraper] INFO: Clicked DHCP Information sidebar item
2026-03-20 16:28:30,008 [router_scraper] INFO: Clicked Device List tab
2026-03-20 16:28:30,102 [router_scraper] INFO: Scraped 5 devices from router
2026-03-20 16:28:32,175 [router_scraper] INFO: Clicked DHCP Information sidebar item
2026-03-20 16:28:34,229 [router_scraper] INFO: Clicked Device List tab
2026-03-20 16:28:34,348 [router_scraper] INFO: Scraped 5 devices from router
2026-03-20 16:28:42,175 [router_scraper] INFO: Clicked DHCP Information sidebar item
2026-03-20 16:28:44,225 [router_scraper] INFO: Clicked Device List tab
2026-03-20 16:28:44,323 [router_scraper] INFO: Scraped 5 devices from router
2026-03-20 16:28:46,392 [router_scraper] INFO: Clicked DHCP Information sidebar item
2026-03-20 16:28:48,443 [router_scraper] INFO: Clicked Device List tab
2026-03-20 16:28:48,605 [router_scraper] INFO: Scraped 5 devices from router
2026-03-20 16:28:56,414 [router_scraper] INFO: Clicked DHCP Information sidebar item
2026-03-20 16:28:58,457 [router_scraper] INFO: Clicked Device List tab
2026-03-20 16:28:58,553 [router_scraper] INFO: Scraped 5 devices from router
2026-03-20 16:29:00,626 [router_scraper] INFO: Clicked DHCP Information sidebar item
2026-03-20 16:29:02,674 [router_scraper] INFO: Clicked Device List tab
2026-03-20 16:29:02,790 [router_scraper] INFO: Scraped 5 devices from router
2026-03-20 16:29:10,601 [router_scraper] INFO: Clicked DHCP Information sidebar item
2026-03-20 16:29:12,644 [router_scraper] INFO: Clicked Device List tab
2026-03-20 16:29:12,740 [router_scraper] INFO: Scraped 5 devices from router
2026-03-20 16:29:14,804 [router_scraper] INFO: Clicked DHCP Information sidebar item
2026-03-20 16:29:16,842 [router_scraper] INFO: Clicked Device List tab
2026-03-20 16:29:16,951 [router_scraper] INFO: Scraped 5 devices from router
2026-03-20 16:29:24,810 [router_scraper] INFO: Clicked DHCP Information sidebar item
2026-03-20 16:29:26,857 [router_scraper] INFO: Clicked Device List tab
2026-03-20 16:29:26,951 [router_scraper] INFO: Scraped 5 devices from router
2026-03-20 16:29:29,028 [router_scraper] INFO: Clicked DHCP Information sidebar item
2026-03-20 16:29:31,073 [router_scraper] INFO: Clicked Device List tab
2026-03-20 16:29:31,182 [router_scraper] INFO: Scraped 5 devices from router
2026-03-20 16:29:39,001 [router_scraper] INFO: Clicked DHCP Information sidebar item
2026-03-20 16:29:41,036 [router_scraper] INFO: Clicked Device List tab
2026-03-20 16:29:41,132 [router_scraper] INFO: Scraped 5 devices from router
2026-03-20 16:29:43,208 [router_scraper] INFO: Clicked DHCP Information sidebar item
2026-03-20 16:29:45,260 [router_scraper] INFO: Clicked Device List tab
2026-03-20 16:29:45,371 [router_scraper] INFO: Scraped 5 devices from router
2026-03-20 16:29:53,206 [router_scraper] INFO: Clicked DHCP Information sidebar item
2026-03-20 16:29:55,256 [router_scraper] INFO: Clicked Device List tab
2026-03-20 16:29:55,350 [router_scraper] INFO: Scraped 5 devices from router
2026-03-20 16:29:57,426 [router_scraper] INFO: Clicked DHCP Information sidebar item
2026-03-20 16:29:59,472 [router_scraper] INFO: Clicked Device List tab
2026-03-20 16:29:59,593 [router_scraper] INFO: Scraped 5 devices from router
2026-03-20 16:30:07,423 [router_scraper] INFO: Clicked DHCP Information sidebar item
2026-03-20 16:30:09,449 [router_scraper] INFO: Clicked Device List tab
2026-03-20 16:30:09,575 [router_scraper] INFO: Scraped 5 devices from router
2026-03-20 16:30:11,641 [router_scraper] INFO: Clicked DHCP Information sidebar item
2026-03-20 16:30:13,691 [router_scraper] INFO: Clicked Device List tab
2026-03-20 16:30:13,805 [router_scraper] INFO: Scraped 5 devices from router
2026-03-20 16:30:21,640 [router_scraper] INFO: Clicked DHCP Information sidebar item
2026-03-20 16:30:23,690 [router_scraper] INFO: Clicked Device List tab
2026-03-20 16:30:23,784 [router_scraper] INFO: Scraped 5 devices from router
2026-03-20 16:30:25,859 [router_scraper] INFO: Clicked DHCP Information sidebar item
2026-03-20 16:30:27,907 [router_scraper] INFO: Clicked Device List tab
2026-03-20 16:30:28,022 [router_scraper] INFO: Scraped 5 devices from router
2026-03-20 16:30:35,833 [router_scraper] INFO: Clicked DHCP Information sidebar item
2026-03-20 16:30:37,867 [router_scraper] INFO: Clicked Device List tab
2026-03-20 16:30:37,966 [router_scraper] INFO: Scraped 5 devices from router
2026-03-20 16:30:40,040 [router_scraper] INFO: Clicked DHCP Information sidebar item
2026-03-20 16:30:42,085 [router_scraper] INFO: Clicked Device List tab
2026-03-20 16:30:42,200 [router_scraper] INFO: Scraped 5 devices from router
2026-03-20 16:30:50,043 [router_scraper] INFO: Clicked DHCP Information sidebar item
2026-03-20 16:30:52,091 [router_scraper] INFO: Clicked Device List tab
2026-03-20 16:30:52,186 [router_scraper] INFO: Scraped 5 devices from router
2026-03-20 16:30:54,255 [router_scraper] INFO: Clicked DHCP Information sidebar item
2026-03-20 16:30:56,310 [router_scraper] INFO: Clicked Device List tab
2026-03-20 16:30:56,427 [router_scraper] INFO: Scraped 5 devices from router
2026-03-20 16:31:04,256 [router_scraper] INFO: Clicked DHCP Information sidebar item
2026-03-20 16:31:06,305 [router_scraper] INFO: Clicked Device List tab
2026-03-20 16:31:06,401 [router_scraper] INFO: Scraped 5 devices from router
2026-03-20 16:31:08,475 [router_scraper] INFO: Clicked DHCP Information sidebar item
2026-03-20 16:31:10,523 [router_scraper] INFO: Clicked Device List tab
2026-03-20 16:31:10,641 [router_scraper] INFO: Scraped 5 devices from router
2026-03-20 16:31:18,450 [router_scraper] INFO: Clicked DHCP Information sidebar item
2026-03-20 16:31:20,490 [router_scraper] INFO: Clicked Device List tab
2026-03-20 16:31:20,622 [router_scraper] INFO: Scraped 5 devices from router
2026-03-20 16:31:22,689 [router_scraper] INFO: Clicked DHCP Information sidebar item
2026-03-20 16:31:24,742 [router_scraper] INFO: Clicked Device List tab
2026-03-20 16:31:24,857 [router_scraper] INFO: Scraped 5 devices from router
2026-03-20 16:31:32,687 [router_scraper] INFO: Clicked DHCP Information sidebar item
2026-03-20 16:31:34,717 [router_scraper] INFO: Clicked Device List tab
2026-03-20 16:31:34,813 [router_scraper] INFO: Scraped 5 devices from router
2026-03-20 16:31:36,890 [router_scraper] INFO: Clicked DHCP Information sidebar item
2026-03-20 16:31:38,940 [router_scraper] INFO: Clicked Device List tab
2026-03-20 16:31:39,055 [router_scraper] INFO: Scraped 5 devices from router
2026-03-20 16:31:46,871 [router_scraper] INFO: Clicked DHCP Information sidebar item
2026-03-20 16:31:48,926 [router_scraper] INFO: Clicked Device List tab
2026-03-20 16:31:49,023 [router_scraper] INFO: Scraped 5 devices from router
2026-03-20 16:31:51,123 [router_scraper] INFO: Clicked DHCP Information sidebar item
2026-03-20 16:31:53,173 [router_scraper] INFO: Clicked Device List tab
2026-03-20 16:31:53,291 [router_scraper] INFO: Scraped 5 devices from router
2026-03-20 16:32:01,090 [router_scraper] INFO: Clicked DHCP Information sidebar item
2026-03-20 16:32:03,142 [router_scraper] INFO: Clicked Device List tab
2026-03-20 16:32:03,236 [router_scraper] INFO: Scraped 5 devices from router
2026-03-20 16:32:05,309 [router_scraper] INFO: Clicked DHCP Information sidebar item
2026-03-20 16:32:07,357 [router_scraper] INFO: Clicked Device List tab
2026-03-20 16:32:07,471 [router_scraper] INFO: Scraped 5 devices from router
2026-03-20 16:32:15,307 [router_scraper] INFO: Clicked DHCP Information sidebar item
2026-03-20 16:32:17,359 [router_scraper] INFO: Clicked Device List tab
2026-03-20 16:32:17,458 [router_scraper] INFO: Scraped 5 devices from router
2026-03-20 16:32:19,517 [router_scraper] INFO: Clicked DHCP Information sidebar item
2026-03-20 16:32:21,556 [router_scraper] INFO: Clicked Device List tab
2026-03-20 16:32:21,668 [router_scraper] INFO: Scraped 5 devices from router
2026-03-20 16:32:29,520 [router_scraper] INFO: Clicked DHCP Information sidebar item
2026-03-20 16:32:31,571 [router_scraper] INFO: Clicked Device List tab
2026-03-20 16:32:31,665 [router_scraper] INFO: Scraped 5 devices from router
2026-03-20 16:32:33,741 [router_scraper] INFO: Clicked DHCP Information sidebar item
2026-03-20 16:32:35,790 [router_scraper] INFO: Clicked Device List tab
2026-03-20 16:32:35,907 [router_scraper] INFO: Scraped 5 devices from router
2026-03-20 16:32:43,739 [router_scraper] INFO: Clicked DHCP Information sidebar item
2026-03-20 16:32:45,787 [router_scraper] INFO: Clicked Device List tab
2026-03-20 16:32:45,884 [router_scraper] INFO: Scraped 5 devices from router
2026-03-20 16:32:47,951 [router_scraper] INFO: Clicked DHCP Information sidebar item
2026-03-20 16:32:49,984 [router_scraper] INFO: Clicked Device List tab
2026-03-20 16:32:50,117 [router_scraper] INFO: Scraped 5 devices from router
2026-03-20 16:32:57,956 [router_scraper] INFO: Clicked DHCP Information sidebar item
2026-03-20 16:33:00,003 [router_scraper] INFO: Clicked Device List tab
2026-03-20 16:33:00,098 [router_scraper] INFO: Scraped 5 devices from router
2026-03-20 16:33:02,173 [router_scraper] INFO: Clicked DHCP Information sidebar item
2026-03-20 16:33:04,220 [router_scraper] INFO: Clicked Device List tab
2026-03-20 16:33:04,331 [router_scraper] INFO: Scraped 5 devices from router
2026-03-20 16:33:12,148 [router_scraper] INFO: Clicked DHCP Information sidebar item
2026-03-20 16:33:14,186 [router_scraper] INFO: Clicked Device List tab
2026-03-20 16:33:14,279 [router_scraper] INFO: Scraped 5 devices from router
2026-03-20 16:33:16,356 [router_scraper] INFO: Clicked DHCP Information sidebar item
2026-03-20 16:33:18,381 [router_scraper] INFO: Clicked Device List tab
2026-03-20 16:33:18,493 [router_scraper] INFO: Scraped 5 devices from router
2026-03-20 16:33:26,334 [router_scraper] INFO: Clicked DHCP Information sidebar item
2026-03-20 16:33:28,367 [router_scraper] INFO: Clicked Device List tab
2026-03-20 16:33:28,459 [router_scraper] INFO: Scraped 5 devices from router
2026-03-20 16:33:30,540 [router_scraper] INFO: Clicked DHCP Information sidebar item
2026-03-20 16:33:32,589 [router_scraper] INFO: Clicked Device List tab
2026-03-20 16:33:32,703 [router_scraper] INFO: Scraped 5 devices from router
2026-03-20 16:33:40,520 [router_scraper] INFO: Clicked DHCP Information sidebar item
2026-03-20 16:33:42,546 [router_scraper] INFO: Clicked Device List tab
2026-03-20 16:33:42,646 [router_scraper] INFO: Scraped 5 devices from router
2026-03-20 16:33:44,723 [router_scraper] INFO: Clicked DHCP Information sidebar item
2026-03-20 16:33:46,772 [router_scraper] INFO: Clicked Device List tab
2026-03-20 16:33:46,882 [router_scraper] INFO: Scraped 5 devices from router
2026-03-20 16:33:54,698 [router_scraper] INFO: Clicked DHCP Information sidebar item
2026-03-20 16:33:56,733 [router_scraper] INFO: Clicked Device List tab
2026-03-20 16:33:56,836 [router_scraper] INFO: Scraped 5 devices from router
2026-03-20 16:33:58,908 [router_scraper] INFO: Clicked DHCP Information sidebar item
2026-03-20 16:34:00,955 [router_scraper] INFO: Clicked Device List tab
2026-03-20 16:34:01,065 [router_scraper] INFO: Scraped 5 devices from router
2026-03-20 16:34:08,904 [router_scraper] INFO: Clicked DHCP Information sidebar item
2026-03-20 16:34:10,955 [router_scraper] INFO: Clicked Device List tab
2026-03-20 16:34:11,050 [router_scraper] INFO: Scraped 5 devices from router
2026-03-20 16:34:13,120 [router_scraper] INFO: Clicked DHCP Information sidebar item
2026-03-20 16:34:15,149 [router_scraper] INFO: Clicked Device List tab
2026-03-20 16:34:15,259 [router_scraper] INFO: Scraped 5 devices from router
2026-03-20 16:34:23,120 [router_scraper] INFO: Clicked DHCP Information sidebar item
2026-03-20 16:34:25,149 [router_scraper] INFO: Clicked Device List tab
2026-03-20 16:34:25,241 [router_scraper] INFO: Scraped 5 devices from router
2026-03-20 16:34:27,304 [router_scraper] INFO: Clicked DHCP Information sidebar item
2026-03-20 16:34:29,356 [router_scraper] INFO: Clicked Device List tab
2026-03-20 16:34:29,468 [router_scraper] INFO: Scraped 5 devices from router
2026-03-20 16:34:37,305 [router_scraper] INFO: Clicked DHCP Information sidebar item
2026-03-20 16:34:39,355 [router_scraper] INFO: Clicked Device List tab
2026-03-20 16:34:39,450 [router_scraper] INFO: Scraped 5 devices from router
2026-03-20 16:34:41,523 [router_scraper] INFO: Clicked DHCP Information sidebar item
2026-03-20 16:34:43,573 [router_scraper] INFO: Clicked Device List tab
2026-03-20 16:34:43,684 [router_scraper] INFO: Scraped 5 devices from router
2026-03-20 16:34:51,522 [router_scraper] INFO: Clicked DHCP Information sidebar item
2026-03-20 16:34:53,572 [router_scraper] INFO: Clicked Device List tab
2026-03-20 16:34:53,667 [router_scraper] INFO: Scraped 5 devices from router
2026-03-20 16:34:55,775 [router_scraper] INFO: Clicked DHCP Information sidebar item
2026-03-20 16:34:57,821 [router_scraper] INFO: Clicked Device List tab
2026-03-20 16:34:57,936 [router_scraper] INFO: Scraped 5 devices from router
2026-03-20 16:35:05,737 [router_scraper] INFO: Clicked DHCP Information sidebar item
2026-03-20 16:35:07,790 [router_scraper] INFO: Clicked Device List tab
2026-03-20 16:35:07,917 [router_scraper] INFO: Scraped 5 devices from router
2026-03-20 16:35:09,992 [router_scraper] INFO: Clicked DHCP Information sidebar item
2026-03-20 16:35:12,040 [router_scraper] INFO: Clicked Device List tab
2026-03-20 16:35:12,150 [router_scraper] INFO: Scraped 5 devices from router
2026-03-20 16:35:19,964 [router_scraper] INFO: Clicked DHCP Information sidebar item
2026-03-20 16:35:21,998 [router_scraper] INFO: Clicked Device List tab
2026-03-20 16:35:22,094 [router_scraper] INFO: Scraped 5 devices from router
2026-03-20 16:35:24,173 [router_scraper] INFO: Clicked DHCP Information sidebar item
2026-03-20 16:35:26,224 [router_scraper] INFO: Clicked Device List tab
2026-03-20 16:35:26,338 [router_scraper] INFO: Scraped 5 devices from router
2026-03-20 16:35:34,155 [router_scraper] INFO: Clicked DHCP Information sidebar item
2026-03-20 16:35:36,199 [router_scraper] INFO: Clicked Device List tab
2026-03-20 16:35:36,289 [router_scraper] INFO: Scraped 5 devices from router
2026-03-20 16:35:38,371 [router_scraper] INFO: Clicked DHCP Information sidebar item
2026-03-20 16:35:40,422 [router_scraper] INFO: Clicked Device List tab
2026-03-20 16:35:40,533 [router_scraper] INFO: Scraped 5 devices from router
2026-03-20 16:35:48,353 [router_scraper] INFO: Clicked DHCP Information sidebar item
2026-03-20 16:35:50,403 [router_scraper] INFO: Clicked Device List tab
2026-03-20 16:35:50,495 [router_scraper] INFO: Scraped 5 devices from router
2026-03-20 16:35:52,570 [router_scraper] INFO: Clicked DHCP Information sidebar item
2026-03-20 16:35:54,623 [router_scraper] INFO: Clicked Device List tab
2026-03-20 16:35:54,734 [router_scraper] INFO: Scraped 5 devices from router
2026-03-20 16:36:02,546 [router_scraper] INFO: Clicked DHCP Information sidebar item
2026-03-20 16:36:04,590 [router_scraper] INFO: Clicked Device List tab
2026-03-20 16:36:04,682 [router_scraper] INFO: Scraped 5 devices from router
2026-03-20 16:36:06,755 [router_scraper] INFO: Clicked DHCP Information sidebar item
2026-03-20 16:36:08,823 [router_scraper] INFO: Clicked Device List tab
2026-03-20 16:36:08,943 [router_scraper] INFO: Scraped 5 devices from router
2026-03-20 16:36:16,730 [router_scraper] INFO: Clicked DHCP Information sidebar item
2026-03-20 16:36:18,763 [router_scraper] INFO: Clicked Device List tab
2026-03-20 16:36:18,856 [router_scraper] INFO: Scraped 5 devices from router
2026-03-20 16:36:20,914 [router_scraper] INFO: Clicked DHCP Information sidebar item
2026-03-20 16:36:22,948 [router_scraper] INFO: Clicked Device List tab
2026-03-20 16:36:23,068 [router_scraper] INFO: Scraped 5 devices from router
2026-03-20 16:36:30,921 [router_scraper] INFO: Clicked DHCP Information sidebar item
2026-03-20 16:36:32,974 [router_scraper] INFO: Clicked Device List tab
2026-03-20 16:36:33,073 [router_scraper] INFO: Scraped 5 devices from router
2026-03-20 16:36:35,132 [router_scraper] INFO: Clicked DHCP Information sidebar item
2026-03-20 16:36:37,168 [router_scraper] INFO: Clicked Device List tab
2026-03-20 16:36:37,288 [router_scraper] INFO: Scraped 5 devices from router
2026-03-20 16:36:45,136 [router_scraper] INFO: Clicked DHCP Information sidebar item
2026-03-20 16:36:47,185 [router_scraper] INFO: Clicked Device List tab
2026-03-20 16:36:47,285 [router_scraper] INFO: Scraped 5 devices from router
2026-03-20 16:36:49,353 [router_scraper] INFO: Clicked DHCP Information sidebar item
2026-03-20 16:36:51,407 [router_scraper] INFO: Clicked Device List tab
2026-03-20 16:36:51,542 [router_scraper] INFO: Scraped 5 devices from router
2026-03-20 16:36:59,355 [router_scraper] INFO: Clicked DHCP Information sidebar item
2026-03-20 16:37:01,403 [router_scraper] INFO: Clicked Device List tab
2026-03-20 16:37:01,499 [router_scraper] INFO: Scraped 5 devices from router
2026-03-20 16:37:03,570 [router_scraper] INFO: Clicked DHCP Information sidebar item
2026-03-20 16:37:05,620 [router_scraper] INFO: Clicked Device List tab
2026-03-20 16:37:05,736 [router_scraper] INFO: Scraped 5 devices from router
2026-03-20 16:37:13,570 [router_scraper] INFO: Clicked DHCP Information sidebar item
2026-03-20 16:37:15,621 [router_scraper] INFO: Clicked Device List tab
2026-03-20 16:37:15,715 [router_scraper] INFO: Scraped 5 devices from router
2026-03-20 16:37:17,786 [router_scraper] INFO: Clicked DHCP Information sidebar item
2026-03-20 16:37:19,838 [router_scraper] INFO: Clicked Device List tab
2026-03-20 16:37:19,983 [router_scraper] INFO: Scraped 5 devices from router
2026-03-20 16:37:27,787 [router_scraper] INFO: Clicked DHCP Information sidebar item
2026-03-20 16:37:29,835 [router_scraper] INFO: Clicked Device List tab
2026-03-20 16:37:29,930 [router_scraper] INFO: Scraped 5 devices from router
2026-03-20 16:37:32,004 [router_scraper] INFO: Clicked DHCP Information sidebar item
2026-03-20 16:37:34,054 [router_scraper] INFO: Clicked Device List tab
2026-03-20 16:37:34,165 [router_scraper] INFO: Scraped 5 devices from router
2026-03-20 16:37:42,003 [router_scraper] INFO: Clicked DHCP Information sidebar item
2026-03-20 16:37:44,053 [router_scraper] INFO: Clicked Device List tab
2026-03-20 16:37:44,147 [router_scraper] INFO: Scraped 5 devices from router
2026-03-20 16:37:46,218 [router_scraper] INFO: Clicked DHCP Information sidebar item
2026-03-20 16:37:48,270 [router_scraper] INFO: Clicked Device List tab
2026-03-20 16:37:48,381 [router_scraper] INFO: Scraped 5 devices from router
2026-03-20 16:37:56,195 [router_scraper] INFO: Clicked DHCP Information sidebar item
2026-03-20 16:37:58,254 [router_scraper] INFO: Clicked Device List tab
2026-03-20 16:37:58,346 [router_scraper] INFO: Scraped 5 devices from router
2026-03-20 16:38:00,421 [router_scraper] INFO: Clicked DHCP Information sidebar item
2026-03-20 16:38:02,473 [router_scraper] INFO: Clicked Device List tab
2026-03-20 16:38:02,589 [router_scraper] INFO: Scraped 5 devices from router
2026-03-20 16:38:10,395 [router_scraper] INFO: Clicked DHCP Information sidebar item
2026-03-20 16:38:12,434 [router_scraper] INFO: Clicked Device List tab
2026-03-20 16:38:12,541 [router_scraper] INFO: Scraped 5 devices from router
2026-03-20 16:38:14,666 [router_scraper] INFO: Clicked DHCP Information sidebar item
2026-03-20 16:38:16,785 [router_scraper] INFO: Clicked Device List tab
2026-03-20 16:38:17,011 [router_scraper] INFO: Scraped 5 devices from router
2026-03-20 16:38:24,632 [router_scraper] INFO: Clicked DHCP Information sidebar item
2026-03-20 16:38:26,721 [router_scraper] INFO: Clicked Device List tab
2026-03-20 16:38:26,841 [router_scraper] INFO: Scraped 5 devices from router
2026-03-20 16:38:28,920 [router_scraper] INFO: Clicked DHCP Information sidebar item
2026-03-20 16:38:30,971 [router_scraper] INFO: Clicked Device List tab
2026-03-20 16:38:31,136 [router_scraper] INFO: Scraped 5 devices from router
2026-03-20 16:38:38,917 [router_scraper] INFO: Clicked DHCP Information sidebar item
2026-03-20 16:38:40,972 [router_scraper] INFO: Clicked Device List tab
2026-03-20 16:38:41,069 [router_scraper] INFO: Scraped 5 devices from router
2026-03-20 16:38:43,134 [router_scraper] INFO: Clicked DHCP Information sidebar item
2026-03-20 16:38:45,186 [router_scraper] INFO: Clicked Device List tab
2026-03-20 16:38:45,318 [router_scraper] INFO: Scraped 5 devices from router
2026-03-20 16:38:53,131 [router_scraper] INFO: Clicked DHCP Information sidebar item
2026-03-20 16:38:55,163 [router_scraper] INFO: Clicked Device List tab
2026-03-20 16:38:55,261 [router_scraper] INFO: Scraped 5 devices from router
2026-03-20 16:38:57,330 [router_scraper] INFO: Clicked DHCP Information sidebar item
2026-03-20 16:38:59,364 [router_scraper] INFO: Clicked Device List tab
2026-03-20 16:38:59,487 [router_scraper] INFO: Scraped 5 devices from router
2026-03-20 16:39:07,312 [router_scraper] INFO: Clicked DHCP Information sidebar item
2026-03-20 16:39:09,346 [router_scraper] INFO: Clicked Device List tab
2026-03-20 16:39:09,444 [router_scraper] INFO: Scraped 5 devices from router
2026-03-20 16:39:11,548 [router_scraper] INFO: Clicked DHCP Information sidebar item
2026-03-20 16:39:13,579 [router_scraper] INFO: Clicked Device List tab
2026-03-20 16:39:13,692 [router_scraper] INFO: Scraped 5 devices from router
2026-03-20 16:39:21,494 [router_scraper] INFO: Clicked DHCP Information sidebar item
2026-03-20 16:39:23,533 [router_scraper] INFO: Clicked Device List tab
2026-03-20 16:39:23,631 [router_scraper] INFO: Scraped 5 devices from router
2026-03-20 16:39:25,698 [router_scraper] INFO: Clicked DHCP Information sidebar item
2026-03-20 16:39:27,752 [router_scraper] INFO: Clicked Device List tab
2026-03-20 16:39:27,868 [router_scraper] INFO: Scraped 5 devices from router
2026-03-20 16:39:35,701 [router_scraper] INFO: Clicked DHCP Information sidebar item
2026-03-20 16:39:37,755 [router_scraper] INFO: Clicked Device List tab
2026-03-20 16:39:37,854 [router_scraper] INFO: Scraped 5 devices from router
2026-03-20 16:39:39,913 [router_scraper] INFO: Clicked DHCP Information sidebar item
2026-03-20 16:39:41,947 [router_scraper] INFO: Clicked Device List tab
2026-03-20 16:39:42,062 [router_scraper] INFO: Scraped 5 devices from router
2026-03-20 16:39:49,971 [router_scraper] INFO: Clicked DHCP Information sidebar item
2026-03-20 16:39:52,017 [router_scraper] INFO: Clicked Device List tab
2026-03-20 16:39:52,118 [router_scraper] INFO: Scraped 5 devices from router
2026-03-20 16:39:54,180 [router_scraper] INFO: Clicked DHCP Information sidebar item
2026-03-20 16:39:56,213 [router_scraper] INFO: Clicked Device List tab
2026-03-20 16:39:56,325 [router_scraper] INFO: Scraped 5 devices from router
2026-03-20 16:40:04,183 [router_scraper] INFO: Clicked DHCP Information sidebar item
2026-03-20 16:40:06,229 [router_scraper] INFO: Clicked Device List tab
2026-03-20 16:40:06,325 [router_scraper] INFO: Scraped 5 devices from router
2026-03-20 16:40:08,400 [router_scraper] INFO: Clicked DHCP Information sidebar item
2026-03-20 16:40:10,453 [router_scraper] INFO: Clicked Device List tab
2026-03-20 16:40:10,568 [router_scraper] INFO: Scraped 5 devices from router
2026-03-20 16:40:18,379 [router_scraper] INFO: Clicked DHCP Information sidebar item
2026-03-20 16:40:20,415 [router_scraper] INFO: Clicked Device List tab
2026-03-20 16:40:20,512 [router_scraper] INFO: Scraped 5 devices from router
2026-03-20 16:40:22,613 [router_scraper] INFO: Clicked DHCP Information sidebar item
2026-03-20 16:40:24,650 [router_scraper] INFO: Clicked Device List tab
2026-03-20 16:40:24,768 [router_scraper] INFO: Scraped 5 devices from router
2026-03-20 16:40:32,582 [router_scraper] INFO: Clicked DHCP Information sidebar item
2026-03-20 16:40:34,610 [router_scraper] INFO: Clicked Device List tab
2026-03-20 16:40:34,706 [router_scraper] INFO: Scraped 5 devices from router
2026-03-20 16:40:36,779 [router_scraper] INFO: Clicked DHCP Information sidebar item
2026-03-20 16:40:38,811 [router_scraper] INFO: Clicked Device List tab
2026-03-20 16:40:38,965 [router_scraper] INFO: Scraped 5 devices from router
2026-03-20 16:40:46,768 [router_scraper] INFO: Clicked DHCP Information sidebar item
2026-03-20 16:40:48,819 [router_scraper] INFO: Clicked Device List tab
2026-03-20 16:40:48,918 [router_scraper] INFO: Scraped 5 devices from router
2026-03-20 16:40:51,008 [router_scraper] INFO: Clicked DHCP Information sidebar item
2026-03-20 16:40:53,051 [router_scraper] INFO: Clicked Device List tab
2026-03-20 16:40:53,187 [router_scraper] INFO: Scraped 5 devices from router
2026-03-20 16:41:00,980 [router_scraper] INFO: Clicked DHCP Information sidebar item
2026-03-20 16:41:03,010 [router_scraper] INFO: Clicked Device List tab
2026-03-20 16:41:03,106 [router_scraper] INFO: Scraped 5 devices from router
2026-03-20 16:41:05,202 [router_scraper] INFO: Clicked DHCP Information sidebar item
2026-03-20 16:41:07,251 [router_scraper] INFO: Clicked Device List tab
2026-03-20 16:41:07,367 [router_scraper] INFO: Scraped 5 devices from router
2026-03-20 16:41:15,165 [router_scraper] INFO: Clicked DHCP Information sidebar item
2026-03-20 16:41:17,195 [router_scraper] INFO: Clicked Device List tab
2026-03-20 16:41:17,295 [router_scraper] INFO: Scraped 5 devices from router
2026-03-20 16:41:19,366 [router_scraper] INFO: Clicked DHCP Information sidebar item
2026-03-20 16:41:21,413 [router_scraper] INFO: Clicked Device List tab
2026-03-20 16:41:21,527 [router_scraper] INFO: Scraped 5 devices from router
2026-03-20 16:41:29,345 [router_scraper] INFO: Clicked DHCP Information sidebar item
2026-03-20 16:41:31,379 [router_scraper] INFO: Clicked Device List tab
2026-03-20 16:41:31,478 [router_scraper] INFO: Scraped 5 devices from router
2026-03-20 16:41:33,549 [router_scraper] INFO: Clicked DHCP Information sidebar item
2026-03-20 16:41:35,601 [router_scraper] INFO: Clicked Device List tab
2026-03-20 16:41:35,722 [router_scraper] INFO: Scraped 5 devices from router
2026-03-20 16:41:43,549 [router_scraper] INFO: Clicked DHCP Information sidebar item
2026-03-20 16:41:45,600 [router_scraper] INFO: Clicked Device List tab
2026-03-20 16:41:45,698 [router_scraper] INFO: Scraped 5 devices from router
2026-03-20 16:41:47,762 [router_scraper] INFO: Clicked DHCP Information sidebar item
2026-03-20 16:41:49,794 [router_scraper] INFO: Clicked Device List tab
2026-03-20 16:41:49,910 [router_scraper] INFO: Scraped 5 devices from router
2026-03-20 16:41:57,775 [router_scraper] INFO: Clicked DHCP Information sidebar item
2026-03-20 16:41:59,817 [router_scraper] INFO: Clicked Device List tab
2026-03-20 16:41:59,914 [router_scraper] INFO: Scraped 5 devices from router
2026-03-20 16:42:01,984 [router_scraper] INFO: Clicked DHCP Information sidebar item
2026-03-20 16:42:04,034 [router_scraper] INFO: Clicked Device List tab
2026-03-20 16:42:04,149 [router_scraper] INFO: Scraped 5 devices from router
2026-03-20 16:42:11,984 [router_scraper] INFO: Clicked DHCP Information sidebar item
2026-03-20 16:42:14,033 [router_scraper] INFO: Clicked Device List tab
2026-03-20 16:42:14,128 [router_scraper] INFO: Scraped 5 devices from router
2026-03-20 16:42:16,199 [router_scraper] INFO: Clicked DHCP Information sidebar item
2026-03-20 16:42:18,250 [router_scraper] INFO: Clicked Device List tab
2026-03-20 16:42:18,366 [router_scraper] INFO: Scraped 5 devices from router
2026-03-20 16:42:26,177 [router_scraper] INFO: Clicked DHCP Information sidebar item
2026-03-20 16:42:28,212 [router_scraper] INFO: Clicked Device List tab
2026-03-20 16:42:28,309 [router_scraper] INFO: Scraped 5 devices from router
2026-03-20 16:42:30,385 [router_scraper] INFO: Clicked DHCP Information sidebar item
2026-03-20 16:42:32,442 [router_scraper] INFO: Clicked Device List tab
2026-03-20 16:42:32,554 [router_scraper] INFO: Scraped 5 devices from router
2026-03-20 16:42:40,359 [router_scraper] INFO: Clicked DHCP Information sidebar item
2026-03-20 16:42:42,394 [router_scraper] INFO: Clicked Device List tab
2026-03-20 16:42:42,530 [router_scraper] INFO: Scraped 5 devices from router
2026-03-20 16:42:44,599 [router_scraper] INFO: Clicked DHCP Information sidebar item
2026-03-20 16:42:46,654 [router_scraper] INFO: Clicked Device List tab
2026-03-20 16:42:46,769 [router_scraper] INFO: Scraped 5 devices from router
2026-03-20 16:42:54,595 [router_scraper] INFO: Clicked DHCP Information sidebar item
2026-03-20 16:42:56,628 [router_scraper] INFO: Clicked Device List tab
2026-03-20 16:42:56,720 [router_scraper] INFO: Scraped 5 devices from router
2026-03-20 16:42:58,789 [router_scraper] INFO: Clicked DHCP Information sidebar item
2026-03-20 16:43:00,833 [router_scraper] INFO: Clicked Device List tab
2026-03-20 16:43:00,952 [router_scraper] INFO: Scraped 5 devices from router
2026-03-20 16:43:08,783 [router_scraper] INFO: Clicked DHCP Information sidebar item
2026-03-20 16:43:10,832 [router_scraper] INFO: Clicked Device List tab
2026-03-20 16:43:10,943 [router_scraper] INFO: Scraped 5 devices from router
2026-03-20 16:43:13,019 [router_scraper] INFO: Clicked DHCP Information sidebar item
2026-03-20 16:43:15,067 [router_scraper] INFO: Clicked Device List tab
2026-03-20 16:43:15,253 [router_scraper] INFO: Scraped 5 devices from router
2026-03-20 16:43:23,016 [router_scraper] INFO: Clicked DHCP Information sidebar item
2026-03-20 16:43:25,064 [router_scraper] INFO: Clicked Device List tab
2026-03-20 16:43:25,213 [router_scraper] INFO: Scraped 5 devices from router
2026-03-20 16:43:27,295 [router_scraper] INFO: Clicked DHCP Information sidebar item
2026-03-20 16:43:29,327 [router_scraper] INFO: Clicked Device List tab
2026-03-20 16:43:29,450 [router_scraper] INFO: Scraped 5 devices from router
2026-03-20 16:43:37,279 [router_scraper] INFO: Clicked DHCP Information sidebar item
2026-03-20 16:43:39,328 [router_scraper] INFO: Clicked Device List tab
2026-03-20 16:43:39,420 [router_scraper] INFO: Scraped 5 devices from router
2026-03-20 16:43:41,503 [router_scraper] INFO: Clicked DHCP Information sidebar item
2026-03-20 16:43:43,549 [router_scraper] INFO: Clicked Device List tab
2026-03-20 16:43:43,665 [router_scraper] INFO: Scraped 5 devices from router
2026-03-20 16:43:51,481 [router_scraper] INFO: Clicked DHCP Information sidebar item
2026-03-20 16:43:53,511 [router_scraper] INFO: Clicked Device List tab
2026-03-20 16:43:53,643 [router_scraper] INFO: Scraped 5 devices from router
2026-03-20 16:43:55,718 [router_scraper] INFO: Clicked DHCP Information sidebar item
2026-03-20 16:43:57,761 [router_scraper] INFO: Clicked Device List tab
2026-03-20 16:43:57,876 [router_scraper] INFO: Scraped 5 devices from router
2026-03-20 16:44:05,715 [router_scraper] INFO: Clicked DHCP Information sidebar item
2026-03-20 16:44:07,765 [router_scraper] INFO: Clicked Device List tab
2026-03-20 16:44:07,860 [router_scraper] INFO: Scraped 5 devices from router
2026-03-20 16:44:09,935 [router_scraper] INFO: Clicked DHCP Information sidebar item
2026-03-20 16:44:11,991 [router_scraper] INFO: Clicked Device List tab
2026-03-20 16:44:12,100 [router_scraper] INFO: Scraped 5 devices from router
2026-03-20 16:44:19,908 [router_scraper] INFO: Clicked DHCP Information sidebar item
2026-03-20 16:44:21,942 [router_scraper] INFO: Clicked Device List tab
2026-03-20 16:44:22,043 [router_scraper] INFO: Scraped 5 devices from router
2026-03-20 16:44:24,111 [router_scraper] INFO: Clicked DHCP Information sidebar item
2026-03-20 16:44:26,143 [router_scraper] INFO: Clicked Device List tab
2026-03-20 16:44:26,258 [router_scraper] INFO: Scraped 5 devices from router
2026-03-20 16:44:34,097 [router_scraper] INFO: Clicked DHCP Information sidebar item
2026-03-20 16:44:36,132 [router_scraper] INFO: Clicked Device List tab
2026-03-20 16:44:36,253 [router_scraper] INFO: Scraped 5 devices from router
2026-03-20 16:44:38,334 [router_scraper] INFO: Clicked DHCP Information sidebar item
2026-03-20 16:44:40,386 [router_scraper] INFO: Clicked Device List tab
2026-03-20 16:44:40,509 [router_scraper] INFO: Scraped 5 devices from router
2026-03-20 16:44:48,364 [router_scraper] INFO: Clicked DHCP Information sidebar item
2026-03-20 16:44:50,411 [router_scraper] INFO: Clicked Device List tab
2026-03-20 16:44:50,506 [router_scraper] INFO: Scraped 5 devices from router
2026-03-20 16:44:52,583 [router_scraper] INFO: Clicked DHCP Information sidebar item
2026-03-20 16:44:54,633 [router_scraper] INFO: Clicked Device List tab
2026-03-20 16:44:54,767 [router_scraper] INFO: Scraped 5 devices from router
2026-03-20 16:45:02,560 [router_scraper] INFO: Clicked DHCP Information sidebar item
2026-03-20 16:45:04,593 [router_scraper] INFO: Clicked Device List tab
2026-03-20 16:45:04,686 [router_scraper] INFO: Scraped 5 devices from router
2026-03-20 16:45:06,767 [router_scraper] INFO: Clicked DHCP Information sidebar item
2026-03-20 16:45:08,815 [router_scraper] INFO: Clicked Device List tab
2026-03-20 16:45:08,925 [router_scraper] INFO: Scraped 5 devices from router
2026-03-20 16:45:16,750 [router_scraper] INFO: Clicked DHCP Information sidebar item
2026-03-20 16:45:18,799 [router_scraper] INFO: Clicked Device List tab
2026-03-20 16:45:18,910 [router_scraper] INFO: Scraped 5 devices from router
2026-03-20 16:45:20,981 [router_scraper] INFO: Clicked DHCP Information sidebar item
2026-03-20 16:45:23,049 [router_scraper] INFO: Clicked Device List tab
2026-03-20 16:45:23,163 [router_scraper] INFO: Scraped 5 devices from router
2026-03-20 16:45:30,959 [router_scraper] INFO: Clicked DHCP Information sidebar item
2026-03-20 16:45:32,994 [router_scraper] INFO: Clicked Device List tab
2026-03-20 16:45:33,091 [router_scraper] INFO: Scraped 5 devices from router
2026-03-20 16:45:35,215 [router_scraper] INFO: Clicked DHCP Information sidebar item
2026-03-20 16:45:37,266 [router_scraper] INFO: Clicked Device List tab
2026-03-20 16:45:37,395 [router_scraper] INFO: Scraped 5 devices from router
2026-03-20 16:45:45,146 [router_scraper] INFO: Clicked DHCP Information sidebar item
2026-03-20 16:45:47,197 [router_scraper] INFO: Clicked Device List tab
2026-03-20 16:45:47,328 [router_scraper] INFO: Scraped 5 devices from router
2026-03-20 16:45:49,412 [router_scraper] INFO: Clicked DHCP Information sidebar item
2026-03-20 16:45:51,443 [router_scraper] INFO: Clicked Device List tab
2026-03-20 16:45:51,577 [router_scraper] INFO: Scraped 5 devices from router
2026-03-20 16:45:59,378 [router_scraper] INFO: Clicked DHCP Information sidebar item
2026-03-20 16:46:01,408 [router_scraper] INFO: Clicked Device List tab
2026-03-20 16:46:01,514 [router_scraper] INFO: Scraped 5 devices from router
2026-03-20 16:46:03,577 [router_scraper] INFO: Clicked DHCP Information sidebar item
2026-03-20 16:46:05,613 [router_scraper] INFO: Clicked Device List tab
2026-03-20 16:46:05,747 [router_scraper] INFO: Scraped 5 devices from router
2026-03-20 16:46:13,684 [router_scraper] INFO: Clicked DHCP Information sidebar item
2026-03-20 16:46:15,731 [router_scraper] INFO: Clicked Device List tab
2026-03-20 16:46:15,825 [router_scraper] INFO: Scraped 5 devices from router
2026-03-20 16:46:17,903 [router_scraper] INFO: Clicked DHCP Information sidebar item
2026-03-20 16:46:19,948 [router_scraper] INFO: Clicked Device List tab
2026-03-20 16:46:20,086 [router_scraper] INFO: Scraped 5 devices from router
2026-03-20 16:46:27,875 [router_scraper] INFO: Clicked DHCP Information sidebar item
2026-03-20 16:46:29,908 [router_scraper] INFO: Clicked Device List tab
2026-03-20 16:46:30,007 [router_scraper] INFO: Scraped 5 devices from router
2026-03-20 16:46:32,083 [router_scraper] INFO: Clicked DHCP Information sidebar item
2026-03-20 16:46:34,133 [router_scraper] INFO: Clicked Device List tab
2026-03-20 16:46:34,253 [router_scraper] INFO: Scraped 5 devices from router
2026-03-20 16:46:42,057 [router_scraper] INFO: Clicked DHCP Information sidebar item
2026-03-20 16:46:44,099 [router_scraper] INFO: Clicked Device List tab
2026-03-20 16:46:44,195 [router_scraper] INFO: Scraped 5 devices from router
2026-03-20 16:46:46,263 [router_scraper] INFO: Clicked DHCP Information sidebar item
2026-03-20 16:46:48,316 [router_scraper] INFO: Clicked Device List tab
2026-03-20 16:46:48,429 [router_scraper] INFO: Scraped 5 devices from router
2026-03-20 16:46:56,265 [router_scraper] INFO: Clicked DHCP Information sidebar item
2026-03-20 16:46:58,312 [router_scraper] INFO: Clicked Device List tab
2026-03-20 16:46:58,409 [router_scraper] INFO: Scraped 5 devices from router
2026-03-20 16:47:00,484 [router_scraper] INFO: Clicked DHCP Information sidebar item
2026-03-20 16:47:02,535 [router_scraper] INFO: Clicked Device List tab
2026-03-20 16:47:02,651 [router_scraper] INFO: Scraped 5 devices from router
2026-03-20 16:47:10,457 [router_scraper] INFO: Clicked DHCP Information sidebar item
2026-03-20 16:47:12,493 [router_scraper] INFO: Clicked Device List tab
2026-03-20 16:47:12,591 [router_scraper] INFO: Scraped 5 devices from router
2026-03-20 16:47:14,668 [router_scraper] INFO: Clicked DHCP Information sidebar item
2026-03-20 16:47:16,717 [router_scraper] INFO: Clicked Device List tab
2026-03-20 16:47:16,835 [router_scraper] INFO: Scraped 5 devices from router
2026-03-20 16:47:24,639 [router_scraper] INFO: Clicked DHCP Information sidebar item
2026-03-20 16:47:26,676 [router_scraper] INFO: Clicked Device List tab
2026-03-20 16:47:26,771 [router_scraper] INFO: Scraped 5 devices from router
2026-03-20 16:47:28,842 [router_scraper] INFO: Clicked DHCP Information sidebar item
2026-03-20 16:47:30,873 [router_scraper] INFO: Clicked Device List tab
2026-03-20 16:47:30,991 [router_scraper] INFO: Scraped 5 devices from router
2026-03-20 16:47:38,830 [router_scraper] INFO: Clicked DHCP Information sidebar item
2026-03-20 16:47:40,883 [router_scraper] INFO: Clicked Device List tab
2026-03-20 16:47:40,981 [router_scraper] INFO: Scraped 5 devices from router
2026-03-20 16:47:43,043 [router_scraper] INFO: Clicked DHCP Information sidebar item
2026-03-20 16:47:45,098 [router_scraper] INFO: Clicked Device List tab
2026-03-20 16:47:45,216 [router_scraper] INFO: Scraped 5 devices from router
2026-03-20 16:47:53,063 [router_scraper] INFO: Clicked DHCP Information sidebar item
2026-03-20 16:47:55,113 [router_scraper] INFO: Clicked Device List tab
2026-03-20 16:47:55,209 [router_scraper] INFO: Scraped 5 devices from router
2026-03-20 16:47:57,281 [router_scraper] INFO: Clicked DHCP Information sidebar item
2026-03-20 16:47:59,334 [router_scraper] INFO: Clicked Device List tab
2026-03-20 16:47:59,466 [router_scraper] INFO: Scraped 5 devices from router
2026-03-20 16:48:07,257 [router_scraper] INFO: Clicked DHCP Information sidebar item
2026-03-20 16:48:09,291 [router_scraper] INFO: Clicked Device List tab
2026-03-20 16:48:09,386 [router_scraper] INFO: Scraped 5 devices from router
2026-03-20 16:48:11,442 [router_scraper] INFO: Clicked DHCP Information sidebar item
2026-03-20 16:48:13,495 [router_scraper] INFO: Clicked Device List tab
2026-03-20 16:48:13,608 [router_scraper] INFO: Scraped 5 devices from router
2026-03-20 16:48:21,441 [router_scraper] INFO: Clicked DHCP Information sidebar item
2026-03-20 16:48:23,473 [router_scraper] INFO: Clicked Device List tab
2026-03-20 16:48:23,568 [router_scraper] INFO: Scraped 5 devices from router
2026-03-20 16:48:25,647 [router_scraper] INFO: Clicked DHCP Information sidebar item
2026-03-20 16:48:27,693 [router_scraper] INFO: Clicked Device List tab
2026-03-20 16:48:27,808 [router_scraper] INFO: Scraped 5 devices from router
2026-03-20 16:48:35,629 [router_scraper] INFO: Clicked DHCP Information sidebar item
2026-03-20 16:48:37,679 [router_scraper] INFO: Clicked Device List tab
2026-03-20 16:48:37,809 [router_scraper] INFO: Scraped 5 devices from router
2026-03-20 16:48:39,880 [router_scraper] INFO: Clicked DHCP Information sidebar item
2026-03-20 16:48:41,924 [router_scraper] INFO: Clicked Device List tab
2026-03-20 16:48:42,044 [router_scraper] INFO: Scraped 5 devices from router
2026-03-20 16:48:49,878 [router_scraper] INFO: Clicked DHCP Information sidebar item
2026-03-20 16:48:51,927 [router_scraper] INFO: Clicked Device List tab
2026-03-20 16:48:52,030 [router_scraper] INFO: Scraped 5 devices from router
2026-03-20 16:48:54,110 [router_scraper] INFO: Clicked DHCP Information sidebar item
2026-03-20 16:48:56,164 [router_scraper] INFO: Clicked Device List tab
2026-03-20 16:48:56,301 [router_scraper] INFO: Scraped 5 devices from router
2026-03-20 16:49:04,096 [router_scraper] INFO: Clicked DHCP Information sidebar item
2026-03-20 16:49:06,142 [router_scraper] INFO: Clicked Device List tab
2026-03-20 16:49:06,239 [router_scraper] INFO: Scraped 5 devices from router
2026-03-20 16:49:08,313 [router_scraper] INFO: Clicked DHCP Information sidebar item
2026-03-20 16:49:10,362 [router_scraper] INFO: Clicked Device List tab
2026-03-20 16:49:10,479 [router_scraper] INFO: Scraped 5 devices from router
2026-03-20 16:49:18,289 [router_scraper] INFO: Clicked DHCP Information sidebar item
2026-03-20 16:49:20,328 [router_scraper] INFO: Clicked Device List tab
2026-03-20 16:49:20,423 [router_scraper] INFO: Scraped 5 devices from router
2026-03-20 16:49:22,491 [router_scraper] INFO: Clicked DHCP Information sidebar item
2026-03-20 16:49:24,531 [router_scraper] INFO: Clicked Device List tab
2026-03-20 16:49:24,643 [router_scraper] INFO: Scraped 5 devices from router
2026-03-20 16:49:32,475 [router_scraper] INFO: Clicked DHCP Information sidebar item
2026-03-20 16:49:34,528 [router_scraper] INFO: Clicked Device List tab
2026-03-20 16:49:34,622 [router_scraper] INFO: Scraped 5 devices from router
2026-03-20 16:49:36,694 [router_scraper] INFO: Clicked DHCP Information sidebar item
2026-03-20 16:49:38,746 [router_scraper] INFO: Clicked Device List tab
2026-03-20 16:49:38,862 [router_scraper] INFO: Scraped 5 devices from router
2026-03-20 16:49:46,672 [router_scraper] INFO: Clicked DHCP Information sidebar item
2026-03-20 16:49:48,712 [router_scraper] INFO: Clicked Device List tab
2026-03-20 16:49:48,809 [router_scraper] INFO: Scraped 5 devices from router
2026-03-20 16:49:50,880 [router_scraper] INFO: Clicked DHCP Information sidebar item
2026-03-20 16:49:52,965 [router_scraper] INFO: Clicked Device List tab
2026-03-20 16:49:53,080 [router_scraper] INFO: Scraped 5 devices from router
2026-03-20 16:50:00,873 [router_scraper] INFO: Clicked DHCP Information sidebar item
2026-03-20 16:50:02,905 [router_scraper] INFO: Clicked Device List tab
2026-03-20 16:50:03,003 [router_scraper] INFO: Scraped 5 devices from router
2026-03-20 16:50:05,082 [router_scraper] INFO: Clicked DHCP Information sidebar item
2026-03-20 16:50:07,129 [router_scraper] INFO: Clicked Device List tab
2026-03-20 16:50:07,248 [router_scraper] INFO: Scraped 5 devices from router
2026-03-20 16:50:15,056 [router_scraper] INFO: Clicked DHCP Information sidebar item
2026-03-20 16:50:17,088 [router_scraper] INFO: Clicked Device List tab
2026-03-20 16:50:17,184 [router_scraper] INFO: Scraped 5 devices from router
2026-03-20 16:50:19,262 [router_scraper] INFO: Clicked DHCP Information sidebar item
2026-03-20 16:50:21,311 [router_scraper] INFO: Clicked Device List tab
2026-03-20 16:50:21,458 [router_scraper] INFO: Scraped 5 devices from router
2026-03-20 16:50:29,244 [router_scraper] INFO: Clicked DHCP Information sidebar item
2026-03-20 16:50:31,297 [router_scraper] INFO: Clicked Device List tab
2026-03-20 16:50:31,391 [router_scraper] INFO: Scraped 5 devices from router
2026-03-20 16:50:33,462 [router_scraper] INFO: Clicked DHCP Information sidebar item
2026-03-20 16:50:35,513 [router_scraper] INFO: Clicked Device List tab
2026-03-20 16:50:35,626 [router_scraper] INFO: Scraped 5 devices from router
2026-03-20 16:50:43,461 [router_scraper] INFO: Clicked DHCP Information sidebar item
2026-03-20 16:50:45,504 [router_scraper] INFO: Clicked Device List tab
2026-03-20 16:50:45,599 [router_scraper] INFO: Scraped 5 devices from router
2026-03-20 16:50:47,682 [router_scraper] INFO: Clicked DHCP Information sidebar item
2026-03-20 16:50:49,728 [router_scraper] INFO: Clicked Device List tab
2026-03-20 16:50:49,844 [router_scraper] INFO: Scraped 5 devices from router
2026-03-20 16:50:57,662 [router_scraper] INFO: Clicked DHCP Information sidebar item
2026-03-20 16:50:59,711 [router_scraper] INFO: Clicked Device List tab
2026-03-20 16:50:59,806 [router_scraper] INFO: Scraped 5 devices from router
2026-03-20 16:51:01,882 [router_scraper] INFO: Clicked DHCP Information sidebar item
2026-03-20 16:51:03,924 [router_scraper] INFO: Clicked Device List tab
2026-03-20 16:51:04,075 [router_scraper] INFO: Scraped 5 devices from router
2026-03-20 16:51:11,854 [router_scraper] INFO: Clicked DHCP Information sidebar item
2026-03-20 16:51:13,887 [router_scraper] INFO: Clicked Device List tab
2026-03-20 16:51:13,983 [router_scraper] INFO: Scraped 5 devices from router
2026-03-20 16:51:16,061 [router_scraper] INFO: Clicked DHCP Information sidebar item
2026-03-20 16:51:18,111 [router_scraper] INFO: Clicked Device List tab
2026-03-20 16:51:18,223 [router_scraper] INFO: Scraped 5 devices from router
2026-03-20 16:51:26,044 [router_scraper] INFO: Clicked DHCP Information sidebar item
2026-03-20 16:51:28,091 [router_scraper] INFO: Clicked Device List tab
2026-03-20 16:51:28,187 [router_scraper] INFO: Scraped 5 devices from router
2026-03-20 16:51:30,262 [router_scraper] INFO: Clicked DHCP Information sidebar item
2026-03-20 16:51:32,305 [router_scraper] INFO: Clicked Device List tab
2026-03-20 16:51:32,422 [router_scraper] INFO: Scraped 5 devices from router
2026-03-20 16:51:40,238 [router_scraper] INFO: Clicked DHCP Information sidebar item
2026-03-20 16:51:42,328 [router_scraper] INFO: Clicked Device List tab
2026-03-20 16:51:42,423 [router_scraper] INFO: Scraped 5 devices from router
2026-03-20 16:51:44,487 [router_scraper] INFO: Clicked DHCP Information sidebar item
2026-03-20 16:51:46,523 [router_scraper] INFO: Clicked Device List tab
2026-03-20 16:51:46,636 [router_scraper] INFO: Scraped 5 devices from router
2026-03-20 16:51:54,474 [router_scraper] INFO: Clicked DHCP Information sidebar item
2026-03-20 16:51:56,504 [router_scraper] INFO: Clicked Device List tab
2026-03-20 16:51:56,600 [router_scraper] INFO: Scraped 5 devices from router
2026-03-20 16:51:58,680 [router_scraper] INFO: Clicked DHCP Information sidebar item
2026-03-20 16:52:00,730 [router_scraper] INFO: Clicked Device List tab
2026-03-20 16:52:00,843 [router_scraper] INFO: Scraped 5 devices from router
2026-03-20 16:52:08,660 [router_scraper] INFO: Clicked DHCP Information sidebar item
2026-03-20 16:52:10,714 [router_scraper] INFO: Clicked Device List tab
2026-03-20 16:52:10,811 [router_scraper] INFO: Scraped 5 devices from router
2026-03-20 16:52:12,872 [router_scraper] INFO: Clicked DHCP Information sidebar item
2026-03-20 16:52:14,912 [router_scraper] INFO: Clicked Device List tab
2026-03-20 16:52:15,168 [router_scraper] INFO: Scraped 5 devices from router
2026-03-20 16:52:22,877 [router_scraper] INFO: Clicked DHCP Information sidebar item
2026-03-20 16:52:24,927 [router_scraper] INFO: Clicked Device List tab
2026-03-20 16:52:25,025 [router_scraper] INFO: Scraped 5 devices from router
2026-03-20 16:52:27,088 [router_scraper] INFO: Clicked DHCP Information sidebar item
2026-03-20 16:52:29,121 [router_scraper] INFO: Clicked Device List tab
2026-03-20 16:52:29,235 [router_scraper] INFO: Scraped 5 devices from router
2026-03-20 16:52:37,097 [router_scraper] INFO: Clicked DHCP Information sidebar item
2026-03-20 16:52:39,145 [router_scraper] INFO: Clicked Device List tab
2026-03-20 16:52:39,245 [router_scraper] INFO: Scraped 5 devices from router
2026-03-20 16:52:41,305 [router_scraper] INFO: Clicked DHCP Information sidebar item
2026-03-20 16:52:43,363 [router_scraper] INFO: Clicked Device List tab
2026-03-20 16:52:43,481 [router_scraper] INFO: Scraped 5 devices from router
2026-03-20 16:52:51,314 [router_scraper] INFO: Clicked DHCP Information sidebar item
2026-03-20 16:52:53,362 [router_scraper] INFO: Clicked Device List tab
2026-03-20 16:52:53,493 [router_scraper] INFO: Scraped 5 devices from router
2026-03-20 16:52:55,555 [router_scraper] INFO: Clicked DHCP Information sidebar item
2026-03-20 16:52:57,590 [router_scraper] INFO: Clicked Device List tab
2026-03-20 16:52:57,707 [router_scraper] INFO: Scraped 5 devices from router
2026-03-20 16:53:05,561 [router_scraper] INFO: Clicked DHCP Information sidebar item
2026-03-20 16:53:07,612 [router_scraper] INFO: Clicked Device List tab
2026-03-20 16:53:07,727 [router_scraper] INFO: Scraped 5 devices from router
2026-03-20 16:53:09,790 [router_scraper] INFO: Clicked DHCP Information sidebar item
2026-03-20 16:53:11,845 [router_scraper] INFO: Clicked Device List tab
2026-03-20 16:53:11,958 [router_scraper] INFO: Scraped 5 devices from router
2026-03-20 16:53:19,793 [router_scraper] INFO: Clicked DHCP Information sidebar item
2026-03-20 16:53:21,844 [router_scraper] INFO: Clicked Device List tab
2026-03-20 16:53:21,937 [router_scraper] INFO: Scraped 5 devices from router
2026-03-20 16:53:24,011 [router_scraper] INFO: Clicked DHCP Information sidebar item
2026-03-20 16:53:26,062 [router_scraper] INFO: Clicked Device List tab
2026-03-20 16:53:26,194 [router_scraper] INFO: Scraped 5 devices from router
2026-03-20 16:53:33,994 [router_scraper] INFO: Clicked DHCP Information sidebar item
2026-03-20 16:53:36,044 [router_scraper] INFO: Clicked Device List tab
2026-03-20 16:53:36,136 [router_scraper] INFO: Scraped 5 devices from router
2026-03-20 16:53:38,215 [router_scraper] INFO: Clicked DHCP Information sidebar item
2026-03-20 16:53:40,262 [router_scraper] INFO: Clicked Device List tab
2026-03-20 16:53:40,417 [router_scraper] INFO: Scraped 5 devices from router
2026-03-20 16:53:48,187 [router_scraper] INFO: Clicked DHCP Information sidebar item
2026-03-20 16:53:50,220 [router_scraper] INFO: Clicked Device List tab
2026-03-20 16:53:50,315 [router_scraper] INFO: Scraped 4 devices from router
2026-03-20 16:53:52,372 [router_scraper] INFO: Clicked DHCP Information sidebar item
2026-03-20 16:53:54,405 [router_scraper] INFO: Clicked Device List tab
2026-03-20 16:53:54,502 [router_scraper] INFO: Scraped 4 devices from router
2026-03-20 16:54:02,371 [router_scraper] INFO: Clicked DHCP Information sidebar item
2026-03-20 16:54:04,406 [router_scraper] INFO: Clicked Device List tab
2026-03-20 16:54:04,485 [router_scraper] INFO: Scraped 4 devices from router
2026-03-20 16:54:06,565 [router_scraper] INFO: Clicked DHCP Information sidebar item
2026-03-20 16:54:08,613 [router_scraper] INFO: Clicked Device List tab
2026-03-20 16:54:08,708 [router_scraper] INFO: Scraped 4 devices from router
2026-03-20 16:54:16,542 [router_scraper] INFO: Clicked DHCP Information sidebar item
2026-03-20 16:54:18,592 [router_scraper] INFO: Clicked Device List tab
2026-03-20 16:54:18,675 [router_scraper] INFO: Scraped 4 devices from router
2026-03-20 16:54:20,745 [router_scraper] INFO: Clicked DHCP Information sidebar item
2026-03-20 16:54:22,795 [router_scraper] INFO: Clicked Device List tab
2026-03-20 16:54:22,891 [router_scraper] INFO: Scraped 4 devices from router
2026-03-20 16:54:30,742 [router_scraper] INFO: Clicked DHCP Information sidebar item
2026-03-20 16:54:32,793 [router_scraper] INFO: Clicked Device List tab
2026-03-20 16:54:32,873 [router_scraper] INFO: Scraped 4 devices from router
2026-03-20 16:54:34,943 [router_scraper] INFO: Clicked DHCP Information sidebar item
2026-03-20 16:54:36,996 [router_scraper] INFO: Clicked Device List tab
2026-03-20 16:54:37,092 [router_scraper] INFO: Scraped 4 devices from router
2026-03-20 16:54:44,943 [router_scraper] INFO: Clicked DHCP Information sidebar item
2026-03-20 16:54:46,993 [router_scraper] INFO: Clicked Device List tab
2026-03-20 16:54:47,072 [router_scraper] INFO: Scraped 4 devices from router
2026-03-20 16:54:49,143 [router_scraper] INFO: Clicked DHCP Information sidebar item
2026-03-20 16:54:51,193 [router_scraper] INFO: Clicked Device List tab
2026-03-20 16:54:51,291 [router_scraper] INFO: Scraped 4 devices from router
2026-03-20 16:54:59,146 [router_scraper] INFO: Clicked DHCP Information sidebar item
2026-03-20 16:55:01,188 [router_scraper] INFO: Clicked Device List tab
2026-03-20 16:55:01,269 [router_scraper] INFO: Scraped 4 devices from router
2026-03-20 16:55:03,347 [router_scraper] INFO: Clicked DHCP Information sidebar item
2026-03-20 16:55:05,393 [router_scraper] INFO: Clicked Device List tab
2026-03-20 16:55:05,488 [router_scraper] INFO: Scraped 4 devices from router
2026-03-20 16:55:13,321 [router_scraper] INFO: Clicked DHCP Information sidebar item
2026-03-20 16:55:15,356 [router_scraper] INFO: Clicked Device List tab
2026-03-20 16:55:15,438 [router_scraper] INFO: Scraped 4 devices from router
2026-03-20 16:55:17,512 [router_scraper] INFO: Clicked DHCP Information sidebar item
2026-03-20 16:55:19,559 [router_scraper] INFO: Clicked Device List tab
2026-03-20 16:55:19,670 [router_scraper] INFO: Scraped 4 devices from router
2026-03-20 16:55:27,509 [router_scraper] INFO: Clicked DHCP Information sidebar item
2026-03-20 16:55:29,559 [router_scraper] INFO: Clicked Device List tab
2026-03-20 16:55:29,640 [router_scraper] INFO: Scraped 4 devices from router
2026-03-20 16:55:31,712 [router_scraper] INFO: Clicked DHCP Information sidebar item
2026-03-20 16:55:33,762 [router_scraper] INFO: Clicked Device List tab
2026-03-20 16:55:33,858 [router_scraper] INFO: Scraped 4 devices from router
2026-03-20 16:55:41,712 [router_scraper] INFO: Clicked DHCP Information sidebar item
2026-03-20 16:55:43,760 [router_scraper] INFO: Clicked Device List tab
2026-03-20 16:55:43,841 [router_scraper] INFO: Scraped 4 devices from router
2026-03-20 16:55:45,909 [router_scraper] INFO: Clicked DHCP Information sidebar item
2026-03-20 16:55:47,959 [router_scraper] INFO: Clicked Device List tab
2026-03-20 16:55:48,054 [router_scraper] INFO: Scraped 4 devices from router
2026-03-20 16:55:55,909 [router_scraper] INFO: Clicked DHCP Information sidebar item
2026-03-20 16:55:57,960 [router_scraper] INFO: Clicked Device List tab
2026-03-20 16:55:58,039 [router_scraper] INFO: Scraped 4 devices from router
2026-03-20 16:56:00,109 [router_scraper] INFO: Clicked DHCP Information sidebar item
2026-03-20 16:56:02,160 [router_scraper] INFO: Clicked Device List tab
2026-03-20 16:56:02,255 [router_scraper] INFO: Scraped 4 devices from router
2026-03-20 16:56:10,109 [router_scraper] INFO: Clicked DHCP Information sidebar item
2026-03-20 16:56:12,160 [router_scraper] INFO: Clicked Device List tab
2026-03-20 16:56:12,241 [router_scraper] INFO: Scraped 4 devices from router
2026-03-20 16:56:14,310 [router_scraper] INFO: Clicked DHCP Information sidebar item
2026-03-20 16:56:16,362 [router_scraper] INFO: Clicked Device List tab
2026-03-20 16:56:16,458 [router_scraper] INFO: Scraped 4 devices from router
2026-03-20 16:56:24,310 [router_scraper] INFO: Clicked DHCP Information sidebar item
2026-03-20 16:56:26,358 [router_scraper] INFO: Clicked Device List tab
2026-03-20 16:56:26,437 [router_scraper] INFO: Scraped 4 devices from router
2026-03-20 16:56:28,508 [router_scraper] INFO: Clicked DHCP Information sidebar item
2026-03-20 16:56:30,562 [router_scraper] INFO: Clicked Device List tab
2026-03-20 16:56:30,658 [router_scraper] INFO: Scraped 4 devices from router
2026-03-20 16:56:38,492 [router_scraper] INFO: Clicked DHCP Information sidebar item
2026-03-20 16:56:40,536 [router_scraper] INFO: Clicked Device List tab
2026-03-20 16:56:40,617 [router_scraper] INFO: Scraped 4 devices from router
2026-03-20 16:56:42,684 [router_scraper] INFO: Clicked DHCP Information sidebar item
2026-03-20 16:56:44,739 [router_scraper] INFO: Clicked Device List tab
2026-03-20 16:56:44,929 [router_scraper] INFO: Scraped 4 devices from router
2026-03-20 16:56:52,695 [router_scraper] INFO: Clicked DHCP Information sidebar item
2026-03-20 16:56:54,744 [router_scraper] INFO: Clicked Device List tab
2026-03-20 16:56:54,826 [router_scraper] INFO: Scraped 4 devices from router
2026-03-20 16:56:56,898 [router_scraper] INFO: Clicked DHCP Information sidebar item
2026-03-20 16:56:58,948 [router_scraper] INFO: Clicked Device List tab
2026-03-20 16:56:59,045 [router_scraper] INFO: Scraped 4 devices from router
2026-03-20 16:57:06,896 [router_scraper] INFO: Clicked DHCP Information sidebar item
2026-03-20 16:57:08,949 [router_scraper] INFO: Clicked Device List tab
2026-03-20 16:57:09,029 [router_scraper] INFO: Scraped 4 devices from router
2026-03-20 16:57:11,099 [router_scraper] INFO: Clicked DHCP Information sidebar item
2026-03-20 16:57:13,152 [router_scraper] INFO: Clicked Device List tab
2026-03-20 16:57:13,251 [router_scraper] INFO: Scraped 4 devices from router
2026-03-20 16:57:21,099 [router_scraper] INFO: Clicked DHCP Information sidebar item
2026-03-20 16:57:23,150 [router_scraper] INFO: Clicked Device List tab
2026-03-20 16:57:23,253 [router_scraper] INFO: Scraped 4 devices from router
2026-03-20 16:57:25,326 [router_scraper] INFO: Clicked DHCP Information sidebar item
2026-03-20 16:57:27,363 [router_scraper] INFO: Clicked Device List tab
2026-03-20 16:57:27,464 [router_scraper] INFO: Scraped 4 devices from router
2026-03-20 16:57:35,355 [router_scraper] INFO: Clicked DHCP Information sidebar item
2026-03-20 16:57:37,397 [router_scraper] INFO: Clicked Device List tab
2026-03-20 16:57:37,498 [router_scraper] INFO: Scraped 4 devices from router
2026-03-20 16:57:39,565 [router_scraper] INFO: Clicked DHCP Information sidebar item
2026-03-20 16:57:41,615 [router_scraper] INFO: Clicked Device List tab
2026-03-20 16:57:41,711 [router_scraper] INFO: Scraped 4 devices from router
2026-03-20 16:57:49,564 [router_scraper] INFO: Clicked DHCP Information sidebar item
2026-03-20 16:57:51,591 [router_scraper] INFO: Clicked Device List tab
2026-03-20 16:57:51,671 [router_scraper] INFO: Scraped 4 devices from router
2026-03-20 16:57:53,726 [router_scraper] INFO: Clicked DHCP Information sidebar item
2026-03-20 16:57:55,765 [router_scraper] INFO: Clicked Device List tab
2026-03-20 16:57:55,862 [router_scraper] INFO: Scraped 4 devices from router
2026-03-20 16:58:03,735 [router_scraper] INFO: Clicked DHCP Information sidebar item
2026-03-20 16:58:05,784 [router_scraper] INFO: Clicked Device List tab
2026-03-20 16:58:05,866 [router_scraper] INFO: Scraped 4 devices from router
2026-03-20 16:58:07,934 [router_scraper] INFO: Clicked DHCP Information sidebar item
2026-03-20 16:58:09,981 [router_scraper] INFO: Clicked Device List tab
2026-03-20 16:58:10,078 [router_scraper] INFO: Scraped 4 devices from router
2026-03-20 16:58:17,932 [router_scraper] INFO: Clicked DHCP Information sidebar item
2026-03-20 16:58:19,982 [router_scraper] INFO: Clicked Device List tab
2026-03-20 16:58:20,063 [router_scraper] INFO: Scraped 4 devices from router
2026-03-20 16:58:22,127 [router_scraper] INFO: Clicked DHCP Information sidebar item
2026-03-20 16:58:24,161 [router_scraper] INFO: Clicked Device List tab
2026-03-20 16:58:24,258 [router_scraper] INFO: Scraped 4 devices from router
2026-03-20 16:58:32,132 [router_scraper] INFO: Clicked DHCP Information sidebar item
2026-03-20 16:58:34,178 [router_scraper] INFO: Clicked Device List tab
2026-03-20 16:58:34,257 [router_scraper] INFO: Scraped 4 devices from router
2026-03-20 16:58:36,334 [router_scraper] INFO: Clicked DHCP Information sidebar item
2026-03-20 16:58:38,384 [router_scraper] INFO: Clicked Device List tab
2026-03-20 16:58:38,479 [router_scraper] INFO: Scraped 4 devices from router
2026-03-20 16:58:46,326 [router_scraper] INFO: Clicked DHCP Information sidebar item
2026-03-20 16:58:48,366 [router_scraper] INFO: Clicked Device List tab
2026-03-20 16:58:48,446 [router_scraper] INFO: Scraped 4 devices from router
2026-03-20 16:58:50,517 [router_scraper] INFO: Clicked DHCP Information sidebar item
2026-03-20 16:58:52,570 [router_scraper] INFO: Clicked Device List tab
2026-03-20 16:58:52,666 [router_scraper] INFO: Scraped 4 devices from router
2026-03-20 16:59:00,517 [router_scraper] INFO: Clicked DHCP Information sidebar item
2026-03-20 16:59:02,567 [router_scraper] INFO: Clicked Device List tab
2026-03-20 16:59:02,648 [router_scraper] INFO: Scraped 4 devices from router
2026-03-20 16:59:04,711 [router_scraper] INFO: Clicked DHCP Information sidebar item
2026-03-20 16:59:06,764 [router_scraper] INFO: Clicked Device List tab
2026-03-20 16:59:06,861 [router_scraper] INFO: Scraped 4 devices from router
2026-03-20 16:59:14,709 [router_scraper] INFO: Clicked DHCP Information sidebar item
2026-03-20 16:59:16,744 [router_scraper] INFO: Clicked Device List tab
2026-03-20 16:59:16,827 [router_scraper] INFO: Scraped 4 devices from router
2026-03-20 16:59:18,899 [router_scraper] INFO: Clicked DHCP Information sidebar item
2026-03-20 16:59:20,949 [router_scraper] INFO: Clicked Device List tab
2026-03-20 16:59:21,051 [router_scraper] INFO: Scraped 4 devices from router
2026-03-20 16:59:28,876 [router_scraper] INFO: Clicked DHCP Information sidebar item
2026-03-20 16:59:30,910 [router_scraper] INFO: Clicked Device List tab
2026-03-20 16:59:30,992 [router_scraper] INFO: Scraped 4 devices from router
2026-03-20 16:59:33,066 [router_scraper] INFO: Clicked DHCP Information sidebar item
2026-03-20 16:59:35,116 [router_scraper] INFO: Clicked Device List tab
2026-03-20 16:59:35,211 [router_scraper] INFO: Scraped 4 devices from router
2026-03-20 16:59:43,063 [router_scraper] INFO: Clicked DHCP Information sidebar item
2026-03-20 16:59:45,113 [router_scraper] INFO: Clicked Device List tab
2026-03-20 16:59:45,192 [router_scraper] INFO: Scraped 4 devices from router
2026-03-20 16:59:47,267 [router_scraper] INFO: Clicked DHCP Information sidebar item
2026-03-20 16:59:49,316 [router_scraper] INFO: Clicked Device List tab
2026-03-20 16:59:49,414 [router_scraper] INFO: Scraped 4 devices from router
2026-03-20 16:59:57,282 [router_scraper] INFO: Clicked DHCP Information sidebar item
2026-03-20 16:59:59,332 [router_scraper] INFO: Clicked Device List tab
2026-03-20 16:59:59,411 [router_scraper] INFO: Scraped 4 devices from router
2026-03-20 17:00:01,482 [router_scraper] INFO: Clicked DHCP Information sidebar item
2026-03-20 17:00:03,536 [router_scraper] INFO: Clicked Device List tab
2026-03-20 17:00:03,633 [router_scraper] INFO: Scraped 4 devices from router
2026-03-20 17:00:11,481 [router_scraper] INFO: Clicked DHCP Information sidebar item
2026-03-20 17:00:13,530 [router_scraper] INFO: Clicked Device List tab
2026-03-20 17:00:13,611 [router_scraper] INFO: Scraped 4 devices from router
2026-03-20 17:00:15,682 [router_scraper] INFO: Clicked DHCP Information sidebar item
2026-03-20 17:00:17,732 [router_scraper] INFO: Clicked Device List tab
2026-03-20 17:00:17,827 [router_scraper] INFO: Scraped 4 devices from router
2026-03-20 17:00:25,683 [router_scraper] INFO: Clicked DHCP Information sidebar item
2026-03-20 17:00:27,731 [router_scraper] INFO: Clicked Device List tab
2026-03-20 17:00:27,810 [router_scraper] INFO: Scraped 4 devices from router
2026-03-20 17:00:29,881 [router_scraper] INFO: Clicked DHCP Information sidebar item
2026-03-20 17:00:31,933 [router_scraper] INFO: Clicked Device List tab
2026-03-20 17:00:32,028 [router_scraper] INFO: Scraped 4 devices from router
2026-03-20 17:00:39,882 [router_scraper] INFO: Clicked DHCP Information sidebar item
2026-03-20 17:00:41,931 [router_scraper] INFO: Clicked Device List tab
2026-03-20 17:00:42,016 [router_scraper] INFO: Scraped 4 devices from router
2026-03-20 17:00:44,074 [router_scraper] INFO: Clicked DHCP Information sidebar item
2026-03-20 17:00:46,115 [router_scraper] INFO: Clicked Device List tab
2026-03-20 17:00:46,211 [router_scraper] INFO: Scraped 4 devices from router
2026-03-20 17:00:54,080 [router_scraper] INFO: Clicked DHCP Information sidebar item
2026-03-20 17:00:56,129 [router_scraper] INFO: Clicked Device List tab
2026-03-20 17:00:56,209 [router_scraper] INFO: Scraped 4 devices from router
2026-03-20 17:00:58,282 [router_scraper] INFO: Clicked DHCP Information sidebar item
2026-03-20 17:01:00,325 [router_scraper] INFO: Clicked Device List tab
2026-03-20 17:01:00,420 [router_scraper] INFO: Scraped 4 devices from router
2026-03-20 17:01:08,277 [router_scraper] INFO: Clicked DHCP Information sidebar item
2026-03-20 17:01:10,309 [router_scraper] INFO: Clicked Device List tab
2026-03-20 17:01:10,453 [router_scraper] INFO: Scraped 4 devices from router
2026-03-20 17:01:12,512 [router_scraper] INFO: Clicked DHCP Information sidebar item
2026-03-20 17:01:14,565 [router_scraper] INFO: Clicked Device List tab
2026-03-20 17:01:14,661 [router_scraper] INFO: Scraped 4 devices from router
2026-03-20 17:01:22,516 [router_scraper] INFO: Clicked DHCP Information sidebar item
2026-03-20 17:01:24,566 [router_scraper] INFO: Clicked Device List tab
2026-03-20 17:01:24,647 [router_scraper] INFO: Scraped 4 devices from router
2026-03-20 17:01:26,714 [router_scraper] INFO: Clicked DHCP Information sidebar item
2026-03-20 17:01:28,764 [router_scraper] INFO: Clicked Device List tab
2026-03-20 17:01:28,860 [router_scraper] INFO: Scraped 4 devices from router
2026-03-20 17:01:36,713 [router_scraper] INFO: Clicked DHCP Information sidebar item
2026-03-20 17:01:38,766 [router_scraper] INFO: Clicked Device List tab
2026-03-20 17:01:38,845 [router_scraper] INFO: Scraped 4 devices from router
2026-03-20 17:01:40,913 [router_scraper] INFO: Clicked DHCP Information sidebar item
2026-03-20 17:01:42,965 [router_scraper] INFO: Clicked Device List tab
2026-03-20 17:01:43,064 [router_scraper] INFO: Scraped 4 devices from router
2026-03-20 17:01:50,956 [router_scraper] INFO: Clicked DHCP Information sidebar item
2026-03-20 17:01:52,992 [router_scraper] INFO: Clicked Device List tab
2026-03-20 17:01:53,075 [router_scraper] INFO: Scraped 4 devices from router
2026-03-20 17:01:55,146 [router_scraper] INFO: Clicked DHCP Information sidebar item
2026-03-20 17:01:57,207 [router_scraper] INFO: Clicked Device List tab
2026-03-20 17:01:57,305 [router_scraper] INFO: Scraped 4 devices from router
2026-03-20 17:02:05,152 [router_scraper] INFO: Clicked DHCP Information sidebar item
2026-03-20 17:02:07,199 [router_scraper] INFO: Clicked Device List tab
2026-03-20 17:02:07,278 [router_scraper] INFO: Scraped 4 devices from router
2026-03-20 17:02:09,344 [router_scraper] INFO: Clicked DHCP Information sidebar item
2026-03-20 17:02:11,373 [router_scraper] INFO: Clicked Device List tab
2026-03-20 17:02:11,490 [router_scraper] INFO: Scraped 4 devices from router
2026-03-20 17:02:19,346 [router_scraper] INFO: Clicked DHCP Information sidebar item
2026-03-20 17:02:21,399 [router_scraper] INFO: Clicked Device List tab
2026-03-20 17:02:21,479 [router_scraper] INFO: Scraped 4 devices from router
2026-03-20 17:02:23,549 [router_scraper] INFO: Clicked DHCP Information sidebar item
2026-03-20 17:02:25,597 [router_scraper] INFO: Clicked Device List tab
2026-03-20 17:02:25,693 [router_scraper] INFO: Scraped 4 devices from router
2026-03-20 17:02:33,547 [router_scraper] INFO: Clicked DHCP Information sidebar item
2026-03-20 17:02:35,597 [router_scraper] INFO: Clicked Device List tab
2026-03-20 17:02:35,678 [router_scraper] INFO: Scraped 4 devices from router
2026-03-20 17:02:37,750 [router_scraper] INFO: Clicked DHCP Information sidebar item
2026-03-20 17:02:39,796 [router_scraper] INFO: Clicked Device List tab
2026-03-20 17:02:39,892 [router_scraper] INFO: Scraped 4 devices from router
2026-03-20 17:02:47,746 [router_scraper] INFO: Clicked DHCP Information sidebar item
2026-03-20 17:02:49,777 [router_scraper] INFO: Clicked Device List tab
2026-03-20 17:02:49,857 [router_scraper] INFO: Scraped 4 devices from router
2026-03-20 17:02:51,932 [router_scraper] INFO: Clicked DHCP Information sidebar item
2026-03-20 17:02:53,980 [router_scraper] INFO: Clicked Device List tab
2026-03-20 17:02:54,077 [router_scraper] INFO: Scraped 4 devices from router
2026-03-20 17:03:01,932 [router_scraper] INFO: Clicked DHCP Information sidebar item
2026-03-20 17:03:03,977 [router_scraper] INFO: Clicked Device List tab
2026-03-20 17:03:04,058 [router_scraper] INFO: Scraped 4 devices from router
2026-03-20 17:03:06,183 [router_scraper] INFO: Clicked DHCP Information sidebar item
2026-03-20 17:03:08,229 [router_scraper] INFO: Clicked Device List tab
2026-03-20 17:03:08,324 [router_scraper] INFO: Scraped 4 devices from router
2026-03-20 17:03:16,107 [router_scraper] INFO: Clicked DHCP Information sidebar item
2026-03-20 17:03:18,147 [router_scraper] INFO: Clicked Device List tab
2026-03-20 17:03:18,227 [router_scraper] INFO: Scraped 4 devices from router
2026-03-20 17:03:20,297 [router_scraper] INFO: Clicked DHCP Information sidebar item
2026-03-20 17:03:22,348 [router_scraper] INFO: Clicked Device List tab
2026-03-20 17:03:22,443 [router_scraper] INFO: Scraped 4 devices from router
2026-03-20 17:03:30,295 [router_scraper] INFO: Clicked DHCP Information sidebar item
2026-03-20 17:03:32,347 [router_scraper] INFO: Clicked Device List tab
2026-03-20 17:03:32,427 [router_scraper] INFO: Scraped 4 devices from router
2026-03-20 17:03:34,496 [router_scraper] INFO: Clicked DHCP Information sidebar item
2026-03-20 17:03:36,546 [router_scraper] INFO: Clicked Device List tab
2026-03-20 17:03:36,642 [router_scraper] INFO: Scraped 4 devices from router
2026-03-20 17:03:44,495 [router_scraper] INFO: Clicked DHCP Information sidebar item
2026-03-20 17:03:46,545 [router_scraper] INFO: Clicked Device List tab
2026-03-20 17:03:46,624 [router_scraper] INFO: Scraped 4 devices from router
2026-03-20 17:03:48,698 [router_scraper] INFO: Clicked DHCP Information sidebar item
2026-03-20 17:03:50,748 [router_scraper] INFO: Clicked Device List tab
2026-03-20 17:03:50,854 [router_scraper] INFO: Scraped 4 devices from router
2026-03-20 17:03:58,696 [router_scraper] INFO: Clicked DHCP Information sidebar item
2026-03-20 17:04:00,745 [router_scraper] INFO: Clicked Device List tab
2026-03-20 17:04:00,826 [router_scraper] INFO: Scraped 4 devices from router
2026-03-20 17:04:02,897 [router_scraper] INFO: Clicked DHCP Information sidebar item
2026-03-20 17:04:04,945 [router_scraper] INFO: Clicked Device List tab
2026-03-20 17:04:05,039 [router_scraper] INFO: Scraped 4 devices from router
2026-03-20 17:04:12,895 [router_scraper] INFO: Clicked DHCP Information sidebar item
2026-03-20 17:04:14,945 [router_scraper] INFO: Clicked Device List tab
2026-03-20 17:04:15,025 [router_scraper] INFO: Scraped 4 devices from router
2026-03-20 17:04:17,096 [router_scraper] INFO: Clicked DHCP Information sidebar item
2026-03-20 17:04:19,152 [router_scraper] INFO: Clicked Device List tab
2026-03-20 17:04:19,280 [router_scraper] INFO: Scraped 4 devices from router
2026-03-20 17:04:27,148 [router_scraper] INFO: Clicked DHCP Information sidebar item
2026-03-20 17:04:29,194 [router_scraper] INFO: Clicked Device List tab
2026-03-20 17:04:29,274 [router_scraper] INFO: Scraped 4 devices from router
2026-03-20 17:04:31,348 [router_scraper] INFO: Clicked DHCP Information sidebar item
2026-03-20 17:04:33,396 [router_scraper] INFO: Clicked Device List tab
2026-03-20 17:04:33,492 [router_scraper] INFO: Scraped 4 devices from router
2026-03-20 17:04:41,347 [router_scraper] INFO: Clicked DHCP Information sidebar item
2026-03-20 17:04:43,397 [router_scraper] INFO: Clicked Device List tab
2026-03-20 17:04:43,478 [router_scraper] INFO: Scraped 4 devices from router
2026-03-20 17:04:45,547 [router_scraper] INFO: Clicked DHCP Information sidebar item
2026-03-20 17:04:47,596 [router_scraper] INFO: Clicked Device List tab
2026-03-20 17:04:47,691 [router_scraper] INFO: Scraped 4 devices from router
2026-03-20 17:04:55,521 [router_scraper] INFO: Clicked DHCP Information sidebar item
2026-03-20 17:04:57,558 [router_scraper] INFO: Clicked Device List tab
2026-03-20 17:04:57,639 [router_scraper] INFO: Scraped 4 devices from router
2026-03-20 17:04:59,715 [router_scraper] INFO: Clicked DHCP Information sidebar item
2026-03-20 17:05:01,757 [router_scraper] INFO: Clicked Device List tab
2026-03-20 17:05:01,857 [router_scraper] INFO: Scraped 4 devices from router
2026-03-20 17:05:09,711 [router_scraper] INFO: Clicked DHCP Information sidebar item
2026-03-20 17:05:11,757 [router_scraper] INFO: Clicked Device List tab
2026-03-20 17:05:11,838 [router_scraper] INFO: Scraped 4 devices from router
2026-03-20 17:05:13,911 [router_scraper] INFO: Clicked DHCP Information sidebar item
2026-03-20 17:05:15,959 [router_scraper] INFO: Clicked Device List tab
2026-03-20 17:05:16,062 [router_scraper] INFO: Scraped 4 devices from router
2026-03-20 17:05:23,928 [router_scraper] INFO: Clicked DHCP Information sidebar item
2026-03-20 17:05:25,978 [router_scraper] INFO: Clicked Device List tab
2026-03-20 17:05:26,063 [router_scraper] INFO: Scraped 4 devices from router
2026-03-20 17:05:28,124 [router_scraper] INFO: Clicked DHCP Information sidebar item
2026-03-20 17:05:30,160 [router_scraper] INFO: Clicked Device List tab
2026-03-20 17:05:30,257 [router_scraper] INFO: Scraped 4 devices from router
2026-03-20 17:05:38,129 [router_scraper] INFO: Clicked DHCP Information sidebar item
2026-03-20 17:05:40,179 [router_scraper] INFO: Clicked Device List tab
2026-03-20 17:05:40,259 [router_scraper] INFO: Scraped 4 devices from router
2026-03-20 17:05:42,330 [router_scraper] INFO: Clicked DHCP Information sidebar item
2026-03-20 17:05:44,379 [router_scraper] INFO: Clicked Device List tab
2026-03-20 17:05:44,475 [router_scraper] INFO: Scraped 4 devices from router
2026-03-20 17:05:52,329 [router_scraper] INFO: Clicked DHCP Information sidebar item
2026-03-20 17:05:54,379 [router_scraper] INFO: Clicked Device List tab
2026-03-20 17:05:54,459 [router_scraper] INFO: Scraped 4 devices from router
2026-03-20 17:05:56,529 [router_scraper] INFO: Clicked DHCP Information sidebar item
2026-03-20 17:05:58,583 [router_scraper] INFO: Clicked Device List tab
2026-03-20 17:05:58,679 [router_scraper] INFO: Scraped 4 devices from router
2026-03-20 17:06:06,530 [router_scraper] INFO: Clicked DHCP Information sidebar item
2026-03-20 17:06:08,575 [router_scraper] INFO: Clicked Device List tab
2026-03-20 17:06:08,652 [router_scraper] INFO: Scraped 4 devices from router
2026-03-20 17:06:10,725 [router_scraper] INFO: Clicked DHCP Information sidebar item
2026-03-20 17:06:12,779 [router_scraper] INFO: Clicked Device List tab
2026-03-20 17:06:12,874 [router_scraper] INFO: Scraped 4 devices from router
2026-03-20 17:06:20,706 [router_scraper] INFO: Clicked DHCP Information sidebar item
2026-03-20 17:06:22,739 [router_scraper] INFO: Clicked Device List tab
2026-03-20 17:06:22,818 [router_scraper] INFO: Scraped 4 devices from router
2026-03-20 17:06:24,896 [router_scraper] INFO: Clicked DHCP Information sidebar item
2026-03-20 17:06:26,947 [router_scraper] INFO: Clicked Device List tab
2026-03-20 17:06:27,048 [router_scraper] INFO: Scraped 4 devices from router
2026-03-20 17:06:34,872 [router_scraper] INFO: Clicked DHCP Information sidebar item
2026-03-20 17:06:36,907 [router_scraper] INFO: Clicked Device List tab
2026-03-20 17:06:36,991 [router_scraper] INFO: Scraped 4 devices from router
2026-03-20 17:06:39,068 [router_scraper] INFO: Clicked DHCP Information sidebar item
2026-03-20 17:06:41,111 [router_scraper] INFO: Clicked Device List tab
2026-03-20 17:06:41,222 [router_scraper] INFO: Scraped 4 devices from router
2026-03-20 17:06:49,078 [router_scraper] INFO: Clicked DHCP Information sidebar item
2026-03-20 17:06:51,127 [router_scraper] INFO: Clicked Device List tab
2026-03-20 17:06:51,209 [router_scraper] INFO: Scraped 4 devices from router
2026-03-20 17:06:53,280 [router_scraper] INFO: Clicked DHCP Information sidebar item
2026-03-20 17:06:55,326 [router_scraper] INFO: Clicked Device List tab
2026-03-20 17:06:55,421 [router_scraper] INFO: Scraped 4 devices from router
2026-03-20 17:07:03,277 [router_scraper] INFO: Clicked DHCP Information sidebar item
2026-03-20 17:07:05,329 [router_scraper] INFO: Clicked Device List tab
2026-03-20 17:07:05,409 [router_scraper] INFO: Scraped 4 devices from router
2026-03-20 17:07:07,519 [router_scraper] INFO: Clicked DHCP Information sidebar item
2026-03-20 17:07:09,561 [router_scraper] INFO: Clicked Device List tab
2026-03-20 17:07:09,657 [router_scraper] INFO: Scraped 4 devices from router
2026-03-20 17:07:17,483 [router_scraper] INFO: Clicked DHCP Information sidebar item
2026-03-20 17:07:19,521 [router_scraper] INFO: Clicked Device List tab
2026-03-20 17:07:19,602 [router_scraper] INFO: Scraped 4 devices from router
2026-03-20 17:07:21,677 [router_scraper] INFO: Clicked DHCP Information sidebar item
2026-03-20 17:07:23,727 [router_scraper] INFO: Clicked Device List tab
2026-03-20 17:07:23,824 [router_scraper] INFO: Scraped 4 devices from router
2026-03-20 17:07:31,657 [router_scraper] INFO: Clicked DHCP Information sidebar item
2026-03-20 17:07:33,685 [router_scraper] INFO: Clicked Device List tab
2026-03-20 17:07:33,765 [router_scraper] INFO: Scraped 4 devices from router
2026-03-20 17:07:35,828 [router_scraper] INFO: Clicked DHCP Information sidebar item
2026-03-20 17:07:37,878 [router_scraper] INFO: Clicked Device List tab
2026-03-20 17:07:37,974 [router_scraper] INFO: Scraped 4 devices from router
2026-03-20 17:07:45,828 [router_scraper] INFO: Clicked DHCP Information sidebar item
2026-03-20 17:07:47,877 [router_scraper] INFO: Clicked Device List tab
2026-03-20 17:07:47,958 [router_scraper] INFO: Scraped 4 devices from router
2026-03-20 17:07:50,028 [router_scraper] INFO: Clicked DHCP Information sidebar item
2026-03-20 17:07:52,078 [router_scraper] INFO: Clicked Device List tab
2026-03-20 17:07:52,174 [router_scraper] INFO: Scraped 4 devices from router
2026-03-20 17:08:00,022 [router_scraper] INFO: Clicked DHCP Information sidebar item
2026-03-20 17:08:02,052 [router_scraper] INFO: Clicked Device List tab
2026-03-20 17:08:02,132 [router_scraper] INFO: Scraped 4 devices from router
2026-03-20 17:08:04,188 [router_scraper] INFO: Clicked DHCP Information sidebar item
2026-03-20 17:08:06,227 [router_scraper] INFO: Clicked Device List tab
2026-03-20 17:08:06,322 [router_scraper] INFO: Scraped 4 devices from router
2026-03-20 17:08:14,192 [router_scraper] INFO: Clicked DHCP Information sidebar item
2026-03-20 17:08:16,245 [router_scraper] INFO: Clicked Device List tab
2026-03-20 17:08:16,322 [router_scraper] INFO: Scraped 4 devices from router
2026-03-20 17:08:18,396 [router_scraper] INFO: Clicked DHCP Information sidebar item
2026-03-20 17:08:20,445 [router_scraper] INFO: Clicked Device List tab
2026-03-20 17:08:20,540 [router_scraper] INFO: Scraped 4 devices from router
2026-03-20 17:08:28,393 [router_scraper] INFO: Clicked DHCP Information sidebar item
2026-03-20 17:08:30,441 [router_scraper] INFO: Clicked Device List tab
2026-03-20 17:08:30,521 [router_scraper] INFO: Scraped 4 devices from router
2026-03-20 17:08:32,596 [router_scraper] INFO: Clicked DHCP Information sidebar item
2026-03-20 17:08:34,646 [router_scraper] INFO: Clicked Device List tab
2026-03-20 17:08:34,741 [router_scraper] INFO: Scraped 4 devices from router
2026-03-20 17:08:42,591 [router_scraper] INFO: Clicked DHCP Information sidebar item
2026-03-20 17:08:44,636 [router_scraper] INFO: Clicked Device List tab
2026-03-20 17:08:44,718 [router_scraper] INFO: Scraped 4 devices from router
2026-03-20 17:08:46,793 [router_scraper] INFO: Clicked DHCP Information sidebar item
2026-03-20 17:08:48,843 [router_scraper] INFO: Clicked Device List tab
2026-03-20 17:08:48,940 [router_scraper] INFO: Scraped 4 devices from router
2026-03-20 17:08:56,805 [router_scraper] INFO: Clicked DHCP Information sidebar item
2026-03-20 17:08:58,842 [router_scraper] INFO: Clicked Device List tab
2026-03-20 17:08:58,928 [router_scraper] INFO: Scraped 4 devices from router
2026-03-20 17:09:00,993 [router_scraper] INFO: Clicked DHCP Information sidebar item
2026-03-20 17:09:03,044 [router_scraper] INFO: Clicked Device List tab
2026-03-20 17:09:03,142 [router_scraper] INFO: Scraped 4 devices from router
2026-03-20 17:09:10,994 [router_scraper] INFO: Clicked DHCP Information sidebar item
2026-03-20 17:09:13,043 [router_scraper] INFO: Clicked Device List tab
2026-03-20 17:09:13,120 [router_scraper] INFO: Scraped 4 devices from router
2026-03-20 17:09:15,194 [router_scraper] INFO: Clicked DHCP Information sidebar item
2026-03-20 17:09:17,245 [router_scraper] INFO: Clicked Device List tab
2026-03-20 17:09:17,340 [router_scraper] INFO: Scraped 4 devices from router
2026-03-20 17:09:25,171 [router_scraper] INFO: Clicked DHCP Information sidebar item
2026-03-20 17:09:27,203 [router_scraper] INFO: Clicked Device List tab
2026-03-20 17:09:27,282 [router_scraper] INFO: Scraped 4 devices from router
2026-03-20 17:09:29,336 [router_scraper] INFO: Clicked DHCP Information sidebar item
2026-03-20 17:09:31,404 [router_scraper] INFO: Clicked Device List tab
2026-03-20 17:09:31,499 [router_scraper] INFO: Scraped 4 devices from router
2026-03-20 17:09:39,343 [router_scraper] INFO: Clicked DHCP Information sidebar item
2026-03-20 17:09:41,394 [router_scraper] INFO: Clicked Device List tab
2026-03-20 17:09:41,474 [router_scraper] INFO: Scraped 4 devices from router
2026-03-20 17:09:43,545 [router_scraper] INFO: Clicked DHCP Information sidebar item
2026-03-20 17:09:45,595 [router_scraper] INFO: Clicked Device List tab
2026-03-20 17:09:45,691 [router_scraper] INFO: Scraped 4 devices from router
2026-03-20 17:09:53,545 [router_scraper] INFO: Clicked DHCP Information sidebar item
2026-03-20 17:09:55,591 [router_scraper] INFO: Clicked Device List tab
2026-03-20 17:09:55,674 [router_scraper] INFO: Scraped 4 devices from router
2026-03-20 17:09:57,740 [router_scraper] INFO: Clicked DHCP Information sidebar item
2026-03-20 17:09:59,795 [router_scraper] INFO: Clicked Device List tab
2026-03-20 17:09:59,889 [router_scraper] INFO: Scraped 4 devices from router
2026-03-20 17:10:07,743 [router_scraper] INFO: Clicked DHCP Information sidebar item
2026-03-20 17:10:09,794 [router_scraper] INFO: Clicked Device List tab
2026-03-20 17:10:09,906 [router_scraper] INFO: Scraped 4 devices from router
2026-03-20 17:10:11,976 [router_scraper] INFO: Clicked DHCP Information sidebar item
2026-03-20 17:10:14,028 [router_scraper] INFO: Clicked Device List tab
2026-03-20 17:10:14,125 [router_scraper] INFO: Scraped 4 devices from router
2026-03-20 17:10:21,976 [router_scraper] INFO: Clicked DHCP Information sidebar item
2026-03-20 17:10:24,025 [router_scraper] INFO: Clicked Device List tab
2026-03-20 17:10:24,105 [router_scraper] INFO: Scraped 4 devices from router
2026-03-20 17:10:26,178 [router_scraper] INFO: Clicked DHCP Information sidebar item
2026-03-20 17:10:28,226 [router_scraper] INFO: Clicked Device List tab
2026-03-20 17:10:28,323 [router_scraper] INFO: Scraped 4 devices from router
2026-03-20 17:10:36,174 [router_scraper] INFO: Clicked DHCP Information sidebar item
2026-03-20 17:10:38,227 [router_scraper] INFO: Clicked Device List tab
2026-03-20 17:10:38,307 [router_scraper] INFO: Scraped 4 devices from router
2026-03-20 17:10:40,378 [router_scraper] INFO: Clicked DHCP Information sidebar item
2026-03-20 17:10:42,426 [router_scraper] INFO: Clicked Device List tab
2026-03-20 17:10:42,522 [router_scraper] INFO: Scraped 4 devices from router
2026-03-20 17:10:50,376 [router_scraper] INFO: Clicked DHCP Information sidebar item
2026-03-20 17:10:52,428 [router_scraper] INFO: Clicked Device List tab
2026-03-20 17:10:52,508 [router_scraper] INFO: Scraped 4 devices from router
2026-03-20 17:10:54,577 [router_scraper] INFO: Clicked DHCP Information sidebar item
2026-03-20 17:10:56,625 [router_scraper] INFO: Clicked Device List tab
2026-03-20 17:10:56,719 [router_scraper] INFO: Scraped 4 devices from router
2026-03-20 17:11:04,577 [router_scraper] INFO: Clicked DHCP Information sidebar item
2026-03-20 17:11:06,627 [router_scraper] INFO: Clicked Device List tab
2026-03-20 17:11:06,705 [router_scraper] INFO: Scraped 4 devices from router
2026-03-20 17:11:08,775 [router_scraper] INFO: Clicked DHCP Information sidebar item
2026-03-20 17:11:10,828 [router_scraper] INFO: Clicked Device List tab
2026-03-20 17:11:10,929 [router_scraper] INFO: Scraped 4 devices from router
2026-03-20 17:11:18,776 [router_scraper] INFO: Clicked DHCP Information sidebar item
2026-03-20 17:11:20,827 [router_scraper] INFO: Clicked Device List tab
2026-03-20 17:11:20,912 [router_scraper] INFO: Scraped 4 devices from router
2026-03-20 17:11:23,011 [router_scraper] INFO: Clicked DHCP Information sidebar item
2026-03-20 17:11:25,058 [router_scraper] INFO: Clicked Device List tab
2026-03-20 17:11:25,227 [router_scraper] INFO: Scraped 4 devices from router
2026-03-20 17:11:32,973 [router_scraper] INFO: Clicked DHCP Information sidebar item
2026-03-20 17:11:35,000 [router_scraper] INFO: Clicked Device List tab
2026-03-20 17:11:35,082 [router_scraper] INFO: Scraped 4 devices from router
2026-03-20 17:11:37,159 [router_scraper] INFO: Clicked DHCP Information sidebar item
2026-03-20 17:11:39,211 [router_scraper] INFO: Clicked Device List tab
2026-03-20 17:11:39,306 [router_scraper] INFO: Scraped 4 devices from router
2026-03-20 17:11:47,158 [router_scraper] INFO: Clicked DHCP Information sidebar item
2026-03-20 17:11:49,206 [router_scraper] INFO: Clicked Device List tab
2026-03-20 17:11:49,285 [router_scraper] INFO: Scraped 4 devices from router
2026-03-20 17:11:51,360 [router_scraper] INFO: Clicked DHCP Information sidebar item
2026-03-20 17:11:53,410 [router_scraper] INFO: Clicked Device List tab
2026-03-20 17:11:53,506 [router_scraper] INFO: Scraped 4 devices from router
2026-03-20 17:12:01,362 [router_scraper] INFO: Clicked DHCP Information sidebar item
2026-03-20 17:12:03,404 [router_scraper] INFO: Clicked Device List tab
2026-03-20 17:12:03,485 [router_scraper] INFO: Scraped 4 devices from router
2026-03-20 17:12:05,581 [router_scraper] INFO: Clicked DHCP Information sidebar item
2026-03-20 17:12:07,623 [router_scraper] INFO: Clicked Device List tab
2026-03-20 17:12:07,720 [router_scraper] INFO: Scraped 4 devices from router
2026-03-20 17:12:15,558 [router_scraper] INFO: Clicked DHCP Information sidebar item
2026-03-20 17:12:17,609 [router_scraper] INFO: Clicked Device List tab
2026-03-20 17:12:17,690 [router_scraper] INFO: Scraped 4 devices from router
2026-03-20 17:12:19,758 [router_scraper] INFO: Clicked DHCP Information sidebar item
2026-03-20 17:12:21,809 [router_scraper] INFO: Clicked Device List tab
2026-03-20 17:12:21,902 [router_scraper] INFO: Scraped 4 devices from router
2026-03-20 17:12:29,756 [router_scraper] INFO: Clicked DHCP Information sidebar item
2026-03-20 17:12:31,808 [router_scraper] INFO: Clicked Device List tab
2026-03-20 17:12:31,886 [router_scraper] INFO: Scraped 4 devices from router
2026-03-20 17:12:33,958 [router_scraper] INFO: Clicked DHCP Information sidebar item
2026-03-20 17:12:36,009 [router_scraper] INFO: Clicked Device List tab
2026-03-20 17:12:36,110 [router_scraper] INFO: Scraped 4 devices from router
2026-03-20 17:12:43,959 [router_scraper] INFO: Clicked DHCP Information sidebar item
2026-03-20 17:12:46,049 [router_scraper] INFO: Clicked Device List tab
2026-03-20 17:12:46,166 [router_scraper] INFO: Scraped 4 devices from router
2026-03-20 17:12:48,242 [router_scraper] INFO: Clicked DHCP Information sidebar item
2026-03-20 17:12:50,292 [router_scraper] INFO: Clicked Device List tab
2026-03-20 17:12:50,388 [router_scraper] INFO: Scraped 4 devices from router
2026-03-20 17:12:58,218 [router_scraper] INFO: Clicked DHCP Information sidebar item
2026-03-20 17:13:00,255 [router_scraper] INFO: Clicked Device List tab
2026-03-20 17:13:00,336 [router_scraper] INFO: Scraped 4 devices from router
2026-03-20 17:13:02,411 [router_scraper] INFO: Clicked DHCP Information sidebar item
2026-03-20 17:13:04,462 [router_scraper] INFO: Clicked Device List tab
2026-03-20 17:13:04,557 [router_scraper] INFO: Scraped 4 devices from router
2026-03-20 17:13:12,410 [router_scraper] INFO: Clicked DHCP Information sidebar item
2026-03-20 17:13:14,456 [router_scraper] INFO: Clicked Device List tab
2026-03-20 17:13:14,536 [router_scraper] INFO: Scraped 4 devices from router
2026-03-20 17:13:16,610 [router_scraper] INFO: Clicked DHCP Information sidebar item
2026-03-20 17:13:18,661 [router_scraper] INFO: Clicked Device List tab
2026-03-20 17:13:18,792 [router_scraper] INFO: Scraped 4 devices from router
2026-03-20 17:13:26,610 [router_scraper] INFO: Clicked DHCP Information sidebar item
2026-03-20 17:13:28,650 [router_scraper] INFO: Clicked Device List tab
2026-03-20 17:13:28,730 [router_scraper] INFO: Scraped 4 devices from router
2026-03-20 17:13:30,784 [router_scraper] INFO: Clicked DHCP Information sidebar item
2026-03-20 17:13:32,816 [router_scraper] INFO: Clicked Device List tab
2026-03-20 17:13:32,911 [router_scraper] INFO: Scraped 4 devices from router
2026-03-20 17:13:40,785 [router_scraper] INFO: Clicked DHCP Information sidebar item
2026-03-20 17:13:42,820 [router_scraper] INFO: Clicked Device List tab
2026-03-20 17:13:42,899 [router_scraper] INFO: Scraped 4 devices from router
2026-03-20 17:13:44,974 [router_scraper] INFO: Clicked DHCP Information sidebar item
2026-03-20 17:13:47,024 [router_scraper] INFO: Clicked Device List tab
2026-03-20 17:13:47,119 [router_scraper] INFO: Scraped 4 devices from router
2026-03-20 17:13:54,974 [router_scraper] INFO: Clicked DHCP Information sidebar item
2026-03-20 17:13:57,030 [router_scraper] INFO: Clicked Device List tab
2026-03-20 17:13:57,110 [router_scraper] INFO: Scraped 4 devices from router
2026-03-20 17:13:59,170 [router_scraper] INFO: Clicked DHCP Information sidebar item
2026-03-20 17:14:01,227 [router_scraper] INFO: Clicked Device List tab
2026-03-20 17:14:01,322 [router_scraper] INFO: Scraped 4 devices from router
2026-03-20 17:14:09,173 [router_scraper] INFO: Clicked DHCP Information sidebar item
2026-03-20 17:14:11,221 [router_scraper] INFO: Clicked Device List tab
2026-03-20 17:14:11,302 [router_scraper] INFO: Scraped 4 devices from router
2026-03-20 17:14:13,375 [router_scraper] INFO: Clicked DHCP Information sidebar item
2026-03-20 17:14:15,424 [router_scraper] INFO: Clicked Device List tab
2026-03-20 17:14:15,520 [router_scraper] INFO: Scraped 4 devices from router
2026-03-20 17:14:23,374 [router_scraper] INFO: Clicked DHCP Information sidebar item
2026-03-20 17:14:25,421 [router_scraper] INFO: Clicked Device List tab
2026-03-20 17:14:25,501 [router_scraper] INFO: Scraped 4 devices from router
2026-03-20 17:14:27,574 [router_scraper] INFO: Clicked DHCP Information sidebar item
2026-03-20 17:14:29,625 [router_scraper] INFO: Clicked Device List tab
2026-03-20 17:14:29,720 [router_scraper] INFO: Scraped 4 devices from router
2026-03-20 17:14:37,574 [router_scraper] INFO: Clicked DHCP Information sidebar item
2026-03-20 17:14:39,621 [router_scraper] INFO: Clicked Device List tab
2026-03-20 17:14:39,704 [router_scraper] INFO: Scraped 4 devices from router
2026-03-20 17:14:41,775 [router_scraper] INFO: Clicked DHCP Information sidebar item
2026-03-20 17:14:43,826 [router_scraper] INFO: Clicked Device List tab
2026-03-20 17:14:43,923 [router_scraper] INFO: Scraped 4 devices from router
2026-03-20 17:14:51,773 [router_scraper] INFO: Clicked DHCP Information sidebar item
2026-03-20 17:14:53,823 [router_scraper] INFO: Clicked Device List tab
2026-03-20 17:14:53,899 [router_scraper] INFO: Scraped 4 devices from router
2026-03-20 17:14:55,984 [router_scraper] INFO: Clicked DHCP Information sidebar item
2026-03-20 17:14:58,017 [router_scraper] INFO: Clicked Device List tab
2026-03-20 17:14:58,121 [router_scraper] INFO: Scraped 4 devices from router
2026-03-20 17:15:05,949 [router_scraper] INFO: Clicked DHCP Information sidebar item
2026-03-20 17:15:07,988 [router_scraper] INFO: Clicked Device List tab
2026-03-20 17:15:08,067 [router_scraper] INFO: Scraped 4 devices from router
2026-03-20 17:15:10,138 [router_scraper] INFO: Clicked DHCP Information sidebar item
2026-03-20 17:15:12,190 [router_scraper] INFO: Clicked Device List tab
2026-03-20 17:15:12,285 [router_scraper] INFO: Scraped 4 devices from router
2026-03-20 17:15:20,139 [router_scraper] INFO: Clicked DHCP Information sidebar item
2026-03-20 17:15:22,191 [router_scraper] INFO: Clicked Device List tab
2026-03-20 17:15:22,271 [router_scraper] INFO: Scraped 4 devices from router
2026-03-20 17:15:24,340 [router_scraper] INFO: Clicked DHCP Information sidebar item
2026-03-20 17:15:26,392 [router_scraper] INFO: Clicked Device List tab
2026-03-20 17:15:26,489 [router_scraper] INFO: Scraped 4 devices from router
2026-03-20 17:15:34,338 [router_scraper] INFO: Clicked DHCP Information sidebar item
2026-03-20 17:15:36,390 [router_scraper] INFO: Clicked Device List tab
2026-03-20 17:15:36,472 [router_scraper] INFO: Scraped 4 devices from router
2026-03-20 17:15:38,541 [router_scraper] INFO: Clicked DHCP Information sidebar item
2026-03-20 17:15:40,592 [router_scraper] INFO: Clicked Device List tab
2026-03-20 17:15:40,689 [router_scraper] INFO: Scraped 4 devices from router
2026-03-20 17:15:48,547 [router_scraper] INFO: Clicked DHCP Information sidebar item
2026-03-20 17:15:50,590 [router_scraper] INFO: Clicked Device List tab
2026-03-20 17:15:50,669 [router_scraper] INFO: Scraped 4 devices from router
2026-03-20 17:15:52,741 [router_scraper] INFO: Clicked DHCP Information sidebar item
2026-03-20 17:15:54,791 [router_scraper] INFO: Clicked Device List tab
2026-03-20 17:15:54,890 [router_scraper] INFO: Scraped 4 devices from router
2026-03-20 17:16:02,740 [router_scraper] INFO: Clicked DHCP Information sidebar item
2026-03-20 17:16:04,789 [router_scraper] INFO: Clicked Device List tab
2026-03-20 17:16:04,889 [router_scraper] INFO: Scraped 4 devices from router
2026-03-20 17:16:06,949 [router_scraper] INFO: Clicked DHCP Information sidebar item
2026-03-20 17:16:08,989 [router_scraper] INFO: Clicked Device List tab
2026-03-20 17:16:09,088 [router_scraper] INFO: Scraped 4 devices from router
2026-03-20 17:16:16,955 [router_scraper] INFO: Clicked DHCP Information sidebar item
2026-03-20 17:16:18,999 [router_scraper] INFO: Clicked Device List tab
2026-03-20 17:16:19,081 [router_scraper] INFO: Scraped 4 devices from router
2026-03-20 17:16:21,160 [router_scraper] INFO: Clicked DHCP Information sidebar item
2026-03-20 17:16:23,205 [router_scraper] INFO: Clicked Device List tab
2026-03-20 17:16:23,299 [router_scraper] INFO: Scraped 4 devices from router
2026-03-20 17:16:31,131 [router_scraper] INFO: Clicked DHCP Information sidebar item
2026-03-20 17:16:33,172 [router_scraper] INFO: Clicked Device List tab
2026-03-20 17:16:33,253 [router_scraper] INFO: Scraped 4 devices from router
2026-03-20 17:16:35,357 [router_scraper] INFO: Clicked DHCP Information sidebar item
2026-03-20 17:16:37,405 [router_scraper] INFO: Clicked Device List tab
2026-03-20 17:16:37,501 [router_scraper] INFO: Scraped 4 devices from router
2026-03-20 17:16:45,320 [router_scraper] INFO: Clicked DHCP Information sidebar item
2026-03-20 17:16:47,371 [router_scraper] INFO: Clicked Device List tab
2026-03-20 17:16:47,452 [router_scraper] INFO: Scraped 4 devices from router
2026-03-20 17:16:49,522 [router_scraper] INFO: Clicked DHCP Information sidebar item
2026-03-20 17:16:51,573 [router_scraper] INFO: Clicked Device List tab
2026-03-20 17:16:51,669 [router_scraper] INFO: Scraped 4 devices from router
2026-03-20 17:16:59,520 [router_scraper] INFO: Clicked DHCP Information sidebar item
2026-03-20 17:17:01,569 [router_scraper] INFO: Clicked Device List tab
2026-03-20 17:17:01,650 [router_scraper] INFO: Scraped 4 devices from router
2026-03-20 17:17:03,722 [router_scraper] INFO: Clicked DHCP Information sidebar item
2026-03-20 17:17:05,771 [router_scraper] INFO: Clicked Device List tab
2026-03-20 17:17:05,867 [router_scraper] INFO: Scraped 4 devices from router
2026-03-20 17:17:13,720 [router_scraper] INFO: Clicked DHCP Information sidebar item
2026-03-20 17:17:15,770 [router_scraper] INFO: Clicked Device List tab
2026-03-20 17:17:15,848 [router_scraper] INFO: Scraped 4 devices from router
2026-03-20 17:17:17,921 [router_scraper] INFO: Clicked DHCP Information sidebar item
2026-03-20 17:17:19,972 [router_scraper] INFO: Clicked Device List tab
2026-03-20 17:17:20,071 [router_scraper] INFO: Scraped 4 devices from router
2026-03-20 17:17:27,900 [router_scraper] INFO: Clicked DHCP Information sidebar item
2026-03-20 17:17:29,931 [router_scraper] INFO: Clicked Device List tab
2026-03-20 17:17:30,009 [router_scraper] INFO: Scraped 4 devices from router
2026-03-20 17:17:32,063 [router_scraper] INFO: Clicked DHCP Information sidebar item
2026-03-20 17:17:34,105 [router_scraper] INFO: Clicked Device List tab
2026-03-20 17:17:34,199 [router_scraper] INFO: Scraped 4 devices from router
2026-03-20 17:17:42,072 [router_scraper] INFO: Clicked DHCP Information sidebar item
2026-03-20 17:17:44,122 [router_scraper] INFO: Clicked Device List tab
2026-03-20 17:17:44,203 [router_scraper] INFO: Scraped 4 devices from router
2026-03-20 17:17:46,272 [router_scraper] INFO: Clicked DHCP Information sidebar item
2026-03-20 17:17:48,317 [router_scraper] INFO: Clicked Device List tab
2026-03-20 17:17:48,449 [router_scraper] INFO: Scraped 4 devices from router
2026-03-20 17:17:56,271 [router_scraper] INFO: Clicked DHCP Information sidebar item
2026-03-20 17:17:58,316 [router_scraper] INFO: Clicked Device List tab
2026-03-20 17:17:58,396 [router_scraper] INFO: Scraped 4 devices from router
2026-03-20 17:18:00,471 [router_scraper] INFO: Clicked DHCP Information sidebar item
2026-03-20 17:18:02,524 [router_scraper] INFO: Clicked Device List tab
2026-03-20 17:18:02,619 [router_scraper] INFO: Scraped 4 devices from router
2026-03-20 17:18:10,446 [router_scraper] INFO: Clicked DHCP Information sidebar item
2026-03-20 17:18:12,488 [router_scraper] INFO: Clicked Device List tab
2026-03-20 17:18:12,569 [router_scraper] INFO: Scraped 4 devices from router
2026-03-20 17:18:14,640 [router_scraper] INFO: Clicked DHCP Information sidebar item
2026-03-20 17:18:16,691 [router_scraper] INFO: Clicked Device List tab
2026-03-20 17:18:16,788 [router_scraper] INFO: Scraped 4 devices from router
2026-03-20 17:18:24,637 [router_scraper] INFO: Clicked DHCP Information sidebar item
2026-03-20 17:18:26,686 [router_scraper] INFO: Clicked Device List tab
2026-03-20 17:18:26,767 [router_scraper] INFO: Scraped 4 devices from router
2026-03-20 17:18:28,837 [router_scraper] INFO: Clicked DHCP Information sidebar item
2026-03-20 17:18:30,891 [router_scraper] INFO: Clicked Device List tab
2026-03-20 17:18:30,988 [router_scraper] INFO: Scraped 4 devices from router
2026-03-20 17:18:38,837 [router_scraper] INFO: Clicked DHCP Information sidebar item
2026-03-20 17:18:40,887 [router_scraper] INFO: Clicked Device List tab
2026-03-20 17:18:40,970 [router_scraper] INFO: Scraped 4 devices from router
2026-03-20 17:18:43,037 [router_scraper] INFO: Clicked DHCP Information sidebar item
2026-03-20 17:18:45,090 [router_scraper] INFO: Clicked Device List tab
2026-03-20 17:18:45,184 [router_scraper] INFO: Scraped 4 devices from router
2026-03-20 17:18:53,038 [router_scraper] INFO: Clicked DHCP Information sidebar item
2026-03-20 17:18:55,088 [router_scraper] INFO: Clicked Device List tab
2026-03-20 17:18:55,169 [router_scraper] INFO: Scraped 4 devices from router
2026-03-20 17:18:57,239 [router_scraper] INFO: Clicked DHCP Information sidebar item
2026-03-20 17:18:59,290 [router_scraper] INFO: Clicked Device List tab
2026-03-20 17:18:59,388 [router_scraper] INFO: Scraped 4 devices from router
2026-03-20 17:19:07,237 [router_scraper] INFO: Clicked DHCP Information sidebar item
2026-03-20 17:19:09,322 [router_scraper] INFO: Clicked Device List tab
2026-03-20 17:19:09,401 [router_scraper] INFO: Scraped 4 devices from router
2026-03-20 17:19:11,471 [router_scraper] INFO: Clicked DHCP Information sidebar item
2026-03-20 17:19:13,521 [router_scraper] INFO: Clicked Device List tab
2026-03-20 17:19:13,617 [router_scraper] INFO: Scraped 4 devices from router
2026-03-20 17:19:21,470 [router_scraper] INFO: Clicked DHCP Information sidebar item
2026-03-20 17:19:23,520 [router_scraper] INFO: Clicked Device List tab
2026-03-20 17:19:23,600 [router_scraper] INFO: Scraped 4 devices from router
2026-03-20 17:19:25,672 [router_scraper] INFO: Clicked DHCP Information sidebar item
2026-03-20 17:19:27,721 [router_scraper] INFO: Clicked Device List tab
2026-03-20 17:19:27,818 [router_scraper] INFO: Scraped 4 devices from router
2026-03-20 17:19:35,671 [router_scraper] INFO: Clicked DHCP Information sidebar item
2026-03-20 17:19:37,720 [router_scraper] INFO: Clicked Device List tab
2026-03-20 17:19:37,800 [router_scraper] INFO: Scraped 4 devices from router
2026-03-20 17:19:39,866 [router_scraper] INFO: Clicked DHCP Information sidebar item
2026-03-20 17:19:41,896 [router_scraper] INFO: Clicked Device List tab
2026-03-20 17:19:42,025 [router_scraper] INFO: Scraped 4 devices from router
2026-03-20 17:19:49,872 [router_scraper] INFO: Clicked DHCP Information sidebar item
2026-03-20 17:19:51,920 [router_scraper] INFO: Clicked Device List tab
2026-03-20 17:19:52,035 [router_scraper] INFO: Scraped 4 devices from router
2026-03-20 17:19:54,103 [router_scraper] INFO: Clicked DHCP Information sidebar item
2026-03-20 17:19:56,152 [router_scraper] INFO: Clicked Device List tab
2026-03-20 17:19:56,248 [router_scraper] INFO: Scraped 4 devices from router
2026-03-20 17:20:04,101 [router_scraper] INFO: Clicked DHCP Information sidebar item
2026-03-20 17:20:06,155 [router_scraper] INFO: Clicked Device List tab
2026-03-20 17:20:06,239 [router_scraper] INFO: Scraped 4 devices from router
2026-03-20 17:20:08,320 [router_scraper] INFO: Clicked DHCP Information sidebar item
2026-03-20 17:20:10,503 [router_scraper] INFO: Clicked Device List tab
2026-03-20 17:20:10,648 [router_scraper] INFO: Scraped 4 devices from router
2026-03-20 17:20:15,013 [router_scraper] INFO: Clicked DHCP Information sidebar item
2026-03-20 17:20:17,048 [router_scraper] INFO: Clicked Device List tab
2026-03-20 17:20:17,158 [router_scraper] INFO: Scraped 4 devices from router
2026-03-20 17:20:19,214 [router_scraper] INFO: Clicked DHCP Information sidebar item
2026-03-20 17:20:21,244 [router_scraper] INFO: Clicked Device List tab
2026-03-20 17:20:21,332 [router_scraper] INFO: Scraped 4 devices from router
2026-03-20 17:20:23,421 [router_scraper] INFO: Clicked DHCP Information sidebar item
2026-03-20 17:20:25,471 [router_scraper] INFO: Clicked Device List tab
2026-03-20 17:20:25,582 [router_scraper] INFO: Scraped 4 devices from router
2026-03-20 17:20:33,403 [router_scraper] INFO: Clicked DHCP Information sidebar item
2026-03-20 17:20:35,451 [router_scraper] INFO: Clicked Device List tab
2026-03-20 17:20:35,554 [router_scraper] INFO: Scraped 4 devices from router
2026-03-20 17:20:37,632 [router_scraper] INFO: Clicked DHCP Information sidebar item
2026-03-20 17:20:39,664 [router_scraper] INFO: Clicked Device List tab
2026-03-20 17:20:39,771 [router_scraper] INFO: Scraped 4 devices from router
2026-03-20 17:20:47,617 [router_scraper] INFO: Clicked DHCP Information sidebar item
2026-03-20 17:20:49,665 [router_scraper] INFO: Clicked Device List tab
2026-03-20 17:20:49,746 [router_scraper] INFO: Scraped 4 devices from router
2026-03-20 17:20:51,814 [router_scraper] INFO: Clicked DHCP Information sidebar item
2026-03-20 17:20:53,851 [router_scraper] INFO: Clicked Device List tab
2026-03-20 17:20:53,954 [router_scraper] INFO: Scraped 4 devices from router
2026-03-20 17:21:01,794 [router_scraper] INFO: Clicked DHCP Information sidebar item
2026-03-20 17:21:03,833 [router_scraper] INFO: Clicked Device List tab
2026-03-20 17:21:03,914 [router_scraper] INFO: Scraped 4 devices from router
2026-03-20 17:21:05,985 [router_scraper] INFO: Clicked DHCP Information sidebar item
2026-03-20 17:21:08,032 [router_scraper] INFO: Clicked Device List tab
2026-03-20 17:21:08,142 [router_scraper] INFO: Scraped 4 devices from router
2026-03-20 17:21:15,984 [router_scraper] INFO: Clicked DHCP Information sidebar item
2026-03-20 17:21:18,014 [router_scraper] INFO: Clicked Device List tab
2026-03-20 17:21:18,093 [router_scraper] INFO: Scraped 4 devices from router
2026-03-20 17:21:20,166 [router_scraper] INFO: Clicked DHCP Information sidebar item
2026-03-20 17:21:22,220 [router_scraper] INFO: Clicked Device List tab
2026-03-20 17:21:22,327 [router_scraper] INFO: Scraped 4 devices from router
2026-03-20 17:21:30,145 [router_scraper] INFO: Clicked DHCP Information sidebar item
2026-03-20 17:21:32,181 [router_scraper] INFO: Clicked Device List tab
2026-03-20 17:21:32,263 [router_scraper] INFO: Scraped 4 devices from router
2026-03-20 17:21:34,335 [router_scraper] INFO: Clicked DHCP Information sidebar item
2026-03-20 17:21:36,393 [router_scraper] INFO: Clicked Device List tab
2026-03-20 17:21:36,501 [router_scraper] INFO: Scraped 4 devices from router
2026-03-20 17:21:44,311 [router_scraper] INFO: Clicked DHCP Information sidebar item
2026-03-20 17:21:46,346 [router_scraper] INFO: Clicked Device List tab
2026-03-20 17:21:46,432 [router_scraper] INFO: Scraped 4 devices from router
2026-03-20 17:21:48,519 [router_scraper] INFO: Clicked DHCP Information sidebar item
2026-03-20 17:21:50,572 [router_scraper] INFO: Clicked Device List tab
2026-03-20 17:21:50,678 [router_scraper] INFO: Scraped 4 devices from router
2026-03-20 17:21:58,502 [router_scraper] INFO: Clicked DHCP Information sidebar item
2026-03-20 17:22:00,552 [router_scraper] INFO: Clicked Device List tab
2026-03-20 17:22:00,633 [router_scraper] INFO: Scraped 4 devices from router
2026-03-20 17:22:02,717 [router_scraper] INFO: Clicked DHCP Information sidebar item
2026-03-20 17:22:04,766 [router_scraper] INFO: Clicked Device List tab
2026-03-20 17:22:04,871 [router_scraper] INFO: Scraped 4 devices from router
2026-03-20 17:22:12,701 [router_scraper] INFO: Clicked DHCP Information sidebar item
2026-03-20 17:22:14,786 [router_scraper] INFO: Clicked Device List tab
2026-03-20 17:22:14,867 [router_scraper] INFO: Scraped 4 devices from router
2026-03-20 17:22:16,956 [router_scraper] INFO: Clicked DHCP Information sidebar item
2026-03-20 17:22:19,003 [router_scraper] INFO: Clicked Device List tab
2026-03-20 17:22:19,109 [router_scraper] INFO: Scraped 4 devices from router
2026-03-20 17:22:26,933 [router_scraper] INFO: Clicked DHCP Information sidebar item
2026-03-20 17:22:28,960 [router_scraper] INFO: Clicked Device List tab
2026-03-20 17:22:29,041 [router_scraper] INFO: Scraped 4 devices from router
2026-03-20 17:22:31,120 [router_scraper] INFO: Clicked DHCP Information sidebar item
2026-03-20 17:22:33,174 [router_scraper] INFO: Clicked Device List tab
2026-03-20 17:22:33,281 [router_scraper] INFO: Scraped 4 devices from router
2026-03-20 17:22:41,098 [router_scraper] INFO: Clicked DHCP Information sidebar item
2026-03-20 17:22:43,148 [router_scraper] INFO: Clicked Device List tab
2026-03-20 17:22:43,229 [router_scraper] INFO: Scraped 4 devices from router
2026-03-20 17:22:45,301 [router_scraper] INFO: Clicked DHCP Information sidebar item
2026-03-20 17:22:47,353 [router_scraper] INFO: Clicked Device List tab
2026-03-20 17:22:47,483 [router_scraper] INFO: Scraped 4 devices from router
2026-03-20 17:22:55,278 [router_scraper] INFO: Clicked DHCP Information sidebar item
2026-03-20 17:22:57,313 [router_scraper] INFO: Clicked Device List tab
2026-03-20 17:22:57,393 [router_scraper] INFO: Scraped 4 devices from router
2026-03-20 17:22:59,469 [router_scraper] INFO: Clicked DHCP Information sidebar item
2026-03-20 17:23:01,518 [router_scraper] INFO: Clicked Device List tab
2026-03-20 17:23:01,616 [router_scraper] INFO: Scraped 4 devices from router
2026-03-20 17:23:09,451 [router_scraper] INFO: Clicked DHCP Information sidebar item
2026-03-20 17:23:11,502 [router_scraper] INFO: Clicked Device List tab
2026-03-20 17:23:11,584 [router_scraper] INFO: Scraped 4 devices from router
2026-03-20 17:23:13,649 [router_scraper] INFO: Clicked DHCP Information sidebar item
2026-03-20 17:23:15,701 [router_scraper] INFO: Clicked Device List tab
2026-03-20 17:23:15,797 [router_scraper] INFO: Scraped 4 devices from router
2026-03-20 17:23:23,652 [router_scraper] INFO: Clicked DHCP Information sidebar item
2026-03-20 17:23:25,701 [router_scraper] INFO: Clicked Device List tab
2026-03-20 17:23:25,783 [router_scraper] INFO: Scraped 4 devices from router
2026-03-20 17:23:27,850 [router_scraper] INFO: Clicked DHCP Information sidebar item
2026-03-20 17:23:29,904 [router_scraper] INFO: Clicked Device List tab
2026-03-20 17:23:30,001 [router_scraper] INFO: Scraped 4 devices from router
2026-03-20 17:23:37,850 [router_scraper] INFO: Clicked DHCP Information sidebar item
2026-03-20 17:23:39,901 [router_scraper] INFO: Clicked Device List tab
2026-03-20 17:23:39,983 [router_scraper] INFO: Scraped 4 devices from router
2026-03-20 17:23:42,080 [router_scraper] INFO: Clicked DHCP Information sidebar item
2026-03-20 17:23:44,114 [router_scraper] INFO: Clicked Device List tab
2026-03-20 17:23:44,218 [router_scraper] INFO: Scraped 4 devices from router
2026-03-20 17:23:52,051 [router_scraper] INFO: Clicked DHCP Information sidebar item
2026-03-20 17:23:54,100 [router_scraper] INFO: Clicked Device List tab
2026-03-20 17:23:54,180 [router_scraper] INFO: Scraped 4 devices from router
2026-03-20 17:23:56,255 [router_scraper] INFO: Clicked DHCP Information sidebar item
2026-03-20 17:23:58,303 [router_scraper] INFO: Clicked Device List tab
2026-03-20 17:23:58,399 [router_scraper] INFO: Scraped 4 devices from router
2026-03-20 17:24:06,253 [router_scraper] INFO: Clicked DHCP Information sidebar item
2026-03-20 17:24:08,301 [router_scraper] INFO: Clicked Device List tab
2026-03-20 17:24:08,381 [router_scraper] INFO: Scraped 4 devices from router
2026-03-20 17:24:10,451 [router_scraper] INFO: Clicked DHCP Information sidebar item
2026-03-20 17:24:12,496 [router_scraper] INFO: Clicked Device List tab
2026-03-20 17:24:12,591 [router_scraper] INFO: Scraped 4 devices from router
2026-03-20 17:24:20,451 [router_scraper] INFO: Clicked DHCP Information sidebar item
2026-03-20 17:24:22,497 [router_scraper] INFO: Clicked Device List tab
2026-03-20 17:24:22,577 [router_scraper] INFO: Scraped 4 devices from router
2026-03-20 17:24:24,651 [router_scraper] INFO: Clicked DHCP Information sidebar item
2026-03-20 17:24:26,703 [router_scraper] INFO: Clicked Device List tab
2026-03-20 17:24:26,798 [router_scraper] INFO: Scraped 4 devices from router
2026-03-20 17:24:34,626 [router_scraper] INFO: Clicked DHCP Information sidebar item
2026-03-20 17:24:36,663 [router_scraper] INFO: Clicked Device List tab
2026-03-20 17:24:36,745 [router_scraper] INFO: Scraped 4 devices from router
2026-03-20 17:24:38,817 [router_scraper] INFO: Clicked DHCP Information sidebar item
2026-03-20 17:24:40,865 [router_scraper] INFO: Clicked Device List tab
2026-03-20 17:24:40,962 [router_scraper] INFO: Scraped 4 devices from router
2026-03-20 17:24:48,818 [router_scraper] INFO: Clicked DHCP Information sidebar item
2026-03-20 17:24:50,868 [router_scraper] INFO: Clicked Device List tab
2026-03-20 17:24:50,947 [router_scraper] INFO: Scraped 4 devices from router
2026-03-20 17:24:53,017 [router_scraper] INFO: Clicked DHCP Information sidebar item
2026-03-20 17:24:55,065 [router_scraper] INFO: Clicked Device List tab
2026-03-20 17:24:55,162 [router_scraper] INFO: Scraped 4 devices from router
2026-03-20 17:25:03,017 [router_scraper] INFO: Clicked DHCP Information sidebar item
2026-03-20 17:25:05,067 [router_scraper] INFO: Clicked Device List tab
2026-03-20 17:25:05,150 [router_scraper] INFO: Scraped 4 devices from router
2026-03-20 17:25:07,215 [router_scraper] INFO: Clicked DHCP Information sidebar item
2026-03-20 17:25:09,264 [router_scraper] INFO: Clicked Device List tab
2026-03-20 17:25:09,385 [router_scraper] INFO: Scraped 4 devices from router
2026-03-20 17:25:17,251 [router_scraper] INFO: Clicked DHCP Information sidebar item
2026-03-20 17:25:19,301 [router_scraper] INFO: Clicked Device List tab
2026-03-20 17:25:19,382 [router_scraper] INFO: Scraped 4 devices from router
2026-03-20 17:25:21,451 [router_scraper] INFO: Clicked DHCP Information sidebar item
2026-03-20 17:25:23,503 [router_scraper] INFO: Clicked Device List tab
2026-03-20 17:25:23,600 [router_scraper] INFO: Scraped 4 devices from router
2026-03-20 17:25:31,450 [router_scraper] INFO: Clicked DHCP Information sidebar item
2026-03-20 17:25:33,499 [router_scraper] INFO: Clicked Device List tab
2026-03-20 17:25:33,582 [router_scraper] INFO: Scraped 4 devices from router
2026-03-20 17:25:35,651 [router_scraper] INFO: Clicked DHCP Information sidebar item
2026-03-20 17:25:37,699 [router_scraper] INFO: Clicked Device List tab
2026-03-20 17:25:37,796 [router_scraper] INFO: Scraped 4 devices from router
2026-03-20 17:25:45,648 [router_scraper] INFO: Clicked DHCP Information sidebar item
2026-03-20 17:25:47,700 [router_scraper] INFO: Clicked Device List tab
2026-03-20 17:25:47,780 [router_scraper] INFO: Scraped 4 devices from router
2026-03-20 17:25:49,851 [router_scraper] INFO: Clicked DHCP Information sidebar item
2026-03-20 17:25:51,937 [router_scraper] INFO: Clicked Device List tab
2026-03-20 17:25:52,031 [router_scraper] INFO: Scraped 4 devices from router
2026-03-20 17:25:59,851 [router_scraper] INFO: Clicked DHCP Information sidebar item
2026-03-20 17:26:01,898 [router_scraper] INFO: Clicked Device List tab
2026-03-20 17:26:01,978 [router_scraper] INFO: Scraped 4 devices from router
2026-03-20 17:26:04,046 [router_scraper] INFO: Clicked DHCP Information sidebar item
2026-03-20 17:26:06,077 [router_scraper] INFO: Clicked Device List tab
2026-03-20 17:26:06,170 [router_scraper] INFO: Scraped 4 devices from router
2026-03-20 17:26:14,048 [router_scraper] INFO: Clicked DHCP Information sidebar item
2026-03-20 17:26:16,099 [router_scraper] INFO: Clicked Device List tab
2026-03-20 17:26:16,178 [router_scraper] INFO: Scraped 4 devices from router
2026-03-20 17:26:18,242 [router_scraper] INFO: Clicked DHCP Information sidebar item
2026-03-20 17:26:20,284 [router_scraper] INFO: Clicked Device List tab
2026-03-20 17:26:20,380 [router_scraper] INFO: Scraped 4 devices from router
2026-03-20 17:26:28,249 [router_scraper] INFO: Clicked DHCP Information sidebar item
2026-03-20 17:26:30,347 [router_scraper] INFO: Clicked Device List tab
2026-03-20 17:26:30,486 [router_scraper] INFO: Scraped 4 devices from router
2026-03-20 17:26:32,588 [router_scraper] INFO: Clicked DHCP Information sidebar item
2026-03-20 17:26:34,639 [router_scraper] INFO: Clicked Device List tab
2026-03-20 17:26:34,735 [router_scraper] INFO: Scraped 4 devices from router
2026-03-20 17:26:42,554 [router_scraper] INFO: Clicked DHCP Information sidebar item
2026-03-20 17:26:44,600 [router_scraper] INFO: Clicked Device List tab
2026-03-20 17:26:44,681 [router_scraper] INFO: Scraped 4 devices from router
2026-03-20 17:26:46,751 [router_scraper] INFO: Clicked DHCP Information sidebar item
2026-03-20 17:26:48,801 [router_scraper] INFO: Clicked Device List tab
2026-03-20 17:26:48,901 [router_scraper] INFO: Scraped 4 devices from router
2026-03-20 17:26:56,749 [router_scraper] INFO: Clicked DHCP Information sidebar item
2026-03-20 17:26:58,799 [router_scraper] INFO: Clicked Device List tab
2026-03-20 17:26:58,880 [router_scraper] INFO: Scraped 4 devices from router
2026-03-20 17:27:00,944 [router_scraper] INFO: Clicked DHCP Information sidebar item
2026-03-20 17:27:02,976 [router_scraper] INFO: Clicked Device List tab
2026-03-20 17:27:03,074 [router_scraper] INFO: Scraped 4 devices from router
2026-03-20 17:27:10,950 [router_scraper] INFO: Clicked DHCP Information sidebar item
2026-03-20 17:27:13,002 [router_scraper] INFO: Clicked Device List tab
2026-03-20 17:27:13,154 [router_scraper] INFO: Scraped 4 devices from router
2026-03-20 17:27:15,237 [router_scraper] INFO: Clicked DHCP Information sidebar item
2026-03-20 17:27:17,284 [router_scraper] INFO: Clicked Device List tab
2026-03-20 17:27:17,395 [router_scraper] INFO: Scraped 5 devices from router
2026-03-20 17:27:25,219 [router_scraper] INFO: Clicked DHCP Information sidebar item
2026-03-20 17:27:27,261 [router_scraper] INFO: Clicked Device List tab
2026-03-20 17:27:27,353 [router_scraper] INFO: Scraped 5 devices from router
2026-03-20 17:27:29,409 [router_scraper] INFO: Clicked DHCP Information sidebar item
2026-03-20 17:27:31,449 [router_scraper] INFO: Clicked Device List tab
2026-03-20 17:27:31,559 [router_scraper] INFO: Scraped 5 devices from router
2026-03-20 17:27:39,414 [router_scraper] INFO: Clicked DHCP Information sidebar item
2026-03-20 17:27:41,467 [router_scraper] INFO: Clicked Device List tab
2026-03-20 17:27:41,560 [router_scraper] INFO: Scraped 5 devices from router
2026-03-20 17:27:43,632 [router_scraper] INFO: Clicked DHCP Information sidebar item
2026-03-20 17:27:45,682 [router_scraper] INFO: Clicked Device List tab
2026-03-20 17:27:45,798 [router_scraper] INFO: Scraped 5 devices from router
2026-03-20 17:27:53,631 [router_scraper] INFO: Clicked DHCP Information sidebar item
2026-03-20 17:27:55,681 [router_scraper] INFO: Clicked Device List tab
2026-03-20 17:27:55,776 [router_scraper] INFO: Scraped 5 devices from router
2026-03-20 17:27:57,849 [router_scraper] INFO: Clicked DHCP Information sidebar item
2026-03-20 17:27:59,898 [router_scraper] INFO: Clicked Device List tab
2026-03-20 17:28:00,035 [router_scraper] INFO: Scraped 5 devices from router
2026-03-20 17:28:07,853 [router_scraper] INFO: Clicked DHCP Information sidebar item
2026-03-20 17:28:09,899 [router_scraper] INFO: Clicked Device List tab
2026-03-20 17:28:10,009 [router_scraper] INFO: Scraped 5 devices from router
2026-03-20 17:28:12,081 [router_scraper] INFO: Clicked DHCP Information sidebar item
2026-03-20 17:28:14,135 [router_scraper] INFO: Clicked Device List tab
2026-03-20 17:28:14,286 [router_scraper] INFO: Scraped 5 devices from router
2026-03-20 17:28:22,058 [router_scraper] INFO: Clicked DHCP Information sidebar item
2026-03-20 17:28:24,096 [router_scraper] INFO: Clicked Device List tab
2026-03-20 17:28:24,192 [router_scraper] INFO: Scraped 5 devices from router
2026-03-20 17:28:26,286 [router_scraper] INFO: Clicked DHCP Information sidebar item
2026-03-20 17:28:28,329 [router_scraper] INFO: Clicked Device List tab
2026-03-20 17:28:28,458 [router_scraper] INFO: Scraped 5 devices from router
2026-03-20 17:28:36,240 [router_scraper] INFO: Clicked DHCP Information sidebar item
2026-03-20 17:28:38,284 [router_scraper] INFO: Clicked Device List tab
2026-03-20 17:28:38,380 [router_scraper] INFO: Scraped 5 devices from router
2026-03-20 17:28:40,443 [router_scraper] INFO: Clicked DHCP Information sidebar item
2026-03-20 17:28:42,474 [router_scraper] INFO: Clicked Device List tab
2026-03-20 17:28:42,589 [router_scraper] INFO: Scraped 5 devices from router
2026-03-20 17:28:50,446 [router_scraper] INFO: Clicked DHCP Information sidebar item
2026-03-20 17:28:52,497 [router_scraper] INFO: Clicked Device List tab
2026-03-20 17:28:52,595 [router_scraper] INFO: Scraped 5 devices from router
2026-03-20 17:28:54,669 [router_scraper] INFO: Clicked DHCP Information sidebar item
2026-03-20 17:28:56,743 [router_scraper] INFO: Clicked Device List tab
2026-03-20 17:28:56,856 [router_scraper] INFO: Scraped 5 devices from router
2026-03-20 17:29:04,665 [router_scraper] INFO: Clicked DHCP Information sidebar item
2026-03-20 17:29:06,713 [router_scraper] INFO: Clicked Device List tab
2026-03-20 17:29:06,810 [router_scraper] INFO: Scraped 5 devices from router
2026-03-20 17:29:08,886 [router_scraper] INFO: Clicked DHCP Information sidebar item
2026-03-20 17:29:10,931 [router_scraper] INFO: Clicked Device List tab
2026-03-20 17:29:11,047 [router_scraper] INFO: Scraped 5 devices from router
2026-03-20 17:29:18,880 [router_scraper] INFO: Clicked DHCP Information sidebar item
2026-03-20 17:29:20,930 [router_scraper] INFO: Clicked Device List tab
2026-03-20 17:29:21,030 [router_scraper] INFO: Scraped 5 devices from router
2026-03-20 17:29:23,092 [router_scraper] INFO: Clicked DHCP Information sidebar item
2026-03-20 17:29:25,126 [router_scraper] INFO: Clicked Device List tab
2026-03-20 17:29:25,247 [router_scraper] INFO: Scraped 5 devices from router
2026-03-20 17:29:33,098 [router_scraper] INFO: Clicked DHCP Information sidebar item
2026-03-20 17:29:35,187 [router_scraper] INFO: Clicked Device List tab
2026-03-20 17:29:35,303 [router_scraper] INFO: Scraped 5 devices from router
2026-03-20 17:29:37,381 [router_scraper] INFO: Clicked DHCP Information sidebar item
2026-03-20 17:29:39,434 [router_scraper] INFO: Clicked Device List tab
2026-03-20 17:29:39,549 [router_scraper] INFO: Scraped 5 devices from router
2026-03-20 17:29:47,362 [router_scraper] INFO: Clicked DHCP Information sidebar item
2026-03-20 17:29:49,413 [router_scraper] INFO: Clicked Device List tab
2026-03-20 17:29:49,511 [router_scraper] INFO: Scraped 5 devices from router
2026-03-20 17:29:51,581 [router_scraper] INFO: Clicked DHCP Information sidebar item
2026-03-20 17:29:53,631 [router_scraper] INFO: Clicked Device List tab
2026-03-20 17:29:53,745 [router_scraper] INFO: Scraped 5 devices from router
2026-03-20 17:30:01,556 [router_scraper] INFO: Clicked DHCP Information sidebar item
2026-03-20 17:30:03,592 [router_scraper] INFO: Clicked Device List tab
2026-03-20 17:30:03,691 [router_scraper] INFO: Scraped 5 devices from router
2026-03-20 17:30:05,764 [router_scraper] INFO: Clicked DHCP Information sidebar item
2026-03-20 17:30:07,818 [router_scraper] INFO: Clicked Device List tab
2026-03-20 17:30:07,933 [router_scraper] INFO: Scraped 5 devices from router
2026-03-20 17:30:15,741 [router_scraper] INFO: Clicked DHCP Information sidebar item
2026-03-20 17:30:17,776 [router_scraper] INFO: Clicked Device List tab
2026-03-20 17:30:17,874 [router_scraper] INFO: Scraped 5 devices from router
2026-03-20 17:30:19,946 [router_scraper] INFO: Clicked DHCP Information sidebar item
2026-03-20 17:30:21,997 [router_scraper] INFO: Clicked Device List tab
2026-03-20 17:30:22,111 [router_scraper] INFO: Scraped 5 devices from router
2026-03-20 17:30:29,928 [router_scraper] INFO: Clicked DHCP Information sidebar item
2026-03-20 17:30:31,955 [router_scraper] INFO: Clicked Device List tab
2026-03-20 17:30:32,052 [router_scraper] INFO: Scraped 5 devices from router
2026-03-20 17:30:34,131 [router_scraper] INFO: Clicked DHCP Information sidebar item
2026-03-20 17:30:36,181 [router_scraper] INFO: Clicked Device List tab
2026-03-20 17:30:36,363 [router_scraper] INFO: Scraped 5 devices from router
2026-03-20 17:30:44,107 [router_scraper] INFO: Clicked DHCP Information sidebar item
2026-03-20 17:30:46,144 [router_scraper] INFO: Clicked Device List tab
2026-03-20 17:30:46,303 [router_scraper] INFO: Scraped 5 devices from router
2026-03-20 17:30:48,430 [router_scraper] INFO: Clicked DHCP Information sidebar item
2026-03-20 17:30:50,499 [router_scraper] INFO: Clicked Device List tab
2026-03-20 17:30:50,619 [router_scraper] INFO: Scraped 5 devices from router
2026-03-20 17:30:58,360 [router_scraper] INFO: Clicked DHCP Information sidebar item
2026-03-20 17:31:00,412 [router_scraper] INFO: Clicked Device List tab
2026-03-20 17:31:00,511 [router_scraper] INFO: Scraped 5 devices from router
2026-03-20 17:31:02,579 [router_scraper] INFO: Clicked DHCP Information sidebar item
2026-03-20 17:31:04,629 [router_scraper] INFO: Clicked Device List tab
2026-03-20 17:31:04,744 [router_scraper] INFO: Scraped 5 devices from router
2026-03-20 17:31:12,579 [router_scraper] INFO: Clicked DHCP Information sidebar item
2026-03-20 17:31:14,613 [router_scraper] INFO: Clicked Device List tab
2026-03-20 17:31:14,708 [router_scraper] INFO: Scraped 5 devices from router
2026-03-20 17:31:16,782 [router_scraper] INFO: Clicked DHCP Information sidebar item
2026-03-20 17:31:18,833 [router_scraper] INFO: Clicked Device List tab
2026-03-20 17:31:18,985 [router_scraper] INFO: Scraped 5 devices from router
2026-03-20 17:31:26,756 [router_scraper] INFO: Clicked DHCP Information sidebar item
2026-03-20 17:31:28,790 [router_scraper] INFO: Clicked Device List tab
2026-03-20 17:31:28,886 [router_scraper] INFO: Scraped 5 devices from router
2026-03-20 17:31:30,964 [router_scraper] INFO: Clicked DHCP Information sidebar item
2026-03-20 17:31:33,014 [router_scraper] INFO: Clicked Device List tab
2026-03-20 17:31:33,140 [router_scraper] INFO: Scraped 5 devices from router
2026-03-20 17:31:40,945 [router_scraper] INFO: Clicked DHCP Information sidebar item
2026-03-20 17:31:42,996 [router_scraper] INFO: Clicked Device List tab
2026-03-20 17:31:43,092 [router_scraper] INFO: Scraped 5 devices from router
2026-03-20 17:31:45,164 [router_scraper] INFO: Clicked DHCP Information sidebar item
2026-03-20 17:31:47,215 [router_scraper] INFO: Clicked Device List tab
2026-03-20 17:31:47,330 [router_scraper] INFO: Scraped 5 devices from router
2026-03-20 17:31:55,139 [router_scraper] INFO: Clicked DHCP Information sidebar item
2026-03-20 17:31:57,173 [router_scraper] INFO: Clicked Device List tab
2026-03-20 17:31:57,308 [router_scraper] INFO: Scraped 5 devices from router
2026-03-20 17:31:59,379 [router_scraper] INFO: Clicked DHCP Information sidebar item
2026-03-20 17:32:01,430 [router_scraper] INFO: Clicked Device List tab
2026-03-20 17:32:01,543 [router_scraper] INFO: Scraped 5 devices from router
2026-03-20 17:32:09,380 [router_scraper] INFO: Clicked DHCP Information sidebar item
2026-03-20 17:32:11,430 [router_scraper] INFO: Clicked Device List tab
2026-03-20 17:32:11,527 [router_scraper] INFO: Scraped 5 devices from router
2026-03-20 17:32:13,592 [router_scraper] INFO: Clicked DHCP Information sidebar item
2026-03-20 17:32:15,623 [router_scraper] INFO: Clicked Device List tab
2026-03-20 17:32:15,764 [router_scraper] INFO: Scraped 5 devices from router
2026-03-20 17:32:23,596 [router_scraper] INFO: Clicked DHCP Information sidebar item
2026-03-20 17:32:25,647 [router_scraper] INFO: Clicked Device List tab
2026-03-20 17:32:25,742 [router_scraper] INFO: Scraped 5 devices from router
2026-03-20 17:32:27,809 [router_scraper] INFO: Clicked DHCP Information sidebar item
2026-03-20 17:32:29,863 [router_scraper] INFO: Clicked Device List tab
2026-03-20 17:32:29,978 [router_scraper] INFO: Scraped 5 devices from router
2026-03-20 17:32:37,811 [router_scraper] INFO: Clicked DHCP Information sidebar item
2026-03-20 17:32:39,862 [router_scraper] INFO: Clicked Device List tab
2026-03-20 17:32:39,957 [router_scraper] INFO: Scraped 5 devices from router
2026-03-20 17:32:42,028 [router_scraper] INFO: Clicked DHCP Information sidebar item
2026-03-20 17:32:44,079 [router_scraper] INFO: Clicked Device List tab
2026-03-20 17:32:44,192 [router_scraper] INFO: Scraped 5 devices from router
2026-03-20 17:32:52,033 [router_scraper] INFO: Clicked DHCP Information sidebar item
2026-03-20 17:32:54,078 [router_scraper] INFO: Clicked Device List tab
2026-03-20 17:32:54,174 [router_scraper] INFO: Scraped 5 devices from router
2026-03-20 17:32:56,266 [router_scraper] INFO: Clicked DHCP Information sidebar item
2026-03-20 17:32:58,312 [router_scraper] INFO: Clicked Device List tab
2026-03-20 17:32:58,451 [router_scraper] INFO: Scraped 5 devices from router
2026-03-20 17:33:06,262 [router_scraper] INFO: Clicked DHCP Information sidebar item
2026-03-20 17:33:08,309 [router_scraper] INFO: Clicked Device List tab
2026-03-20 17:33:08,483 [router_scraper] INFO: Scraped 5 devices from router
2026-03-20 17:33:10,615 [router_scraper] INFO: Clicked DHCP Information sidebar item
2026-03-20 17:33:10,918 [router_scraper] WARNING: No table found on DHCP page (timeout)
2026-03-20 17:33:10,921 [router_scraper] ERROR: Failed to scrape devices: Locator.all: Target page, context or browser has been closed
2026-03-20 17:33:11,021 [hotzone] INFO: Shutting down — cleaning up Playwright...
2026-03-20 17:33:54,617 [hotzone] INFO: 🔥 HotZone WiFi Voucher Server starting...
2026-03-20 17:33:54,618 [hotzone] INFO: Startup: allowed MACs = {'D0:B1:28:FD:9A:43', '60:30:D4:6E:53:10', 'DC:29:19:46:1F:27', 'DE:48:D8:8B:5A:90', '0E:E7:14:46:8A:D3'}
2026-03-20 17:33:57,306 [router_scraper] INFO: Navigating to router login: http://192.168.1.1/login.html
2026-03-20 17:34:05,501 [router_scraper] INFO: Router login successful
2026-03-20 17:34:07,598 [router_scraper] INFO: Clicked Firewall sidebar
2026-03-20 17:34:09,636 [router_scraper] INFO: Clicked Filtering Rules
2026-03-20 17:34:11,669 [router_scraper] INFO: Clicked MAC Filtering tab
2026-03-20 17:34:11,737 [router_scraper] INFO: Router MAC filter is clean — no unauthorized MACs found
2026-03-20 17:34:11,738 [hotzone] INFO: Syncing 4 whitelisted devices to router...
2026-03-20 17:34:20,061 [router_scraper] INFO: Clicked Device List tab
2026-03-20 17:34:20,181 [router_scraper] INFO: Scraped 5 devices from router
2026-03-20 17:34:22,282 [router_scraper] INFO: Clicked Firewall sidebar
2026-03-20 17:34:24,318 [router_scraper] INFO: Clicked Filtering Rules
2026-03-20 17:34:26,346 [router_scraper] INFO: Clicked MAC Filtering tab
2026-03-20 17:34:26,435 [router_scraper] INFO: Existing MACs in router: {'DC:29:19:46:1F:27', 'DE:48:D8:8B:5A:90', 'D0:B1:28:FD:9A:43', '60:30:D4:6E:53:10', '0E:E7:14:46:8A:D3'}
2026-03-20 17:34:26,436 [router_scraper] INFO: All whitelisted devices already in router
2026-03-20 17:34:34,643 [router_scraper] INFO: Clicked Device List tab
2026-03-20 17:34:34,785 [router_scraper] INFO: Scraped 5 devices from router
2026-03-20 17:34:36,839 [router_scraper] INFO: Clicked DHCP Information sidebar item
2026-03-20 17:34:38,886 [router_scraper] INFO: Clicked Device List tab
2026-03-20 17:34:38,997 [router_scraper] INFO: Scraped 5 devices from router
2026-03-20 17:34:41,082 [router_scraper] INFO: Clicked DHCP Information sidebar item
2026-03-20 17:34:43,124 [router_scraper] INFO: Clicked Device List tab
2026-03-20 17:34:43,273 [router_scraper] INFO: Scraped 5 devices from router
2026-03-20 17:34:51,058 [router_scraper] INFO: Clicked DHCP Information sidebar item
2026-03-20 17:34:53,126 [router_scraper] INFO: Clicked Device List tab
2026-03-20 17:34:53,234 [router_scraper] INFO: Scraped 5 devices from router
2026-03-20 17:34:55,309 [router_scraper] INFO: Clicked DHCP Information sidebar item
2026-03-20 17:34:57,356 [router_scraper] INFO: Clicked Device List tab
2026-03-20 17:34:57,654 [router_scraper] INFO: Scraped 5 devices from router
2026-03-20 17:35:05,302 [router_scraper] INFO: Clicked DHCP Information sidebar item
2026-03-20 17:35:07,344 [router_scraper] INFO: Clicked Device List tab
2026-03-20 17:35:07,456 [router_scraper] INFO: Scraped 5 devices from router
2026-03-20 17:35:09,544 [router_scraper] INFO: Clicked DHCP Information sidebar item
2026-03-20 17:35:11,598 [router_scraper] INFO: Clicked Device List tab
2026-03-20 17:35:11,763 [router_scraper] INFO: Scraped 5 devices from router
2026-03-20 17:35:19,521 [router_scraper] INFO: Clicked DHCP Information sidebar item
2026-03-20 17:35:21,565 [router_scraper] INFO: Clicked Device List tab
2026-03-20 17:35:21,675 [router_scraper] INFO: Scraped 5 devices from router
2026-03-20 17:35:23,780 [router_scraper] INFO: Clicked DHCP Information sidebar item
2026-03-20 17:35:25,830 [router_scraper] INFO: Clicked Device List tab
2026-03-20 17:35:25,957 [router_scraper] INFO: Scraped 5 devices from router
2026-03-20 17:35:33,745 [router_scraper] INFO: Clicked DHCP Information sidebar item
2026-03-20 17:35:35,795 [router_scraper] INFO: Clicked Device List tab
2026-03-20 17:35:35,904 [router_scraper] INFO: Scraped 5 devices from router
2026-03-20 17:35:37,983 [router_scraper] INFO: Clicked DHCP Information sidebar item
2026-03-20 17:35:40,031 [router_scraper] INFO: Clicked Device List tab
2026-03-20 17:35:40,162 [router_scraper] INFO: Scraped 5 devices from router
2026-03-20 17:35:47,994 [router_scraper] INFO: Clicked DHCP Information sidebar item
2026-03-20 17:35:50,051 [router_scraper] INFO: Clicked Device List tab
2026-03-20 17:35:50,168 [router_scraper] INFO: Scraped 5 devices from router
2026-03-20 17:35:52,282 [router_scraper] INFO: Clicked DHCP Information sidebar item
2026-03-20 17:35:54,321 [router_scraper] INFO: Clicked Device List tab
2026-03-20 17:35:54,450 [router_scraper] INFO: Scraped 5 devices from router
2026-03-20 17:36:02,244 [router_scraper] INFO: Clicked DHCP Information sidebar item
2026-03-20 17:36:04,297 [router_scraper] INFO: Clicked Device List tab
2026-03-20 17:36:04,411 [router_scraper] INFO: Scraped 5 devices from router
2026-03-20 17:36:06,488 [router_scraper] INFO: Clicked DHCP Information sidebar item
2026-03-20 17:36:08,542 [router_scraper] INFO: Clicked Device List tab
2026-03-20 17:36:08,671 [router_scraper] INFO: Scraped 5 devices from router
2026-03-20 17:36:16,477 [router_scraper] INFO: Clicked DHCP Information sidebar item
2026-03-20 17:36:18,527 [router_scraper] INFO: Clicked Device List tab
2026-03-20 17:36:18,640 [router_scraper] INFO: Scraped 5 devices from router
2026-03-20 17:36:20,725 [router_scraper] INFO: Clicked DHCP Information sidebar item
2026-03-20 17:36:22,775 [router_scraper] INFO: Clicked Device List tab
2026-03-20 17:36:22,902 [router_scraper] INFO: Scraped 5 devices from router
2026-03-20 17:36:30,711 [router_scraper] INFO: Clicked DHCP Information sidebar item
2026-03-20 17:36:32,754 [router_scraper] INFO: Clicked Device List tab
2026-03-20 17:36:32,870 [router_scraper] INFO: Scraped 5 devices from router
2026-03-20 17:36:34,959 [router_scraper] INFO: Clicked DHCP Information sidebar item
2026-03-20 17:36:37,010 [router_scraper] INFO: Clicked Device List tab
2026-03-20 17:36:37,150 [router_scraper] INFO: Scraped 5 devices from router
2026-03-20 17:36:44,925 [router_scraper] INFO: Clicked DHCP Information sidebar item
2026-03-20 17:36:46,976 [router_scraper] INFO: Clicked Device List tab
2026-03-20 17:36:47,088 [router_scraper] INFO: Scraped 5 devices from router
2026-03-20 17:36:49,173 [router_scraper] INFO: Clicked DHCP Information sidebar item
2026-03-20 17:36:51,236 [router_scraper] INFO: Clicked Device List tab
2026-03-20 17:36:51,364 [router_scraper] INFO: Scraped 5 devices from router
2026-03-20 17:36:59,159 [router_scraper] INFO: Clicked DHCP Information sidebar item
2026-03-20 17:37:01,206 [router_scraper] INFO: Clicked Device List tab
2026-03-20 17:37:01,317 [router_scraper] INFO: Scraped 5 devices from router
2026-03-20 17:37:03,389 [router_scraper] INFO: Clicked DHCP Information sidebar item
2026-03-20 17:37:05,449 [router_scraper] INFO: Clicked Device List tab
2026-03-20 17:37:05,580 [router_scraper] INFO: Scraped 5 devices from router
2026-03-20 17:37:13,378 [router_scraper] INFO: Clicked DHCP Information sidebar item
2026-03-20 17:37:15,420 [router_scraper] INFO: Clicked Device List tab
2026-03-20 17:37:15,551 [router_scraper] INFO: Scraped 5 devices from router
2026-03-20 17:37:17,706 [router_scraper] INFO: Clicked DHCP Information sidebar item
2026-03-20 17:37:19,761 [router_scraper] INFO: Clicked Device List tab
2026-03-20 17:37:19,904 [router_scraper] INFO: Scraped 5 devices from router
2026-03-20 17:37:27,627 [router_scraper] INFO: Clicked DHCP Information sidebar item
2026-03-20 17:37:29,796 [router_scraper] INFO: Clicked Device List tab
2026-03-20 17:37:29,944 [router_scraper] INFO: Scraped 5 devices from router
2026-03-20 17:37:32,047 [router_scraper] INFO: Clicked DHCP Information sidebar item
2026-03-20 17:37:34,092 [router_scraper] INFO: Clicked Device List tab
2026-03-20 17:37:34,229 [router_scraper] INFO: Scraped 5 devices from router
2026-03-20 17:37:42,012 [router_scraper] INFO: Clicked DHCP Information sidebar item
2026-03-20 17:37:44,071 [router_scraper] INFO: Clicked Device List tab
2026-03-20 17:37:44,190 [router_scraper] INFO: Scraped 5 devices from router
2026-03-20 17:37:46,275 [router_scraper] INFO: Clicked DHCP Information sidebar item
2026-03-20 17:37:48,338 [router_scraper] INFO: Clicked Device List tab
2026-03-20 17:37:48,502 [router_scraper] INFO: Scraped 5 devices from router
2026-03-20 17:37:56,259 [router_scraper] INFO: Clicked DHCP Information sidebar item
2026-03-20 17:37:58,308 [router_scraper] INFO: Clicked Device List tab
2026-03-20 17:37:58,411 [router_scraper] INFO: Scraped 5 devices from router
2026-03-20 17:38:00,493 [router_scraper] INFO: Clicked DHCP Information sidebar item
2026-03-20 17:38:02,543 [router_scraper] INFO: Clicked Device List tab
2026-03-20 17:38:02,660 [router_scraper] INFO: Scraped 5 devices from router
2026-03-20 17:38:10,475 [router_scraper] INFO: Clicked DHCP Information sidebar item
2026-03-20 17:38:12,526 [router_scraper] INFO: Clicked Device List tab
2026-03-20 17:38:12,651 [router_scraper] INFO: Scraped 5 devices from router
2026-03-20 17:38:14,723 [router_scraper] INFO: Clicked DHCP Information sidebar item
2026-03-20 17:38:16,838 [router_scraper] INFO: Clicked Device List tab
2026-03-20 17:38:17,059 [router_scraper] INFO: Scraped 5 devices from router
2026-03-20 17:38:24,777 [router_scraper] INFO: Clicked DHCP Information sidebar item
2026-03-20 17:38:26,827 [router_scraper] INFO: Clicked Device List tab
2026-03-20 17:38:26,942 [router_scraper] INFO: Scraped 5 devices from router
2026-03-20 17:38:29,049 [router_scraper] INFO: Clicked DHCP Information sidebar item
2026-03-20 17:38:31,167 [router_scraper] INFO: Clicked Device List tab
2026-03-20 17:38:31,349 [router_scraper] INFO: Scraped 5 devices from router
2026-03-20 17:38:39,010 [router_scraper] INFO: Clicked DHCP Information sidebar item
2026-03-20 17:38:41,064 [router_scraper] INFO: Clicked Device List tab
2026-03-20 17:38:41,396 [router_scraper] INFO: Scraped 5 devices from router
2026-03-20 17:38:43,557 [router_scraper] INFO: Clicked DHCP Information sidebar item
2026-03-20 17:38:45,610 [router_scraper] INFO: Clicked Device List tab
2026-03-20 17:38:45,764 [router_scraper] INFO: Scraped 5 devices from router
2026-03-20 17:38:53,454 [router_scraper] INFO: Clicked DHCP Information sidebar item
2026-03-20 17:38:55,528 [router_scraper] INFO: Clicked Device List tab
2026-03-20 17:38:55,673 [router_scraper] INFO: Scraped 5 devices from router
2026-03-20 17:38:57,758 [router_scraper] INFO: Clicked DHCP Information sidebar item
2026-03-20 17:38:59,861 [router_scraper] INFO: Clicked Device List tab
2026-03-20 17:38:59,996 [router_scraper] INFO: Scraped 5 devices from router
2026-03-20 17:39:07,743 [router_scraper] INFO: Clicked DHCP Information sidebar item
2026-03-20 17:39:09,809 [router_scraper] INFO: Clicked Device List tab
2026-03-20 17:39:09,934 [router_scraper] INFO: Scraped 5 devices from router
2026-03-20 17:39:12,025 [router_scraper] INFO: Clicked DHCP Information sidebar item
2026-03-20 17:39:14,169 [router_scraper] INFO: Clicked Device List tab
2026-03-20 17:39:14,400 [router_scraper] INFO: Scraped 5 devices from router
2026-03-20 17:39:22,015 [router_scraper] INFO: Clicked DHCP Information sidebar item
2026-03-20 17:39:24,075 [router_scraper] INFO: Clicked Device List tab
2026-03-20 17:39:24,182 [router_scraper] INFO: Scraped 5 devices from router
2026-03-20 17:39:26,268 [router_scraper] INFO: Clicked DHCP Information sidebar item
2026-03-20 17:39:28,322 [router_scraper] INFO: Clicked Device List tab
2026-03-20 17:39:28,460 [router_scraper] INFO: Scraped 5 devices from router
2026-03-20 17:39:36,238 [router_scraper] INFO: Clicked DHCP Information sidebar item
2026-03-20 17:39:38,286 [router_scraper] INFO: Clicked Device List tab
2026-03-20 17:39:38,416 [router_scraper] INFO: Scraped 5 devices from router
2026-03-20 17:39:40,529 [router_scraper] INFO: Clicked DHCP Information sidebar item
2026-03-20 17:39:42,574 [router_scraper] INFO: Clicked Device List tab
2026-03-20 17:39:42,704 [router_scraper] INFO: Scraped 5 devices from router
2026-03-20 17:39:50,506 [router_scraper] INFO: Clicked DHCP Information sidebar item
2026-03-20 17:39:52,559 [router_scraper] INFO: Clicked Device List tab
2026-03-20 17:39:52,666 [router_scraper] INFO: Scraped 5 devices from router
2026-03-20 17:39:54,758 [router_scraper] INFO: Clicked DHCP Information sidebar item
2026-03-20 17:39:56,833 [router_scraper] INFO: Clicked Device List tab
2026-03-20 17:39:56,990 [router_scraper] INFO: Scraped 5 devices from router
2026-03-20 17:40:04,725 [router_scraper] INFO: Clicked DHCP Information sidebar item
2026-03-20 17:40:06,782 [router_scraper] INFO: Clicked Device List tab
2026-03-20 17:40:06,933 [router_scraper] INFO: Scraped 5 devices from router
2026-03-20 17:40:09,019 [router_scraper] INFO: Clicked DHCP Information sidebar item
2026-03-20 17:40:11,070 [router_scraper] INFO: Clicked Device List tab
2026-03-20 17:40:11,396 [router_scraper] INFO: Scraped 5 devices from router
2026-03-20 17:40:18,986 [router_scraper] INFO: Clicked DHCP Information sidebar item
2026-03-20 17:40:21,028 [router_scraper] INFO: Clicked Device List tab
2026-03-20 17:40:21,139 [router_scraper] INFO: Scraped 5 devices from router
2026-03-20 17:40:23,227 [router_scraper] INFO: Clicked DHCP Information sidebar item
2026-03-20 17:40:25,277 [router_scraper] INFO: Clicked Device List tab
2026-03-20 17:40:25,402 [router_scraper] INFO: Scraped 5 devices from router
2026-03-20 17:40:33,207 [router_scraper] INFO: Clicked DHCP Information sidebar item
2026-03-20 17:40:35,259 [router_scraper] INFO: Clicked Device List tab
2026-03-20 17:40:35,368 [router_scraper] INFO: Scraped 5 devices from router
2026-03-20 17:40:37,470 [router_scraper] INFO: Clicked DHCP Information sidebar item
2026-03-20 17:40:39,526 [router_scraper] INFO: Clicked Device List tab
2026-03-20 17:40:39,657 [router_scraper] INFO: Scraped 5 devices from router
2026-03-20 17:40:47,443 [router_scraper] INFO: Clicked DHCP Information sidebar item
2026-03-20 17:40:49,498 [router_scraper] INFO: Clicked Device List tab
2026-03-20 17:40:49,636 [router_scraper] INFO: Scraped 5 devices from router
2026-03-20 17:40:51,724 [router_scraper] INFO: Clicked DHCP Information sidebar item
2026-03-20 17:40:53,799 [router_scraper] INFO: Clicked Device List tab
2026-03-20 17:40:53,967 [router_scraper] INFO: Scraped 5 devices from router
2026-03-20 17:41:01,686 [router_scraper] INFO: Clicked DHCP Information sidebar item
2026-03-20 17:41:03,737 [router_scraper] INFO: Clicked Device List tab
2026-03-20 17:41:03,847 [router_scraper] INFO: Scraped 5 devices from router
2026-03-20 17:41:05,922 [router_scraper] INFO: Clicked DHCP Information sidebar item
2026-03-20 17:41:07,979 [router_scraper] INFO: Clicked Device List tab
2026-03-20 17:41:08,104 [router_scraper] INFO: Scraped 5 devices from router
2026-03-20 17:41:15,901 [router_scraper] INFO: Clicked DHCP Information sidebar item
2026-03-20 17:41:17,956 [router_scraper] INFO: Clicked Device List tab
2026-03-20 17:41:18,063 [router_scraper] INFO: Scraped 5 devices from router
2026-03-20 17:41:20,146 [router_scraper] INFO: Clicked DHCP Information sidebar item
2026-03-20 17:41:22,189 [router_scraper] INFO: Clicked Device List tab
2026-03-20 17:41:22,336 [router_scraper] INFO: Scraped 5 devices from router
2026-03-20 17:41:30,173 [router_scraper] INFO: Clicked DHCP Information sidebar item
2026-03-20 17:41:32,231 [router_scraper] INFO: Clicked Device List tab
2026-03-20 17:41:32,388 [router_scraper] INFO: Scraped 5 devices from router
2026-03-20 17:41:34,645 [router_scraper] INFO: Clicked DHCP Information sidebar item
2026-03-20 17:41:36,689 [router_scraper] INFO: Clicked Device List tab
2026-03-20 17:41:36,834 [router_scraper] INFO: Scraped 5 devices from router
2026-03-20 17:41:44,457 [router_scraper] INFO: Clicked DHCP Information sidebar item
2026-03-20 17:41:46,504 [router_scraper] INFO: Clicked Device List tab
2026-03-20 17:41:46,612 [router_scraper] INFO: Scraped 5 devices from router
2026-03-20 17:41:48,692 [router_scraper] INFO: Clicked DHCP Information sidebar item
2026-03-20 17:41:50,737 [router_scraper] INFO: Clicked Device List tab
2026-03-20 17:41:50,872 [router_scraper] INFO: Scraped 5 devices from router
2026-03-20 17:41:58,675 [router_scraper] INFO: Clicked DHCP Information sidebar item
2026-03-20 17:42:00,802 [router_scraper] INFO: Clicked Device List tab
2026-03-20 17:42:00,913 [router_scraper] INFO: Scraped 5 devices from router
2026-03-20 17:42:03,026 [router_scraper] INFO: Clicked DHCP Information sidebar item
2026-03-20 17:42:05,072 [router_scraper] INFO: Clicked Device List tab
2026-03-20 17:42:05,300 [router_scraper] INFO: Scraped 5 devices from router
2026-03-20 17:42:12,993 [router_scraper] INFO: Clicked DHCP Information sidebar item
2026-03-20 17:42:15,090 [router_scraper] INFO: Clicked Device List tab
2026-03-20 17:42:15,343 [router_scraper] INFO: Scraped 5 devices from router
2026-03-20 17:42:17,454 [router_scraper] INFO: Clicked DHCP Information sidebar item
2026-03-20 17:42:19,508 [router_scraper] INFO: Clicked Device List tab
2026-03-20 17:42:19,639 [router_scraper] INFO: Scraped 5 devices from router
2026-03-20 17:42:27,407 [router_scraper] INFO: Clicked DHCP Information sidebar item
2026-03-20 17:42:29,461 [router_scraper] INFO: Clicked Device List tab
2026-03-20 17:42:29,568 [router_scraper] INFO: Scraped 5 devices from router
2026-03-20 17:42:31,642 [router_scraper] INFO: Clicked DHCP Information sidebar item
2026-03-20 17:42:33,711 [router_scraper] INFO: Clicked Device List tab
2026-03-20 17:42:33,834 [router_scraper] INFO: Scraped 5 devices from router
2026-03-20 17:42:41,640 [router_scraper] INFO: Clicked DHCP Information sidebar item
2026-03-20 17:42:43,691 [router_scraper] INFO: Clicked Device List tab
2026-03-20 17:42:43,796 [router_scraper] INFO: Scraped 5 devices from router
2026-03-20 17:42:45,879 [router_scraper] INFO: Clicked DHCP Information sidebar item
2026-03-20 17:42:47,925 [router_scraper] INFO: Clicked Device List tab
2026-03-20 17:42:48,049 [router_scraper] INFO: Scraped 5 devices from router
2026-03-20 17:42:55,852 [router_scraper] INFO: Clicked DHCP Information sidebar item
2026-03-20 17:42:57,886 [router_scraper] INFO: Clicked Device List tab
2026-03-20 17:42:57,990 [router_scraper] INFO: Scraped 5 devices from router
2026-03-20 17:43:00,073 [router_scraper] INFO: Clicked DHCP Information sidebar item
2026-03-20 17:43:02,128 [router_scraper] INFO: Clicked Device List tab
2026-03-20 17:43:02,251 [router_scraper] INFO: Scraped 5 devices from router
2026-03-20 17:43:10,058 [router_scraper] INFO: Clicked DHCP Information sidebar item
2026-03-20 17:43:12,121 [router_scraper] INFO: Clicked Device List tab
2026-03-20 17:43:12,264 [router_scraper] INFO: Scraped 5 devices from router
2026-03-20 17:43:14,453 [router_scraper] INFO: Clicked DHCP Information sidebar item
2026-03-20 17:43:16,508 [router_scraper] INFO: Clicked Device List tab
2026-03-20 17:43:16,642 [router_scraper] INFO: Scraped 5 devices from router
2026-03-20 17:43:24,319 [router_scraper] INFO: Clicked DHCP Information sidebar item
2026-03-20 17:43:26,355 [router_scraper] INFO: Clicked Device List tab
2026-03-20 17:43:26,463 [router_scraper] INFO: Scraped 5 devices from router
2026-03-20 17:43:28,539 [router_scraper] INFO: Clicked DHCP Information sidebar item
2026-03-20 17:43:30,590 [router_scraper] INFO: Clicked Device List tab
2026-03-20 17:43:30,733 [router_scraper] INFO: Scraped 5 devices from router
2026-03-20 17:43:38,519 [router_scraper] INFO: Clicked DHCP Information sidebar item
2026-03-20 17:43:40,579 [router_scraper] INFO: Clicked Device List tab
2026-03-20 17:43:40,686 [router_scraper] INFO: Scraped 5 devices from router
2026-03-20 17:43:42,775 [router_scraper] INFO: Clicked DHCP Information sidebar item
2026-03-20 17:43:44,823 [router_scraper] INFO: Clicked Device List tab
2026-03-20 17:43:44,967 [router_scraper] INFO: Scraped 5 devices from router
2026-03-20 17:43:52,734 [router_scraper] INFO: Clicked DHCP Information sidebar item
2026-03-20 17:43:54,838 [router_scraper] INFO: Clicked Device List tab
2026-03-20 17:43:54,964 [router_scraper] INFO: Scraped 5 devices from router
2026-03-20 17:43:57,040 [router_scraper] INFO: Clicked DHCP Information sidebar item
2026-03-20 17:43:59,097 [router_scraper] INFO: Clicked Device List tab
2026-03-20 17:43:59,228 [router_scraper] INFO: Scraped 5 devices from router
2026-03-20 17:44:07,052 [router_scraper] INFO: Clicked DHCP Information sidebar item
2026-03-20 17:44:09,096 [router_scraper] INFO: Clicked Device List tab
2026-03-20 17:44:09,193 [router_scraper] INFO: Scraped 5 devices from router
2026-03-20 17:44:11,274 [router_scraper] INFO: Clicked DHCP Information sidebar item
2026-03-20 17:44:13,322 [router_scraper] INFO: Clicked Device List tab
2026-03-20 17:44:13,447 [router_scraper] INFO: Scraped 5 devices from router
2026-03-20 17:44:21,257 [router_scraper] INFO: Clicked DHCP Information sidebar item
2026-03-20 17:44:23,301 [router_scraper] INFO: Clicked Device List tab
2026-03-20 17:44:23,426 [router_scraper] INFO: Scraped 5 devices from router
2026-03-20 17:44:25,541 [router_scraper] INFO: Clicked DHCP Information sidebar item
2026-03-20 17:44:27,591 [router_scraper] INFO: Clicked Device List tab
2026-03-20 17:44:27,712 [router_scraper] INFO: Scraped 5 devices from router
2026-03-20 17:44:35,487 [router_scraper] INFO: Clicked DHCP Information sidebar item
2026-03-20 17:44:37,515 [router_scraper] INFO: Clicked Device List tab
2026-03-20 17:44:37,622 [router_scraper] INFO: Scraped 5 devices from router
2026-03-20 17:44:39,689 [router_scraper] INFO: Clicked DHCP Information sidebar item
2026-03-20 17:44:41,739 [router_scraper] INFO: Clicked Device List tab
2026-03-20 17:44:41,854 [router_scraper] INFO: Scraped 5 devices from router
2026-03-20 17:44:49,690 [router_scraper] INFO: Clicked DHCP Information sidebar item
2026-03-20 17:44:51,741 [router_scraper] INFO: Clicked Device List tab
2026-03-20 17:44:51,837 [router_scraper] INFO: Scraped 5 devices from router
2026-03-20 17:44:53,910 [router_scraper] INFO: Clicked DHCP Information sidebar item
2026-03-20 17:44:55,980 [router_scraper] INFO: Clicked Device List tab
2026-03-20 17:44:56,094 [router_scraper] INFO: Scraped 5 devices from router
2026-03-20 17:45:03,906 [router_scraper] INFO: Clicked DHCP Information sidebar item
2026-03-20 17:45:05,957 [router_scraper] INFO: Clicked Device List tab
2026-03-20 17:45:06,056 [router_scraper] INFO: Scraped 5 devices from router
2026-03-20 17:45:08,119 [router_scraper] INFO: Clicked DHCP Information sidebar item
2026-03-20 17:45:10,149 [router_scraper] INFO: Clicked Device List tab
2026-03-20 17:45:10,264 [router_scraper] INFO: Scraped 5 devices from router
2026-03-20 17:45:18,123 [router_scraper] INFO: Clicked DHCP Information sidebar item
2026-03-20 17:45:20,173 [router_scraper] INFO: Clicked Device List tab
2026-03-20 17:45:20,270 [router_scraper] INFO: Scraped 5 devices from router
2026-03-20 17:45:22,342 [router_scraper] INFO: Clicked DHCP Information sidebar item
2026-03-20 17:45:24,390 [router_scraper] INFO: Clicked Device List tab
2026-03-20 17:45:24,505 [router_scraper] INFO: Scraped 5 devices from router
2026-03-20 17:45:32,340 [router_scraper] INFO: Clicked DHCP Information sidebar item
2026-03-20 17:45:34,391 [router_scraper] INFO: Clicked Device List tab
2026-03-20 17:45:34,508 [router_scraper] INFO: Scraped 5 devices from router
2026-03-20 17:45:36,575 [router_scraper] INFO: Clicked DHCP Information sidebar item
2026-03-20 17:45:38,620 [router_scraper] INFO: Clicked Device List tab
2026-03-20 17:45:38,735 [router_scraper] INFO: Scraped 5 devices from router
2026-03-20 17:45:46,572 [router_scraper] INFO: Clicked DHCP Information sidebar item
2026-03-20 17:45:48,622 [router_scraper] INFO: Clicked Device List tab
2026-03-20 17:45:48,718 [router_scraper] INFO: Scraped 5 devices from router
2026-03-20 17:45:50,793 [router_scraper] INFO: Clicked DHCP Information sidebar item
2026-03-20 17:45:52,839 [router_scraper] INFO: Clicked Device List tab
2026-03-20 17:45:52,954 [router_scraper] INFO: Scraped 5 devices from router
2026-03-20 17:46:00,788 [router_scraper] INFO: Clicked DHCP Information sidebar item
2026-03-20 17:46:02,839 [router_scraper] INFO: Clicked Device List tab
2026-03-20 17:46:02,936 [router_scraper] INFO: Scraped 5 devices from router
2026-03-20 17:46:05,007 [router_scraper] INFO: Clicked DHCP Information sidebar item
2026-03-20 17:46:07,052 [router_scraper] INFO: Clicked Device List tab
2026-03-20 17:46:07,186 [router_scraper] INFO: Scraped 5 devices from router
2026-03-20 17:46:14,982 [router_scraper] INFO: Clicked DHCP Information sidebar item
2026-03-20 17:46:17,018 [router_scraper] INFO: Clicked Device List tab
2026-03-20 17:46:17,116 [router_scraper] INFO: Scraped 5 devices from router
2026-03-20 17:46:19,188 [router_scraper] INFO: Clicked DHCP Information sidebar item
2026-03-20 17:46:21,241 [router_scraper] INFO: Clicked Device List tab
2026-03-20 17:46:21,354 [router_scraper] INFO: Scraped 5 devices from router
2026-03-20 17:46:29,188 [router_scraper] INFO: Clicked DHCP Information sidebar item
2026-03-20 17:46:31,241 [router_scraper] INFO: Clicked Device List tab
2026-03-20 17:46:31,336 [router_scraper] INFO: Scraped 5 devices from router
2026-03-20 17:46:33,409 [router_scraper] INFO: Clicked DHCP Information sidebar item
2026-03-20 17:46:35,456 [router_scraper] INFO: Clicked Device List tab
2026-03-20 17:46:35,571 [router_scraper] INFO: Scraped 5 devices from router
2026-03-20 17:46:43,405 [router_scraper] INFO: Clicked DHCP Information sidebar item
2026-03-20 17:46:45,460 [router_scraper] INFO: Clicked Device List tab
2026-03-20 17:46:45,558 [router_scraper] INFO: Scraped 5 devices from router
2026-03-20 17:46:47,633 [router_scraper] INFO: Clicked DHCP Information sidebar item
2026-03-20 17:46:49,690 [router_scraper] INFO: Clicked Device List tab
2026-03-20 17:46:49,807 [router_scraper] INFO: Scraped 5 devices from router
2026-03-20 17:46:57,621 [router_scraper] INFO: Clicked DHCP Information sidebar item
2026-03-20 17:46:59,672 [router_scraper] INFO: Clicked Device List tab
2026-03-20 17:46:59,774 [router_scraper] INFO: Scraped 5 devices from router
2026-03-20 17:47:01,836 [router_scraper] INFO: Clicked DHCP Information sidebar item
2026-03-20 17:47:03,865 [router_scraper] INFO: Clicked Device List tab
2026-03-20 17:47:03,992 [router_scraper] INFO: Scraped 5 devices from router
2026-03-20 17:47:11,836 [router_scraper] INFO: Clicked DHCP Information sidebar item
2026-03-20 17:47:13,889 [router_scraper] INFO: Clicked Device List tab
2026-03-20 17:47:13,986 [router_scraper] INFO: Scraped 5 devices from router
2026-03-20 17:47:16,056 [router_scraper] INFO: Clicked DHCP Information sidebar item
2026-03-20 17:47:18,106 [router_scraper] INFO: Clicked Device List tab
2026-03-20 17:47:18,224 [router_scraper] INFO: Scraped 5 devices from router
2026-03-20 17:47:26,032 [router_scraper] INFO: Clicked DHCP Information sidebar item
2026-03-20 17:47:28,071 [router_scraper] INFO: Clicked Device List tab
2026-03-20 17:47:28,171 [router_scraper] INFO: Scraped 5 devices from router
2026-03-20 17:47:30,234 [router_scraper] INFO: Clicked DHCP Information sidebar item
2026-03-20 17:47:32,266 [router_scraper] INFO: Clicked Device List tab
2026-03-20 17:47:32,379 [router_scraper] INFO: Scraped 5 devices from router
2026-03-20 17:47:40,236 [router_scraper] INFO: Clicked DHCP Information sidebar item
2026-03-20 17:47:42,289 [router_scraper] INFO: Clicked Device List tab
2026-03-20 17:47:42,386 [router_scraper] INFO: Scraped 5 devices from router
2026-03-20 17:47:44,456 [router_scraper] INFO: Clicked DHCP Information sidebar item
2026-03-20 17:47:46,506 [router_scraper] INFO: Clicked Device List tab
2026-03-20 17:47:46,618 [router_scraper] INFO: Scraped 5 devices from router
2026-03-20 17:47:54,456 [router_scraper] INFO: Clicked DHCP Information sidebar item
2026-03-20 17:47:56,506 [router_scraper] INFO: Clicked Device List tab
2026-03-20 17:47:56,603 [router_scraper] INFO: Scraped 5 devices from router
2026-03-20 17:47:58,672 [router_scraper] INFO: Clicked DHCP Information sidebar item
2026-03-20 17:48:00,726 [router_scraper] INFO: Clicked Device List tab
2026-03-20 17:48:00,840 [router_scraper] INFO: Scraped 5 devices from router
2026-03-20 17:48:08,678 [router_scraper] INFO: Clicked DHCP Information sidebar item
2026-03-20 17:48:10,724 [router_scraper] INFO: Clicked Device List tab
2026-03-20 17:48:10,821 [router_scraper] INFO: Scraped 5 devices from router
2026-03-20 17:48:12,891 [router_scraper] INFO: Clicked DHCP Information sidebar item
2026-03-20 17:48:14,938 [router_scraper] INFO: Clicked Device List tab
2026-03-20 17:48:15,052 [router_scraper] INFO: Scraped 5 devices from router
2026-03-20 17:48:22,889 [router_scraper] INFO: Clicked DHCP Information sidebar item
2026-03-20 17:48:24,937 [router_scraper] INFO: Clicked Device List tab
2026-03-20 17:48:25,032 [router_scraper] INFO: Scraped 5 devices from router
2026-03-20 17:48:27,104 [router_scraper] INFO: Clicked DHCP Information sidebar item
2026-03-20 17:48:29,155 [router_scraper] INFO: Clicked Device List tab
2026-03-20 17:48:29,266 [router_scraper] INFO: Scraped 5 devices from router
2026-03-20 17:48:37,082 [router_scraper] INFO: Clicked DHCP Information sidebar item
2026-03-20 17:48:39,122 [router_scraper] INFO: Clicked Device List tab
2026-03-20 17:48:39,216 [router_scraper] INFO: Scraped 5 devices from router
2026-03-20 17:48:41,286 [router_scraper] INFO: Clicked DHCP Information sidebar item
2026-03-20 17:48:43,339 [router_scraper] INFO: Clicked Device List tab
2026-03-20 17:48:43,452 [router_scraper] INFO: Scraped 5 devices from router
2026-03-20 17:48:51,286 [router_scraper] INFO: Clicked DHCP Information sidebar item
2026-03-20 17:48:53,339 [router_scraper] INFO: Clicked Device List tab
2026-03-20 17:48:53,435 [router_scraper] INFO: Scraped 5 devices from router
2026-03-20 17:48:55,506 [router_scraper] INFO: Clicked DHCP Information sidebar item
2026-03-20 17:48:57,555 [router_scraper] INFO: Clicked Device List tab
2026-03-20 17:48:57,670 [router_scraper] INFO: Scraped 5 devices from router
2026-03-20 17:49:05,506 [router_scraper] INFO: Clicked DHCP Information sidebar item
2026-03-20 17:49:07,555 [router_scraper] INFO: Clicked Device List tab
2026-03-20 17:49:07,649 [router_scraper] INFO: Scraped 5 devices from router
2026-03-20 17:49:09,717 [router_scraper] INFO: Clicked DHCP Information sidebar item
2026-03-20 17:49:11,748 [router_scraper] INFO: Clicked Device List tab
2026-03-20 17:49:11,860 [router_scraper] INFO: Scraped 5 devices from router
2026-03-20 17:49:19,700 [router_scraper] INFO: Clicked DHCP Information sidebar item
2026-03-20 17:49:21,730 [router_scraper] INFO: Clicked Device List tab
2026-03-20 17:49:21,824 [router_scraper] INFO: Scraped 5 devices from router
2026-03-20 17:49:23,888 [router_scraper] INFO: Clicked DHCP Information sidebar item
2026-03-20 17:49:25,941 [router_scraper] INFO: Clicked Device List tab
2026-03-20 17:49:26,053 [router_scraper] INFO: Scraped 5 devices from router
2026-03-20 17:49:33,888 [router_scraper] INFO: Clicked DHCP Information sidebar item
2026-03-20 17:49:35,938 [router_scraper] INFO: Clicked Device List tab
2026-03-20 17:49:36,032 [router_scraper] INFO: Scraped 5 devices from router
2026-03-20 17:49:38,107 [router_scraper] INFO: Clicked DHCP Information sidebar item
2026-03-20 17:49:40,160 [router_scraper] INFO: Clicked Device List tab
2026-03-20 17:49:40,271 [router_scraper] INFO: Scraped 5 devices from router
2026-03-20 17:49:48,081 [router_scraper] INFO: Clicked DHCP Information sidebar item
2026-03-20 17:49:50,151 [router_scraper] INFO: Clicked Device List tab
2026-03-20 17:49:50,245 [router_scraper] INFO: Scraped 5 devices from router
2026-03-20 17:49:52,326 [router_scraper] INFO: Clicked DHCP Information sidebar item
2026-03-20 17:49:54,373 [router_scraper] INFO: Clicked Device List tab
2026-03-20 17:49:54,499 [router_scraper] INFO: Scraped 5 devices from router
2026-03-20 17:50:02,320 [router_scraper] INFO: Clicked DHCP Information sidebar item
2026-03-20 17:50:04,370 [router_scraper] INFO: Clicked Device List tab
2026-03-20 17:50:04,463 [router_scraper] INFO: Scraped 5 devices from router
2026-03-20 17:50:06,537 [router_scraper] INFO: Clicked DHCP Information sidebar item
2026-03-20 17:50:08,588 [router_scraper] INFO: Clicked Device List tab
2026-03-20 17:50:08,700 [router_scraper] INFO: Scraped 5 devices from router
2026-03-20 17:50:16,520 [router_scraper] INFO: Clicked DHCP Information sidebar item
2026-03-20 17:50:18,570 [router_scraper] INFO: Clicked Device List tab
2026-03-20 17:50:18,664 [router_scraper] INFO: Scraped 5 devices from router
2026-03-20 17:50:20,740 [router_scraper] INFO: Clicked DHCP Information sidebar item
2026-03-20 17:50:22,786 [router_scraper] INFO: Clicked Device List tab
2026-03-20 17:50:22,916 [router_scraper] INFO: Scraped 5 devices from router
2026-03-20 17:50:30,713 [router_scraper] INFO: Clicked DHCP Information sidebar item
2026-03-20 17:50:32,752 [router_scraper] INFO: Clicked Device List tab
2026-03-20 17:50:32,850 [router_scraper] INFO: Scraped 5 devices from router
2026-03-20 17:50:34,921 [router_scraper] INFO: Clicked DHCP Information sidebar item
2026-03-20 17:50:36,971 [router_scraper] INFO: Clicked Device List tab
2026-03-20 17:50:37,098 [router_scraper] INFO: Scraped 5 devices from router
2026-03-20 17:50:44,896 [router_scraper] INFO: Clicked DHCP Information sidebar item
2026-03-20 17:50:46,929 [router_scraper] INFO: Clicked Device List tab
2026-03-20 17:50:47,024 [router_scraper] INFO: Scraped 5 devices from router
2026-03-20 17:50:49,086 [router_scraper] INFO: Clicked DHCP Information sidebar item
2026-03-20 17:50:51,136 [router_scraper] INFO: Clicked Device List tab
2026-03-20 17:50:51,250 [router_scraper] INFO: Scraped 5 devices from router
2026-03-20 17:50:59,081 [router_scraper] INFO: Clicked DHCP Information sidebar item
2026-03-20 17:51:01,119 [router_scraper] INFO: Clicked Device List tab
2026-03-20 17:51:01,233 [router_scraper] INFO: Scraped 5 devices from router
2026-03-20 17:51:03,303 [router_scraper] INFO: Clicked DHCP Information sidebar item
2026-03-20 17:51:05,354 [router_scraper] INFO: Clicked Device List tab
2026-03-20 17:51:05,465 [router_scraper] INFO: Scraped 5 devices from router
2026-03-20 17:51:13,303 [router_scraper] INFO: Clicked DHCP Information sidebar item
2026-03-20 17:51:15,356 [router_scraper] INFO: Clicked Device List tab
2026-03-20 17:51:15,456 [router_scraper] INFO: Scraped 5 devices from router
2026-03-20 17:51:17,539 [router_scraper] INFO: Clicked DHCP Information sidebar item
2026-03-20 17:51:19,587 [router_scraper] INFO: Clicked Device List tab
2026-03-20 17:51:19,727 [router_scraper] INFO: Scraped 5 devices from router
2026-03-20 17:51:27,520 [router_scraper] INFO: Clicked DHCP Information sidebar item
2026-03-20 17:51:29,573 [router_scraper] INFO: Clicked Device List tab
2026-03-20 17:51:29,703 [router_scraper] INFO: Scraped 5 devices from router
2026-03-20 17:51:31,793 [router_scraper] INFO: Clicked DHCP Information sidebar item
2026-03-20 17:51:33,840 [router_scraper] INFO: Clicked Device List tab
2026-03-20 17:51:33,985 [router_scraper] INFO: Scraped 5 devices from router
2026-03-20 17:51:41,770 [router_scraper] INFO: Clicked DHCP Information sidebar item
2026-03-20 17:51:43,826 [router_scraper] INFO: Clicked Device List tab
2026-03-20 17:51:43,954 [router_scraper] INFO: Scraped 5 devices from router
2026-03-20 17:51:46,040 [router_scraper] INFO: Clicked DHCP Information sidebar item
2026-03-20 17:51:48,092 [router_scraper] INFO: Clicked Device List tab
2026-03-20 17:51:48,239 [router_scraper] INFO: Scraped 5 devices from router
2026-03-20 17:51:56,024 [router_scraper] INFO: Clicked DHCP Information sidebar item
2026-03-20 17:51:58,063 [router_scraper] INFO: Clicked Device List tab
2026-03-20 17:51:58,169 [router_scraper] INFO: Scraped 5 devices from router
2026-03-20 17:52:00,236 [router_scraper] INFO: Clicked DHCP Information sidebar item
2026-03-20 17:52:02,290 [router_scraper] INFO: Clicked Device List tab
2026-03-20 17:52:02,437 [router_scraper] INFO: Scraped 5 devices from router
2026-03-20 17:52:10,240 [router_scraper] INFO: Clicked DHCP Information sidebar item
2026-03-20 17:52:12,285 [router_scraper] INFO: Clicked Device List tab
2026-03-20 17:52:12,415 [router_scraper] INFO: Scraped 5 devices from router
2026-03-20 17:52:14,483 [router_scraper] INFO: Clicked DHCP Information sidebar item
2026-03-20 17:52:16,543 [router_scraper] INFO: Clicked Device List tab
2026-03-20 17:52:16,666 [router_scraper] INFO: Scraped 5 devices from router
2026-03-20 17:52:24,489 [router_scraper] INFO: Clicked DHCP Information sidebar item
2026-03-20 17:52:26,540 [router_scraper] INFO: Clicked Device List tab
2026-03-20 17:52:26,655 [router_scraper] INFO: Scraped 5 devices from router
2026-03-20 17:52:28,745 [router_scraper] INFO: Clicked DHCP Information sidebar item
2026-03-20 17:52:30,785 [router_scraper] INFO: Clicked Device List tab
2026-03-20 17:52:30,914 [router_scraper] INFO: Scraped 5 devices from router
2026-03-20 17:52:38,720 [router_scraper] INFO: Clicked DHCP Information sidebar item
2026-03-20 17:52:40,769 [router_scraper] INFO: Clicked Device List tab
2026-03-20 17:52:40,874 [router_scraper] INFO: Scraped 5 devices from router
2026-03-20 17:52:42,951 [router_scraper] INFO: Clicked DHCP Information sidebar item
2026-03-20 17:52:45,002 [router_scraper] INFO: Clicked Device List tab
2026-03-20 17:52:45,120 [router_scraper] INFO: Scraped 5 devices from router
2026-03-20 17:52:52,965 [router_scraper] INFO: Clicked DHCP Information sidebar item
2026-03-20 17:52:55,020 [router_scraper] INFO: Clicked Device List tab
2026-03-20 17:52:55,124 [router_scraper] INFO: Scraped 5 devices from router
2026-03-20 17:52:57,208 [router_scraper] INFO: Clicked DHCP Information sidebar item
2026-03-20 17:52:59,253 [router_scraper] INFO: Clicked Device List tab
2026-03-20 17:52:59,377 [router_scraper] INFO: Scraped 5 devices from router
2026-03-20 17:53:07,216 [router_scraper] INFO: Clicked DHCP Information sidebar item
2026-03-20 17:53:09,296 [router_scraper] INFO: Clicked Device List tab
2026-03-20 17:53:09,468 [router_scraper] INFO: Scraped 5 devices from router
2026-03-20 17:53:11,555 [router_scraper] INFO: Clicked DHCP Information sidebar item
2026-03-20 17:53:13,603 [router_scraper] INFO: Clicked Device List tab
2026-03-20 17:53:13,731 [router_scraper] INFO: Scraped 5 devices from router
2026-03-20 17:53:21,537 [router_scraper] INFO: Clicked DHCP Information sidebar item
2026-03-20 17:53:23,583 [router_scraper] INFO: Clicked Device List tab
2026-03-20 17:53:23,688 [router_scraper] INFO: Scraped 5 devices from router
2026-03-20 17:53:25,802 [router_scraper] INFO: Clicked DHCP Information sidebar item
2026-03-20 17:53:27,852 [router_scraper] INFO: Clicked Device List tab
2026-03-20 17:53:27,977 [router_scraper] INFO: Scraped 5 devices from router
2026-03-20 17:53:35,747 [router_scraper] INFO: Clicked DHCP Information sidebar item
2026-03-20 17:53:37,779 [router_scraper] INFO: Clicked Device List tab
2026-03-20 17:53:37,875 [router_scraper] INFO: Scraped 5 devices from router
2026-03-20 17:53:39,927 [router_scraper] INFO: Clicked DHCP Information sidebar item
2026-03-20 17:53:41,966 [router_scraper] INFO: Clicked Device List tab
2026-03-20 17:53:42,095 [router_scraper] INFO: Scraped 5 devices from router
2026-03-20 17:53:49,930 [router_scraper] INFO: Clicked DHCP Information sidebar item
2026-03-20 17:53:51,984 [router_scraper] INFO: Clicked Device List tab
2026-03-20 17:53:52,090 [router_scraper] INFO: Scraped 5 devices from router
2026-03-20 17:53:54,170 [router_scraper] INFO: Clicked DHCP Information sidebar item
2026-03-20 17:53:56,217 [router_scraper] INFO: Clicked Device List tab
2026-03-20 17:53:56,342 [router_scraper] INFO: Scraped 5 devices from router
2026-03-20 17:54:04,147 [router_scraper] INFO: Clicked DHCP Information sidebar item
2026-03-20 17:54:06,177 [router_scraper] INFO: Clicked Device List tab
2026-03-20 17:54:06,285 [router_scraper] INFO: Scraped 5 devices from router
2026-03-20 17:54:08,367 [router_scraper] INFO: Clicked DHCP Information sidebar item
2026-03-20 17:54:10,421 [router_scraper] INFO: Clicked Device List tab
2026-03-20 17:54:10,548 [router_scraper] INFO: Scraped 5 devices from router
2026-03-20 17:54:18,357 [router_scraper] INFO: Clicked DHCP Information sidebar item
2026-03-20 17:54:20,394 [router_scraper] INFO: Clicked Device List tab
2026-03-20 17:54:20,513 [router_scraper] INFO: Scraped 5 devices from router
2026-03-20 17:54:22,584 [router_scraper] INFO: Clicked DHCP Information sidebar item
2026-03-20 17:54:24,637 [router_scraper] INFO: Clicked Device List tab
2026-03-20 17:54:24,794 [router_scraper] INFO: Scraped 5 devices from router
2026-03-20 17:54:32,587 [router_scraper] INFO: Clicked DHCP Information sidebar item
2026-03-20 17:54:34,636 [router_scraper] INFO: Clicked Device List tab
2026-03-20 17:54:34,738 [router_scraper] INFO: Scraped 5 devices from router
2026-03-20 17:54:36,799 [router_scraper] INFO: Clicked DHCP Information sidebar item
2026-03-20 17:54:38,895 [router_scraper] INFO: Clicked Device List tab
2026-03-20 17:54:39,025 [router_scraper] INFO: Scraped 5 devices from router
2026-03-20 17:54:46,795 [router_scraper] INFO: Clicked DHCP Information sidebar item
2026-03-20 17:54:48,834 [router_scraper] INFO: Clicked Device List tab
2026-03-20 17:54:48,936 [router_scraper] INFO: Scraped 5 devices from router
2026-03-20 17:54:51,045 [router_scraper] INFO: Clicked DHCP Information sidebar item
2026-03-20 17:54:53,082 [router_scraper] INFO: Clicked Device List tab
2026-03-20 17:54:53,219 [router_scraper] INFO: Scraped 5 devices from router
2026-03-20 17:55:00,996 [router_scraper] INFO: Clicked DHCP Information sidebar item
2026-03-20 17:55:03,033 [router_scraper] INFO: Clicked Device List tab
2026-03-20 17:55:03,204 [router_scraper] INFO: Scraped 5 devices from router
2026-03-20 17:55:05,342 [router_scraper] INFO: Clicked DHCP Information sidebar item
2026-03-20 17:55:07,383 [router_scraper] INFO: Clicked Device List tab
2026-03-20 17:55:07,496 [router_scraper] INFO: Scraped 5 devices from router
2026-03-20 17:55:15,266 [router_scraper] INFO: Clicked DHCP Information sidebar item
2026-03-20 17:55:17,329 [router_scraper] INFO: Clicked Device List tab
2026-03-20 17:55:17,426 [router_scraper] INFO: Scraped 5 devices from router
2026-03-20 17:55:19,501 [router_scraper] INFO: Clicked DHCP Information sidebar item
2026-03-20 17:55:21,551 [router_scraper] INFO: Clicked Device List tab
2026-03-20 17:55:21,675 [router_scraper] INFO: Scraped 5 devices from router
2026-03-20 17:55:29,498 [router_scraper] INFO: Clicked DHCP Information sidebar item
2026-03-20 17:55:31,529 [router_scraper] INFO: Clicked Device List tab
2026-03-20 17:55:31,634 [router_scraper] INFO: Scraped 5 devices from router
2026-03-20 17:55:33,701 [router_scraper] INFO: Clicked DHCP Information sidebar item
2026-03-20 17:55:35,751 [router_scraper] INFO: Clicked Device List tab
2026-03-20 17:55:35,912 [router_scraper] INFO: Scraped 5 devices from router
2026-03-20 17:55:43,701 [router_scraper] INFO: Clicked DHCP Information sidebar item
2026-03-20 17:55:45,753 [router_scraper] INFO: Clicked Device List tab
2026-03-20 17:55:45,947 [router_scraper] INFO: Scraped 5 devices from router
2026-03-20 17:55:48,100 [router_scraper] INFO: Clicked DHCP Information sidebar item
2026-03-20 17:55:50,206 [router_scraper] INFO: Clicked Device List tab
2026-03-20 17:55:50,333 [router_scraper] INFO: Scraped 5 devices from router
2026-03-20 17:55:58,015 [router_scraper] INFO: Clicked DHCP Information sidebar item
2026-03-20 17:56:00,066 [router_scraper] INFO: Clicked Device List tab
2026-03-20 17:56:00,171 [router_scraper] INFO: Scraped 5 devices from router
2026-03-20 17:56:02,228 [router_scraper] INFO: Clicked DHCP Information sidebar item
2026-03-20 17:56:04,261 [router_scraper] INFO: Clicked Device List tab
2026-03-20 17:56:04,375 [router_scraper] INFO: Scraped 5 devices from router
2026-03-20 17:56:12,231 [router_scraper] INFO: Clicked DHCP Information sidebar item
2026-03-20 17:56:14,282 [router_scraper] INFO: Clicked Device List tab
2026-03-20 17:56:14,377 [router_scraper] INFO: Scraped 5 devices from router
2026-03-20 17:56:16,451 [router_scraper] INFO: Clicked DHCP Information sidebar item
2026-03-20 17:56:18,502 [router_scraper] INFO: Clicked Device List tab
2026-03-20 17:56:18,625 [router_scraper] INFO: Scraped 5 devices from router
2026-03-20 17:56:26,449 [router_scraper] INFO: Clicked DHCP Information sidebar item
2026-03-20 17:56:28,498 [router_scraper] INFO: Clicked Device List tab
2026-03-20 17:56:28,621 [router_scraper] INFO: Scraped 5 devices from router
2026-03-20 17:56:30,703 [router_scraper] INFO: Clicked DHCP Information sidebar item
2026-03-20 17:56:32,751 [router_scraper] INFO: Clicked Device List tab
2026-03-20 17:56:32,881 [router_scraper] INFO: Scraped 5 devices from router
2026-03-20 17:56:40,677 [router_scraper] INFO: Clicked DHCP Information sidebar item
2026-03-20 17:56:42,711 [router_scraper] INFO: Clicked Device List tab
2026-03-20 17:56:42,805 [router_scraper] INFO: Scraped 5 devices from router
2026-03-20 17:56:44,881 [router_scraper] INFO: Clicked DHCP Information sidebar item
2026-03-20 17:56:46,933 [router_scraper] INFO: Clicked Device List tab
2026-03-20 17:56:47,047 [router_scraper] INFO: Scraped 5 devices from router
2026-03-20 17:56:54,861 [router_scraper] INFO: Clicked DHCP Information sidebar item
2026-03-20 17:56:56,906 [router_scraper] INFO: Clicked Device List tab
2026-03-20 17:56:57,004 [router_scraper] INFO: Scraped 5 devices from router
2026-03-20 17:56:59,079 [router_scraper] INFO: Clicked DHCP Information sidebar item
2026-03-20 17:57:01,133 [router_scraper] INFO: Clicked Device List tab
2026-03-20 17:57:01,273 [router_scraper] INFO: Scraped 5 devices from router
2026-03-20 17:57:09,062 [router_scraper] INFO: Clicked DHCP Information sidebar item
2026-03-20 17:57:11,093 [router_scraper] INFO: Clicked Device List tab
2026-03-20 17:57:11,193 [router_scraper] INFO: Scraped 5 devices from router
2026-03-20 17:57:13,266 [router_scraper] INFO: Clicked DHCP Information sidebar item
2026-03-20 17:57:15,316 [router_scraper] INFO: Clicked Device List tab
2026-03-20 17:57:15,432 [router_scraper] INFO: Scraped 5 devices from router
2026-03-20 17:57:23,241 [router_scraper] INFO: Clicked DHCP Information sidebar item
2026-03-20 17:57:25,317 [router_scraper] INFO: Clicked Device List tab
2026-03-20 17:57:25,429 [router_scraper] INFO: Scraped 5 devices from router
2026-03-20 17:57:27,494 [router_scraper] INFO: Clicked DHCP Information sidebar item
2026-03-20 17:57:29,526 [router_scraper] INFO: Clicked Device List tab
2026-03-20 17:57:29,649 [router_scraper] INFO: Scraped 5 devices from router
2026-03-20 17:57:37,498 [router_scraper] INFO: Clicked DHCP Information sidebar item
2026-03-20 17:57:39,548 [router_scraper] INFO: Clicked Device List tab
2026-03-20 17:57:39,684 [router_scraper] INFO: Scraped 5 devices from router
2026-03-20 17:57:41,748 [router_scraper] INFO: Clicked DHCP Information sidebar item
2026-03-20 17:57:43,800 [router_scraper] INFO: Clicked Device List tab
2026-03-20 17:57:43,917 [router_scraper] INFO: Scraped 5 devices from router
2026-03-20 17:57:51,745 [router_scraper] INFO: Clicked DHCP Information sidebar item
2026-03-20 17:57:53,774 [router_scraper] INFO: Clicked Device List tab
2026-03-20 17:57:53,901 [router_scraper] INFO: Scraped 5 devices from router
2026-03-20 17:57:55,968 [router_scraper] INFO: Clicked DHCP Information sidebar item
2026-03-20 17:57:58,016 [router_scraper] INFO: Clicked Device List tab
2026-03-20 17:57:58,132 [router_scraper] INFO: Scraped 5 devices from router
2026-03-20 17:58:05,964 [router_scraper] INFO: Clicked DHCP Information sidebar item
2026-03-20 17:58:08,015 [router_scraper] INFO: Clicked Device List tab
2026-03-20 17:58:08,109 [router_scraper] INFO: Scraped 5 devices from router
2026-03-20 17:58:10,181 [router_scraper] INFO: Clicked DHCP Information sidebar item
2026-03-20 17:58:12,235 [router_scraper] INFO: Clicked Device List tab
2026-03-20 17:58:12,351 [router_scraper] INFO: Scraped 5 devices from router
2026-03-20 17:58:20,182 [router_scraper] INFO: Clicked DHCP Information sidebar item
2026-03-20 17:58:22,233 [router_scraper] INFO: Clicked Device List tab
2026-03-20 17:58:22,333 [router_scraper] INFO: Scraped 5 devices from router
2026-03-20 17:58:24,393 [router_scraper] INFO: Clicked DHCP Information sidebar item
2026-03-20 17:58:26,431 [router_scraper] INFO: Clicked Device List tab
2026-03-20 17:58:26,548 [router_scraper] INFO: Scraped 5 devices from router
2026-03-20 17:58:34,399 [router_scraper] INFO: Clicked DHCP Information sidebar item
2026-03-20 17:58:36,424 [router_scraper] INFO: Clicked Device List tab
2026-03-20 17:58:36,518 [router_scraper] INFO: Scraped 5 devices from router
2026-03-20 17:58:38,576 [router_scraper] INFO: Clicked DHCP Information sidebar item
2026-03-20 17:58:40,608 [router_scraper] INFO: Clicked Device List tab
2026-03-20 17:58:40,721 [router_scraper] INFO: Scraped 5 devices from router
2026-03-20 17:58:48,581 [router_scraper] INFO: Clicked DHCP Information sidebar item
2026-03-20 17:58:50,630 [router_scraper] INFO: Clicked Device List tab
2026-03-20 17:58:50,725 [router_scraper] INFO: Scraped 5 devices from router
2026-03-20 17:58:52,821 [router_scraper] INFO: Clicked DHCP Information sidebar item
2026-03-20 17:58:54,860 [router_scraper] INFO: Clicked Device List tab
2026-03-20 17:58:54,975 [router_scraper] INFO: Scraped 5 devices from router
2026-03-20 17:59:02,773 [router_scraper] INFO: Clicked DHCP Information sidebar item
2026-03-20 17:59:04,814 [router_scraper] INFO: Clicked Device List tab
2026-03-20 17:59:04,908 [router_scraper] INFO: Scraped 5 devices from router
2026-03-20 17:59:06,981 [router_scraper] INFO: Clicked DHCP Information sidebar item
2026-03-20 17:59:09,033 [router_scraper] INFO: Clicked Device List tab
2026-03-20 17:59:09,152 [router_scraper] INFO: Scraped 5 devices from router
2026-03-20 17:59:16,964 [router_scraper] INFO: Clicked DHCP Information sidebar item
2026-03-20 17:59:18,991 [router_scraper] INFO: Clicked Device List tab
2026-03-20 17:59:19,183 [router_scraper] INFO: Scraped 5 devices from router
2026-03-20 17:59:21,267 [router_scraper] INFO: Clicked DHCP Information sidebar item
2026-03-20 17:59:23,313 [router_scraper] INFO: Clicked Device List tab
2026-03-20 17:59:23,426 [router_scraper] INFO: Scraped 5 devices from router
2026-03-20 17:59:31,243 [router_scraper] INFO: Clicked DHCP Information sidebar item
2026-03-20 17:59:33,279 [router_scraper] INFO: Clicked Device List tab
2026-03-20 17:59:33,374 [router_scraper] INFO: Scraped 5 devices from router
2026-03-20 17:59:35,447 [router_scraper] INFO: Clicked DHCP Information sidebar item
2026-03-20 17:59:37,498 [router_scraper] INFO: Clicked Device List tab
2026-03-20 17:59:37,610 [router_scraper] INFO: Scraped 5 devices from router
2026-03-20 17:59:45,463 [router_scraper] INFO: Clicked DHCP Information sidebar item
2026-03-20 17:59:47,491 [router_scraper] INFO: Clicked Device List tab
2026-03-20 17:59:47,588 [router_scraper] INFO: Scraped 5 devices from router
2026-03-20 17:59:49,641 [router_scraper] INFO: Clicked DHCP Information sidebar item
2026-03-20 17:59:51,678 [router_scraper] INFO: Clicked Device List tab
2026-03-20 17:59:51,792 [router_scraper] INFO: Scraped 5 devices from router
2026-03-20 17:59:59,642 [router_scraper] INFO: Clicked DHCP Information sidebar item
2026-03-20 18:00:01,674 [router_scraper] INFO: Clicked Device List tab
2026-03-20 18:00:01,770 [router_scraper] INFO: Scraped 5 devices from router
2026-03-20 18:00:03,826 [router_scraper] INFO: Clicked DHCP Information sidebar item
2026-03-20 18:00:05,859 [router_scraper] INFO: Clicked Device List tab
2026-03-20 18:00:05,977 [router_scraper] INFO: Scraped 5 devices from router
2026-03-20 18:00:13,832 [router_scraper] INFO: Clicked DHCP Information sidebar item
2026-03-20 18:00:15,882 [router_scraper] INFO: Clicked Device List tab
2026-03-20 18:00:15,976 [router_scraper] INFO: Scraped 5 devices from router
2026-03-20 18:00:18,048 [router_scraper] INFO: Clicked DHCP Information sidebar item
2026-03-20 18:00:20,100 [router_scraper] INFO: Clicked Device List tab
2026-03-20 18:00:20,212 [router_scraper] INFO: Scraped 5 devices from router
2026-03-20 18:00:28,024 [router_scraper] INFO: Clicked DHCP Information sidebar item
2026-03-20 18:00:30,059 [router_scraper] INFO: Clicked Device List tab
2026-03-20 18:00:30,158 [router_scraper] INFO: Scraped 5 devices from router
2026-03-20 18:00:32,231 [router_scraper] INFO: Clicked DHCP Information sidebar item
2026-03-20 18:00:34,283 [router_scraper] INFO: Clicked Device List tab
2026-03-20 18:00:34,394 [router_scraper] INFO: Scraped 5 devices from router
2026-03-20 18:00:42,206 [router_scraper] INFO: Clicked DHCP Information sidebar item
2026-03-20 18:00:44,247 [router_scraper] INFO: Clicked Device List tab
2026-03-20 18:00:44,329 [router_scraper] INFO: Scraped 4 devices from router
2026-03-20 18:00:46,397 [router_scraper] INFO: Clicked DHCP Information sidebar item
2026-03-20 18:00:48,448 [router_scraper] INFO: Clicked Device List tab
2026-03-20 18:00:48,544 [router_scraper] INFO: Scraped 4 devices from router
2026-03-20 18:00:56,397 [router_scraper] INFO: Clicked DHCP Information sidebar item
2026-03-20 18:00:58,446 [router_scraper] INFO: Clicked Device List tab
2026-03-20 18:00:58,534 [router_scraper] INFO: Scraped 4 devices from router
2026-03-20 18:01:00,592 [router_scraper] INFO: Clicked DHCP Information sidebar item
2026-03-20 18:01:02,624 [router_scraper] INFO: Clicked Device List tab
2026-03-20 18:01:02,723 [router_scraper] INFO: Scraped 4 devices from router
2026-03-20 18:01:10,595 [router_scraper] INFO: Clicked DHCP Information sidebar item
2026-03-20 18:01:12,623 [router_scraper] INFO: Clicked Device List tab
2026-03-20 18:01:12,707 [router_scraper] INFO: Scraped 4 devices from router
2026-03-20 18:01:14,781 [router_scraper] INFO: Clicked DHCP Information sidebar item
2026-03-20 18:01:16,836 [router_scraper] INFO: Clicked Device List tab
2026-03-20 18:01:16,995 [router_scraper] INFO: Scraped 4 devices from router
2026-03-20 18:01:24,757 [router_scraper] INFO: Clicked DHCP Information sidebar item
2026-03-20 18:01:26,795 [router_scraper] INFO: Clicked Device List tab
2026-03-20 18:01:26,877 [router_scraper] INFO: Scraped 4 devices from router
2026-03-20 18:01:28,948 [router_scraper] INFO: Clicked DHCP Information sidebar item
2026-03-20 18:01:30,999 [router_scraper] INFO: Clicked Device List tab
2026-03-20 18:01:31,098 [router_scraper] INFO: Scraped 4 devices from router
2026-03-20 18:01:38,952 [router_scraper] INFO: Clicked DHCP Information sidebar item
2026-03-20 18:01:40,989 [router_scraper] INFO: Clicked Device List tab
2026-03-20 18:01:41,074 [router_scraper] INFO: Scraped 4 devices from router
2026-03-20 18:01:43,147 [router_scraper] INFO: Clicked DHCP Information sidebar item
2026-03-20 18:01:45,196 [router_scraper] INFO: Clicked Device List tab
2026-03-20 18:01:45,295 [router_scraper] INFO: Scraped 4 devices from router
2026-03-20 18:01:53,123 [router_scraper] INFO: Clicked DHCP Information sidebar item
2026-03-20 18:01:55,158 [router_scraper] INFO: Clicked Device List tab
2026-03-20 18:01:55,239 [router_scraper] INFO: Scraped 4 devices from router
2026-03-20 18:01:57,312 [router_scraper] INFO: Clicked DHCP Information sidebar item
2026-03-20 18:01:59,363 [router_scraper] INFO: Clicked Device List tab
2026-03-20 18:01:59,461 [router_scraper] INFO: Scraped 4 devices from router
2026-03-20 18:02:07,290 [router_scraper] INFO: Clicked DHCP Information sidebar item
2026-03-20 18:02:09,329 [router_scraper] INFO: Clicked Device List tab
2026-03-20 18:02:09,412 [router_scraper] INFO: Scraped 4 devices from router
2026-03-20 18:02:11,480 [router_scraper] INFO: Clicked DHCP Information sidebar item
2026-03-20 18:02:13,530 [router_scraper] INFO: Clicked Device List tab
2026-03-20 18:02:13,626 [router_scraper] INFO: Scraped 4 devices from router
2026-03-20 18:02:21,479 [router_scraper] INFO: Clicked DHCP Information sidebar item
2026-03-20 18:02:23,543 [router_scraper] INFO: Clicked Device List tab
2026-03-20 18:02:23,630 [router_scraper] INFO: Scraped 4 devices from router
2026-03-20 18:02:25,695 [router_scraper] INFO: Clicked DHCP Information sidebar item
2026-03-20 18:02:27,756 [router_scraper] INFO: Clicked Device List tab
2026-03-20 18:02:27,866 [router_scraper] INFO: Scraped 4 devices from router
2026-03-20 18:02:35,690 [router_scraper] INFO: Clicked DHCP Information sidebar item
2026-03-20 18:02:37,720 [router_scraper] INFO: Clicked Device List tab
2026-03-20 18:02:37,803 [router_scraper] INFO: Scraped 4 devices from router
2026-03-20 18:02:44,779 [router_scraper] INFO: Clicked DHCP Information sidebar item
2026-03-20 18:02:46,836 [router_scraper] INFO: Clicked Device List tab
2026-03-20 18:02:46,946 [router_scraper] INFO: Scraped 4 devices from router
2026-03-20 18:02:49,859 [router_scraper] INFO: Clicked DHCP Information sidebar item
2026-03-20 18:02:51,914 [router_scraper] INFO: Clicked Device List tab
2026-03-20 18:02:51,999 [router_scraper] INFO: Scraped 4 devices from router
2026-03-20 18:02:54,080 [router_scraper] INFO: Clicked DHCP Information sidebar item
2026-03-20 18:02:56,125 [router_scraper] INFO: Clicked Device List tab
2026-03-20 18:02:56,232 [router_scraper] INFO: Scraped 4 devices from router
2026-03-20 18:03:04,058 [router_scraper] INFO: Clicked DHCP Information sidebar item
2026-03-20 18:03:06,091 [router_scraper] INFO: Clicked Device List tab
2026-03-20 18:03:06,188 [router_scraper] INFO: Scraped 5 devices from router
2026-03-20 18:03:08,281 [router_scraper] INFO: Clicked DHCP Information sidebar item
2026-03-20 18:03:10,331 [router_scraper] INFO: Clicked Device List tab
2026-03-20 18:03:10,493 [router_scraper] INFO: Scraped 5 devices from router
2026-03-20 18:03:18,240 [router_scraper] INFO: Clicked DHCP Information sidebar item
2026-03-20 18:03:20,272 [router_scraper] INFO: Clicked Device List tab
2026-03-20 18:03:20,368 [router_scraper] INFO: Scraped 5 devices from router
2026-03-20 18:03:22,444 [router_scraper] INFO: Clicked DHCP Information sidebar item
2026-03-20 18:03:24,501 [router_scraper] INFO: Clicked Device List tab
2026-03-20 18:03:24,645 [router_scraper] INFO: Scraped 5 devices from router
2026-03-20 18:03:32,430 [router_scraper] INFO: Clicked DHCP Information sidebar item
2026-03-20 18:03:34,483 [router_scraper] INFO: Clicked Device List tab
2026-03-20 18:03:34,579 [router_scraper] INFO: Scraped 5 devices from router
2026-03-20 18:03:36,659 [router_scraper] INFO: Clicked DHCP Information sidebar item
2026-03-20 18:03:38,711 [router_scraper] INFO: Clicked Device List tab
2026-03-20 18:03:38,834 [router_scraper] INFO: Scraped 5 devices from router
2026-03-20 18:03:46,648 [router_scraper] INFO: Clicked DHCP Information sidebar item
2026-03-20 18:03:48,694 [router_scraper] INFO: Clicked Device List tab
2026-03-20 18:03:48,815 [router_scraper] INFO: Scraped 5 devices from router
2026-03-20 18:03:50,897 [router_scraper] INFO: Clicked DHCP Information sidebar item
2026-03-20 18:03:52,948 [router_scraper] INFO: Clicked Device List tab
2026-03-20 18:03:53,080 [router_scraper] INFO: Scraped 5 devices from router
2026-03-20 18:04:00,881 [router_scraper] INFO: Clicked DHCP Information sidebar item
2026-03-20 18:04:02,931 [router_scraper] INFO: Clicked Device List tab
2026-03-20 18:04:03,030 [router_scraper] INFO: Scraped 5 devices from router
2026-03-20 18:04:05,118 [router_scraper] INFO: Clicked DHCP Information sidebar item
2026-03-20 18:04:07,160 [router_scraper] INFO: Clicked Device List tab
2026-03-20 18:04:07,298 [router_scraper] INFO: Scraped 5 devices from router
2026-03-20 18:04:15,088 [router_scraper] INFO: Clicked DHCP Information sidebar item
2026-03-20 18:04:17,127 [router_scraper] INFO: Clicked Device List tab
2026-03-20 18:04:17,221 [router_scraper] INFO: Scraped 5 devices from router
2026-03-20 18:04:19,296 [router_scraper] INFO: Clicked DHCP Information sidebar item
2026-03-20 18:04:21,347 [router_scraper] INFO: Clicked Device List tab
2026-03-20 18:04:21,475 [router_scraper] INFO: Scraped 5 devices from router
2026-03-20 18:04:29,271 [router_scraper] INFO: Clicked DHCP Information sidebar item
2026-03-20 18:04:31,309 [router_scraper] INFO: Clicked Device List tab
2026-03-20 18:04:31,413 [router_scraper] INFO: Scraped 5 devices from router
2026-03-20 18:04:33,494 [router_scraper] INFO: Clicked DHCP Information sidebar item
2026-03-20 18:04:35,543 [router_scraper] INFO: Clicked Device List tab
2026-03-20 18:04:35,682 [router_scraper] INFO: Scraped 5 devices from router
2026-03-20 18:04:43,499 [router_scraper] INFO: Clicked DHCP Information sidebar item
2026-03-20 18:04:45,546 [router_scraper] INFO: Clicked Device List tab
2026-03-20 18:04:45,684 [router_scraper] INFO: Scraped 5 devices from router
2026-03-20 18:04:47,767 [router_scraper] INFO: Clicked DHCP Information sidebar item
2026-03-20 18:04:49,806 [router_scraper] INFO: Clicked Device List tab
2026-03-20 18:04:49,941 [router_scraper] INFO: Scraped 5 devices from router
2026-03-20 18:04:57,741 [router_scraper] INFO: Clicked DHCP Information sidebar item
2026-03-20 18:04:59,772 [router_scraper] INFO: Clicked Device List tab
2026-03-20 18:04:59,897 [router_scraper] INFO: Scraped 5 devices from router
2026-03-20 18:05:01,979 [router_scraper] INFO: Clicked DHCP Information sidebar item
2026-03-20 18:05:04,031 [router_scraper] INFO: Clicked Device List tab
2026-03-20 18:05:04,145 [router_scraper] INFO: Scraped 5 devices from router
2026-03-20 18:05:11,956 [router_scraper] INFO: Clicked DHCP Information sidebar item
2026-03-20 18:05:13,989 [router_scraper] INFO: Clicked Device List tab
2026-03-20 18:05:14,093 [router_scraper] INFO: Scraped 5 devices from router
2026-03-20 18:05:16,196 [router_scraper] INFO: Clicked DHCP Information sidebar item
2026-03-20 18:05:18,245 [router_scraper] INFO: Clicked Device List tab
2026-03-20 18:05:18,380 [router_scraper] INFO: Scraped 5 devices from router
2026-03-20 18:05:26,202 [router_scraper] INFO: Clicked DHCP Information sidebar item
2026-03-20 18:05:28,246 [router_scraper] INFO: Clicked Device List tab
2026-03-20 18:05:28,349 [router_scraper] INFO: Scraped 5 devices from router
2026-03-20 18:05:30,423 [router_scraper] INFO: Clicked DHCP Information sidebar item
2026-03-20 18:05:32,477 [router_scraper] INFO: Clicked Device List tab
2026-03-20 18:05:32,610 [router_scraper] INFO: Scraped 5 devices from router
2026-03-20 18:05:40,410 [router_scraper] INFO: Clicked DHCP Information sidebar item
2026-03-20 18:05:42,456 [router_scraper] INFO: Clicked Device List tab
2026-03-20 18:05:42,582 [router_scraper] INFO: Scraped 5 devices from router
2026-03-20 18:05:44,659 [router_scraper] INFO: Clicked DHCP Information sidebar item
2026-03-20 18:05:46,712 [router_scraper] INFO: Clicked Device List tab
2026-03-20 18:05:46,841 [router_scraper] INFO: Scraped 5 devices from router
2026-03-20 18:05:54,644 [router_scraper] INFO: Clicked DHCP Information sidebar item
2026-03-20 18:05:56,690 [router_scraper] INFO: Clicked Device List tab
2026-03-20 18:05:56,798 [router_scraper] INFO: Scraped 5 devices from router
2026-03-20 18:05:59,023 [router_scraper] INFO: Clicked DHCP Information sidebar item
2026-03-20 18:06:01,081 [router_scraper] INFO: Clicked Device List tab
2026-03-20 18:06:01,213 [router_scraper] INFO: Scraped 5 devices from router
2026-03-20 18:06:08,855 [router_scraper] INFO: Clicked DHCP Information sidebar item
2026-03-20 18:06:10,904 [router_scraper] INFO: Clicked Device List tab
2026-03-20 18:06:11,013 [router_scraper] INFO: Scraped 5 devices from router
2026-03-20 18:06:13,121 [router_scraper] INFO: Clicked DHCP Information sidebar item
2026-03-20 18:06:15,174 [router_scraper] INFO: Clicked Device List tab
2026-03-20 18:06:15,302 [router_scraper] INFO: Scraped 5 devices from router
2026-03-20 18:06:23,077 [router_scraper] INFO: Clicked DHCP Information sidebar item
2026-03-20 18:06:25,134 [router_scraper] INFO: Clicked Device List tab
2026-03-20 18:06:25,245 [router_scraper] INFO: Scraped 5 devices from router
2026-03-20 18:06:27,328 [router_scraper] INFO: Clicked DHCP Information sidebar item
2026-03-20 18:06:29,381 [router_scraper] INFO: Clicked Device List tab
2026-03-20 18:06:29,511 [router_scraper] INFO: Scraped 5 devices from router
2026-03-20 18:06:37,310 [router_scraper] INFO: Clicked DHCP Information sidebar item
2026-03-20 18:06:39,356 [router_scraper] INFO: Clicked Device List tab
2026-03-20 18:06:39,462 [router_scraper] INFO: Scraped 5 devices from router
2026-03-20 18:06:41,538 [router_scraper] INFO: Clicked DHCP Information sidebar item
2026-03-20 18:06:43,595 [router_scraper] INFO: Clicked Device List tab
2026-03-20 18:06:43,729 [router_scraper] INFO: Scraped 5 devices from router
2026-03-20 18:06:51,569 [router_scraper] INFO: Clicked DHCP Information sidebar item
2026-03-20 18:06:53,604 [router_scraper] INFO: Clicked Device List tab
2026-03-20 18:06:53,710 [router_scraper] INFO: Scraped 5 devices from router
2026-03-20 18:06:55,789 [router_scraper] INFO: Clicked DHCP Information sidebar item
2026-03-20 18:06:57,840 [router_scraper] INFO: Clicked Device List tab
2026-03-20 18:06:57,964 [router_scraper] INFO: Scraped 5 devices from router
2026-03-20 18:07:05,775 [router_scraper] INFO: Clicked DHCP Information sidebar item
2026-03-20 18:07:07,829 [router_scraper] INFO: Clicked Device List tab
2026-03-20 18:07:07,934 [router_scraper] INFO: Scraped 5 devices from router
2026-03-20 18:07:10,004 [router_scraper] INFO: Clicked DHCP Information sidebar item
2026-03-20 18:07:12,055 [router_scraper] INFO: Clicked Device List tab
2026-03-20 18:07:12,176 [router_scraper] INFO: Scraped 5 devices from router
2026-03-20 18:07:19,988 [router_scraper] INFO: Clicked DHCP Information sidebar item
2026-03-20 18:07:22,027 [router_scraper] INFO: Clicked Device List tab
2026-03-20 18:07:22,144 [router_scraper] INFO: Scraped 5 devices from router
2026-03-20 18:07:24,235 [router_scraper] INFO: Clicked DHCP Information sidebar item
2026-03-20 18:07:26,285 [router_scraper] INFO: Clicked Device List tab
2026-03-20 18:07:26,440 [router_scraper] INFO: Scraped 5 devices from router
2026-03-20 18:07:34,208 [router_scraper] INFO: Clicked DHCP Information sidebar item
2026-03-20 18:07:36,256 [router_scraper] INFO: Clicked Device List tab
2026-03-20 18:07:36,399 [router_scraper] INFO: Scraped 5 devices from router
2026-03-20 18:07:38,507 [router_scraper] INFO: Clicked DHCP Information sidebar item
2026-03-20 18:07:40,568 [router_scraper] INFO: Clicked Device List tab
2026-03-20 18:07:40,716 [router_scraper] INFO: Scraped 5 devices from router
2026-03-20 18:07:48,454 [router_scraper] INFO: Clicked DHCP Information sidebar item
2026-03-20 18:07:50,521 [router_scraper] INFO: Clicked Device List tab
2026-03-20 18:07:50,634 [router_scraper] INFO: Scraped 5 devices from router
2026-03-20 18:07:52,733 [router_scraper] INFO: Clicked DHCP Information sidebar item
2026-03-20 18:07:54,772 [router_scraper] INFO: Clicked Device List tab
2026-03-20 18:07:54,911 [router_scraper] INFO: Scraped 5 devices from router
2026-03-20 18:08:02,691 [router_scraper] INFO: Clicked DHCP Information sidebar item
2026-03-20 18:08:04,760 [router_scraper] INFO: Clicked Device List tab
2026-03-20 18:08:04,872 [router_scraper] INFO: Scraped 5 devices from router
2026-03-20 18:08:06,958 [router_scraper] INFO: Clicked DHCP Information sidebar item
2026-03-20 18:08:09,011 [router_scraper] INFO: Clicked Device List tab
2026-03-20 18:08:09,133 [router_scraper] INFO: Scraped 5 devices from router
2026-03-20 18:08:17,037 [router_scraper] INFO: Clicked DHCP Information sidebar item
2026-03-20 18:08:19,072 [router_scraper] INFO: Clicked Device List tab
2026-03-20 18:08:19,228 [router_scraper] INFO: Scraped 5 devices from router
2026-03-20 18:08:21,328 [router_scraper] INFO: Clicked DHCP Information sidebar item
2026-03-20 18:08:23,371 [router_scraper] INFO: Clicked Device List tab
2026-03-20 18:08:23,493 [router_scraper] INFO: Scraped 5 devices from router
2026-03-20 18:08:31,301 [router_scraper] INFO: Clicked DHCP Information sidebar item
2026-03-20 18:08:33,341 [router_scraper] INFO: Clicked Device List tab
2026-03-20 18:08:33,444 [router_scraper] INFO: Scraped 5 devices from router
2026-03-20 18:08:35,524 [router_scraper] INFO: Clicked DHCP Information sidebar item
2026-03-20 18:08:37,577 [router_scraper] INFO: Clicked Device List tab
2026-03-20 18:08:37,714 [router_scraper] INFO: Scraped 5 devices from router
2026-03-20 18:08:45,509 [router_scraper] INFO: Clicked DHCP Information sidebar item
2026-03-20 18:08:47,554 [router_scraper] INFO: Clicked Device List tab
2026-03-20 18:08:47,672 [router_scraper] INFO: Scraped 5 devices from router
2026-03-20 18:08:49,739 [router_scraper] INFO: Clicked DHCP Information sidebar item
2026-03-20 18:08:51,790 [router_scraper] INFO: Clicked Device List tab
2026-03-20 18:08:51,913 [router_scraper] INFO: Scraped 5 devices from router
2026-03-20 18:08:59,742 [router_scraper] INFO: Clicked DHCP Information sidebar item
2026-03-20 18:09:01,795 [router_scraper] INFO: Clicked Device List tab
2026-03-20 18:09:01,897 [router_scraper] INFO: Scraped 5 devices from router
2026-03-20 18:09:03,977 [router_scraper] INFO: Clicked DHCP Information sidebar item
2026-03-20 18:09:06,031 [router_scraper] INFO: Clicked Device List tab
2026-03-20 18:09:06,151 [router_scraper] INFO: Scraped 5 devices from router
2026-03-20 18:09:13,957 [router_scraper] INFO: Clicked DHCP Information sidebar item
2026-03-20 18:09:16,012 [router_scraper] INFO: Clicked Device List tab
2026-03-20 18:09:16,131 [router_scraper] INFO: Scraped 5 devices from router
2026-03-20 18:09:18,210 [router_scraper] INFO: Clicked DHCP Information sidebar item
2026-03-20 18:09:20,262 [router_scraper] INFO: Clicked Device List tab
2026-03-20 18:09:20,384 [router_scraper] INFO: Scraped 5 devices from router
2026-03-20 18:09:28,194 [router_scraper] INFO: Clicked DHCP Information sidebar item
2026-03-20 18:09:30,240 [router_scraper] INFO: Clicked Device List tab
2026-03-20 18:09:30,340 [router_scraper] INFO: Scraped 5 devices from router
2026-03-20 18:09:32,430 [router_scraper] INFO: Clicked DHCP Information sidebar item
2026-03-20 18:09:34,477 [router_scraper] INFO: Clicked Device List tab
2026-03-20 18:09:34,599 [router_scraper] INFO: Scraped 5 devices from router
2026-03-20 18:09:42,407 [router_scraper] INFO: Clicked DHCP Information sidebar item
2026-03-20 18:09:44,461 [router_scraper] INFO: Clicked Device List tab
2026-03-20 18:09:44,595 [router_scraper] INFO: Scraped 5 devices from router
2026-03-20 18:09:46,675 [router_scraper] INFO: Clicked DHCP Information sidebar item
2026-03-20 18:09:48,724 [router_scraper] INFO: Clicked Device List tab
2026-03-20 18:09:48,846 [router_scraper] INFO: Scraped 5 devices from router
2026-03-20 18:09:56,657 [router_scraper] INFO: Clicked DHCP Information sidebar item
2026-03-20 18:09:58,733 [router_scraper] INFO: Clicked Device List tab
2026-03-20 18:09:58,844 [router_scraper] INFO: Scraped 5 devices from router
2026-03-20 18:10:00,925 [router_scraper] INFO: Clicked DHCP Information sidebar item
2026-03-20 18:10:02,974 [router_scraper] INFO: Clicked Device List tab
2026-03-20 18:10:03,104 [router_scraper] INFO: Scraped 5 devices from router
2026-03-20 18:10:10,906 [router_scraper] INFO: Clicked DHCP Information sidebar item
2026-03-20 18:10:12,962 [router_scraper] INFO: Clicked Device List tab
2026-03-20 18:10:13,089 [router_scraper] INFO: Scraped 5 devices from router
2026-03-20 18:10:15,176 [router_scraper] INFO: Clicked DHCP Information sidebar item
2026-03-20 18:10:17,267 [router_scraper] INFO: Clicked Device List tab
2026-03-20 18:10:17,398 [router_scraper] INFO: Scraped 5 devices from router
2026-03-20 18:10:25,157 [router_scraper] INFO: Clicked DHCP Information sidebar item
2026-03-20 18:10:27,209 [router_scraper] INFO: Clicked Device List tab
2026-03-20 18:10:27,311 [router_scraper] INFO: Scraped 5 devices from router
2026-03-20 18:10:29,438 [router_scraper] INFO: Clicked DHCP Information sidebar item
2026-03-20 18:10:31,495 [router_scraper] INFO: Clicked Device List tab
2026-03-20 18:10:31,620 [router_scraper] INFO: Scraped 5 devices from router
2026-03-20 18:10:39,382 [router_scraper] INFO: Clicked DHCP Information sidebar item
2026-03-20 18:10:41,425 [router_scraper] INFO: Clicked Device List tab
2026-03-20 18:10:41,527 [router_scraper] INFO: Scraped 5 devices from router
2026-03-20 18:10:43,606 [router_scraper] INFO: Clicked DHCP Information sidebar item
2026-03-20 18:10:45,658 [router_scraper] INFO: Clicked Device List tab
2026-03-20 18:10:45,776 [router_scraper] INFO: Scraped 5 devices from router
2026-03-20 18:10:53,615 [router_scraper] INFO: Clicked DHCP Information sidebar item
2026-03-20 18:10:55,657 [router_scraper] INFO: Clicked Device List tab
2026-03-20 18:10:55,761 [router_scraper] INFO: Scraped 5 devices from router
2026-03-20 18:10:57,838 [router_scraper] INFO: Clicked DHCP Information sidebar item
2026-03-20 18:10:59,887 [router_scraper] INFO: Clicked Device List tab
2026-03-20 18:11:00,021 [router_scraper] INFO: Scraped 5 devices from router
2026-03-20 18:11:07,818 [router_scraper] INFO: Clicked DHCP Information sidebar item
2026-03-20 18:11:09,857 [router_scraper] INFO: Clicked Device List tab
2026-03-20 18:11:09,960 [router_scraper] INFO: Scraped 5 devices from router
2026-03-20 18:11:12,047 [router_scraper] INFO: Clicked DHCP Information sidebar item
2026-03-20 18:11:14,096 [router_scraper] INFO: Clicked Device List tab
2026-03-20 18:11:14,226 [router_scraper] INFO: Scraped 5 devices from router
2026-03-20 18:11:22,023 [router_scraper] INFO: Clicked DHCP Information sidebar item
2026-03-20 18:11:24,071 [router_scraper] INFO: Clicked Device List tab
2026-03-20 18:11:24,182 [router_scraper] INFO: Scraped 5 devices from router
2026-03-20 18:11:26,256 [router_scraper] INFO: Clicked DHCP Information sidebar item
2026-03-20 18:11:28,516 [router_scraper] INFO: Clicked Device List tab
2026-03-20 18:11:28,788 [router_scraper] INFO: Scraped 5 devices from router
2026-03-20 18:11:36,446 [router_scraper] INFO: Clicked DHCP Information sidebar item
2026-03-20 18:11:38,521 [router_scraper] INFO: Clicked Device List tab
2026-03-20 18:11:38,734 [router_scraper] INFO: Scraped 5 devices from router
2026-03-20 18:11:40,925 [router_scraper] INFO: Clicked DHCP Information sidebar item
2026-03-20 18:11:42,958 [router_scraper] INFO: Clicked Device List tab
2026-03-20 18:11:43,097 [router_scraper] INFO: Scraped 5 devices from router
2026-03-20 18:11:50,870 [router_scraper] INFO: Clicked DHCP Information sidebar item
2026-03-20 18:11:52,922 [router_scraper] INFO: Clicked Device List tab
2026-03-20 18:11:53,112 [router_scraper] INFO: Scraped 5 devices from router
2026-03-20 18:11:55,223 [router_scraper] INFO: Clicked DHCP Information sidebar item
2026-03-20 18:11:57,347 [router_scraper] INFO: Clicked Device List tab
2026-03-20 18:11:57,714 [router_scraper] INFO: Scraped 5 devices from router
2026-03-20 18:12:05,177 [router_scraper] INFO: Clicked DHCP Information sidebar item
2026-03-20 18:12:07,209 [router_scraper] INFO: Clicked Device List tab
2026-03-20 18:12:07,542 [router_scraper] INFO: Scraped 5 devices from router
2026-03-20 18:12:09,684 [router_scraper] INFO: Clicked DHCP Information sidebar item
2026-03-20 18:12:11,844 [router_scraper] INFO: Clicked Device List tab
2026-03-20 18:12:12,145 [router_scraper] INFO: Scraped 5 devices from router
2026-03-20 18:12:19,602 [router_scraper] INFO: Clicked DHCP Information sidebar item
2026-03-20 18:12:21,666 [router_scraper] INFO: Clicked Device List tab
2026-03-20 18:12:21,831 [router_scraper] INFO: Scraped 5 devices from router
2026-03-20 18:12:23,909 [router_scraper] INFO: Clicked DHCP Information sidebar item
2026-03-20 18:12:25,976 [router_scraper] INFO: Clicked Device List tab
2026-03-20 18:12:26,135 [router_scraper] INFO: Scraped 5 devices from router
2026-03-20 18:12:33,905 [router_scraper] INFO: Clicked DHCP Information sidebar item
2026-03-20 18:12:35,943 [router_scraper] INFO: Clicked Device List tab
2026-03-20 18:12:36,041 [router_scraper] INFO: Scraped 5 devices from router
2026-03-20 18:12:38,115 [router_scraper] INFO: Clicked DHCP Information sidebar item
2026-03-20 18:12:40,166 [router_scraper] INFO: Clicked Device List tab
2026-03-20 18:12:40,282 [router_scraper] INFO: Scraped 5 devices from router
2026-03-20 18:12:48,092 [router_scraper] INFO: Clicked DHCP Information sidebar item
2026-03-20 18:12:50,131 [router_scraper] INFO: Clicked Device List tab
2026-03-20 18:12:50,226 [router_scraper] INFO: Scraped 5 devices from router
2026-03-20 18:12:52,297 [router_scraper] INFO: Clicked DHCP Information sidebar item
2026-03-20 18:12:54,324 [router_scraper] INFO: Clicked Device List tab
2026-03-20 18:12:54,456 [router_scraper] INFO: Scraped 5 devices from router
2026-03-20 18:13:02,273 [router_scraper] INFO: Clicked DHCP Information sidebar item
2026-03-20 18:13:04,314 [router_scraper] INFO: Clicked Device List tab
2026-03-20 18:13:04,408 [router_scraper] INFO: Scraped 5 devices from router
2026-03-20 18:13:06,480 [router_scraper] INFO: Clicked DHCP Information sidebar item
2026-03-20 18:13:08,532 [router_scraper] INFO: Clicked Device List tab
2026-03-20 18:13:08,650 [router_scraper] INFO: Scraped 5 devices from router
2026-03-20 18:13:16,458 [router_scraper] INFO: Clicked DHCP Information sidebar item
2026-03-20 18:13:18,497 [router_scraper] INFO: Clicked Device List tab
2026-03-20 18:13:18,592 [router_scraper] INFO: Scraped 5 devices from router
2026-03-20 18:13:20,666 [router_scraper] INFO: Clicked DHCP Information sidebar item
2026-03-20 18:13:22,714 [router_scraper] INFO: Clicked Device List tab
2026-03-20 18:13:22,826 [router_scraper] INFO: Scraped 5 devices from router
2026-03-20 18:13:30,664 [router_scraper] INFO: Clicked DHCP Information sidebar item
2026-03-20 18:13:32,714 [router_scraper] INFO: Clicked Device List tab
2026-03-20 18:13:32,809 [router_scraper] INFO: Scraped 5 devices from router
2026-03-20 18:13:34,893 [router_scraper] INFO: Clicked DHCP Information sidebar item
2026-03-20 18:13:36,923 [router_scraper] INFO: Clicked Device List tab
2026-03-20 18:13:37,036 [router_scraper] INFO: Scraped 5 devices from router
2026-03-20 18:13:44,857 [router_scraper] INFO: Clicked DHCP Information sidebar item
2026-03-20 18:13:46,896 [router_scraper] INFO: Clicked Device List tab
2026-03-20 18:13:46,990 [router_scraper] INFO: Scraped 5 devices from router
2026-03-20 18:13:49,065 [router_scraper] INFO: Clicked DHCP Information sidebar item
2026-03-20 18:13:51,108 [router_scraper] INFO: Clicked Device List tab
2026-03-20 18:13:51,222 [router_scraper] INFO: Scraped 5 devices from router
2026-03-20 18:13:59,041 [router_scraper] INFO: Clicked DHCP Information sidebar item
2026-03-20 18:14:01,072 [router_scraper] INFO: Clicked Device List tab
2026-03-20 18:14:01,166 [router_scraper] INFO: Scraped 5 devices from router
2026-03-20 18:14:03,231 [router_scraper] INFO: Clicked DHCP Information sidebar item
2026-03-20 18:14:05,279 [router_scraper] INFO: Clicked Device List tab
2026-03-20 18:14:05,400 [router_scraper] INFO: Scraped 5 devices from router
2026-03-20 18:14:13,241 [router_scraper] INFO: Clicked DHCP Information sidebar item
2026-03-20 18:14:15,275 [router_scraper] INFO: Clicked Device List tab
2026-03-20 18:14:15,370 [router_scraper] INFO: Scraped 5 devices from router
2026-03-20 18:14:17,458 [router_scraper] INFO: Clicked DHCP Information sidebar item
2026-03-20 18:14:19,493 [router_scraper] INFO: Clicked Device List tab
2026-03-20 18:14:19,607 [router_scraper] INFO: Scraped 5 devices from router
2026-03-20 18:14:27,430 [router_scraper] INFO: Clicked DHCP Information sidebar item
2026-03-20 18:14:29,482 [router_scraper] INFO: Clicked Device List tab
2026-03-20 18:14:29,571 [router_scraper] INFO: Scraped 4 devices from router
2026-03-20 18:14:31,647 [router_scraper] INFO: Clicked DHCP Information sidebar item
2026-03-20 18:14:33,693 [router_scraper] INFO: Clicked Device List tab
2026-03-20 18:14:33,804 [router_scraper] INFO: Scraped 4 devices from router
2026-03-20 18:14:41,624 [router_scraper] INFO: Clicked DHCP Information sidebar item
2026-03-20 18:14:43,655 [router_scraper] INFO: Clicked Device List tab
2026-03-20 18:14:43,737 [router_scraper] INFO: Scraped 4 devices from router
2026-03-20 18:14:45,813 [router_scraper] INFO: Clicked DHCP Information sidebar item
2026-03-20 18:14:47,864 [router_scraper] INFO: Clicked Device List tab
2026-03-20 18:14:47,968 [router_scraper] INFO: Scraped 4 devices from router
2026-03-20 18:14:55,806 [router_scraper] INFO: Clicked DHCP Information sidebar item
2026-03-20 18:14:58,041 [router_scraper] INFO: Clicked Device List tab
2026-03-20 18:14:58,136 [router_scraper] INFO: Scraped 4 devices from router
2026-03-20 18:15:00,216 [router_scraper] INFO: Clicked DHCP Information sidebar item
2026-03-20 18:15:02,267 [router_scraper] INFO: Clicked Device List tab
2026-03-20 18:15:02,371 [router_scraper] INFO: Scraped 4 devices from router
2026-03-20 18:15:10,196 [router_scraper] INFO: Clicked DHCP Information sidebar item
2026-03-20 18:15:12,253 [router_scraper] INFO: Clicked Device List tab
2026-03-20 18:15:12,345 [router_scraper] INFO: Scraped 4 devices from router
2026-03-20 18:15:14,431 [router_scraper] INFO: Clicked DHCP Information sidebar item
2026-03-20 18:15:16,488 [router_scraper] INFO: Clicked Device List tab
2026-03-20 18:15:16,593 [router_scraper] INFO: Scraped 4 devices from router
2026-03-20 18:15:24,412 [router_scraper] INFO: Clicked DHCP Information sidebar item
2026-03-20 18:15:26,464 [router_scraper] INFO: Clicked Device List tab
2026-03-20 18:15:26,573 [router_scraper] INFO: Scraped 5 devices from router
2026-03-20 18:15:28,643 [router_scraper] INFO: Clicked DHCP Information sidebar item
2026-03-20 18:15:30,698 [router_scraper] INFO: Clicked Device List tab
2026-03-20 18:15:30,819 [router_scraper] INFO: Scraped 5 devices from router
2026-03-20 18:15:38,622 [router_scraper] INFO: Clicked DHCP Information sidebar item
2026-03-20 18:15:40,670 [router_scraper] INFO: Clicked Device List tab
2026-03-20 18:15:40,785 [router_scraper] INFO: Scraped 5 devices from router
2026-03-20 18:15:42,865 [router_scraper] INFO: Clicked DHCP Information sidebar item
2026-03-20 18:15:44,910 [router_scraper] INFO: Clicked Device List tab
2026-03-20 18:15:45,064 [router_scraper] INFO: Scraped 5 devices from router
2026-03-20 18:15:52,840 [router_scraper] INFO: Clicked DHCP Information sidebar item
2026-03-20 18:15:54,877 [router_scraper] INFO: Clicked Device List tab
2026-03-20 18:15:54,980 [router_scraper] INFO: Scraped 5 devices from router
2026-03-20 18:15:57,062 [router_scraper] INFO: Clicked DHCP Information sidebar item
2026-03-20 18:15:59,109 [router_scraper] INFO: Clicked Device List tab
2026-03-20 18:15:59,258 [router_scraper] INFO: Scraped 5 devices from router
2026-03-20 18:16:07,047 [router_scraper] INFO: Clicked DHCP Information sidebar item
2026-03-20 18:16:09,094 [router_scraper] INFO: Clicked Device List tab
2026-03-20 18:16:09,197 [router_scraper] INFO: Scraped 5 devices from router
2026-03-20 18:16:11,275 [router_scraper] INFO: Clicked DHCP Information sidebar item
2026-03-20 18:16:13,329 [router_scraper] INFO: Clicked Device List tab
2026-03-20 18:16:13,452 [router_scraper] INFO: Scraped 5 devices from router
2026-03-20 18:16:21,262 [router_scraper] INFO: Clicked DHCP Information sidebar item
2026-03-20 18:16:23,314 [router_scraper] INFO: Clicked Device List tab
2026-03-20 18:16:23,416 [router_scraper] INFO: Scraped 5 devices from router
2026-03-20 18:16:25,490 [router_scraper] INFO: Clicked DHCP Information sidebar item
2026-03-20 18:16:27,527 [router_scraper] INFO: Clicked Device List tab
2026-03-20 18:16:27,654 [router_scraper] INFO: Scraped 5 devices from router
2026-03-20 18:16:35,476 [router_scraper] INFO: Clicked DHCP Information sidebar item
2026-03-20 18:16:37,527 [router_scraper] INFO: Clicked Device List tab
2026-03-20 18:16:37,699 [router_scraper] INFO: Scraped 5 devices from router
2026-03-20 18:16:39,790 [router_scraper] INFO: Clicked DHCP Information sidebar item
2026-03-20 18:16:41,847 [router_scraper] INFO: Clicked Device List tab
2026-03-20 18:16:41,970 [router_scraper] INFO: Scraped 5 devices from router
2026-03-20 18:16:49,755 [router_scraper] INFO: Clicked DHCP Information sidebar item
2026-03-20 18:16:51,817 [router_scraper] INFO: Clicked Device List tab
2026-03-20 18:16:51,920 [router_scraper] INFO: Scraped 5 devices from router
2026-03-20 18:16:54,008 [router_scraper] INFO: Clicked DHCP Information sidebar item
2026-03-20 18:16:56,065 [router_scraper] INFO: Clicked Device List tab
2026-03-20 18:16:56,187 [router_scraper] INFO: Scraped 5 devices from router
2026-03-20 18:17:03,972 [router_scraper] INFO: Clicked DHCP Information sidebar item
2026-03-20 18:17:06,034 [router_scraper] INFO: Clicked Device List tab
2026-03-20 18:17:06,154 [router_scraper] INFO: Scraped 5 devices from router
2026-03-20 18:17:08,224 [router_scraper] INFO: Clicked DHCP Information sidebar item
2026-03-20 18:17:10,282 [router_scraper] INFO: Clicked Device List tab
2026-03-20 18:17:10,405 [router_scraper] INFO: Scraped 5 devices from router
2026-03-20 18:17:18,206 [router_scraper] INFO: Clicked DHCP Information sidebar item
2026-03-20 18:17:20,266 [router_scraper] INFO: Clicked Device List tab
2026-03-20 18:17:20,369 [router_scraper] INFO: Scraped 5 devices from router
2026-03-20 18:17:22,449 [router_scraper] INFO: Clicked DHCP Information sidebar item
2026-03-20 18:17:24,499 [router_scraper] INFO: Clicked Device List tab
2026-03-20 18:17:24,619 [router_scraper] INFO: Scraped 5 devices from router
2026-03-20 18:17:32,429 [router_scraper] INFO: Clicked DHCP Information sidebar item
2026-03-20 18:17:34,485 [router_scraper] INFO: Clicked Device List tab
2026-03-20 18:17:34,586 [router_scraper] INFO: Scraped 5 devices from router
2026-03-20 18:17:36,660 [router_scraper] INFO: Clicked DHCP Information sidebar item
2026-03-20 18:17:38,716 [router_scraper] INFO: Clicked Device List tab
2026-03-20 18:17:38,841 [router_scraper] INFO: Scraped 5 devices from router
2026-03-20 18:17:46,644 [router_scraper] INFO: Clicked DHCP Information sidebar item
2026-03-20 18:17:48,693 [router_scraper] INFO: Clicked Device List tab
2026-03-20 18:17:48,802 [router_scraper] INFO: Scraped 5 devices from router
2026-03-20 18:17:50,919 [router_scraper] INFO: Clicked DHCP Information sidebar item
2026-03-20 18:17:52,967 [router_scraper] INFO: Clicked Device List tab
2026-03-20 18:17:53,087 [router_scraper] INFO: Scraped 5 devices from router
2026-03-20 18:18:00,860 [router_scraper] INFO: Clicked DHCP Information sidebar item
2026-03-20 18:18:02,912 [router_scraper] INFO: Clicked Device List tab
2026-03-20 18:18:03,015 [router_scraper] INFO: Scraped 5 devices from router
2026-03-20 18:18:05,091 [router_scraper] INFO: Clicked DHCP Information sidebar item
2026-03-20 18:18:07,142 [router_scraper] INFO: Clicked Device List tab
2026-03-20 18:18:07,262 [router_scraper] INFO: Scraped 5 devices from router
2026-03-20 18:18:15,073 [router_scraper] INFO: Clicked DHCP Information sidebar item
2026-03-20 18:18:17,107 [router_scraper] INFO: Clicked Device List tab
2026-03-20 18:18:17,209 [router_scraper] INFO: Scraped 5 devices from router
2026-03-20 18:18:19,295 [router_scraper] INFO: Clicked DHCP Information sidebar item
2026-03-20 18:18:21,350 [router_scraper] INFO: Clicked Device List tab
2026-03-20 18:18:21,471 [router_scraper] INFO: Scraped 5 devices from router
2026-03-20 18:18:29,278 [router_scraper] INFO: Clicked DHCP Information sidebar item
2026-03-20 18:18:31,322 [router_scraper] INFO: Clicked Device List tab
2026-03-20 18:18:31,424 [router_scraper] INFO: Scraped 5 devices from router
2026-03-20 18:18:33,491 [router_scraper] INFO: Clicked DHCP Information sidebar item
2026-03-20 18:18:35,546 [router_scraper] INFO: Clicked Device List tab
2026-03-20 18:18:35,667 [router_scraper] INFO: Scraped 5 devices from router
2026-03-20 18:18:43,493 [router_scraper] INFO: Clicked DHCP Information sidebar item
2026-03-20 18:18:45,537 [router_scraper] INFO: Clicked Device List tab
2026-03-20 18:18:45,638 [router_scraper] INFO: Scraped 5 devices from router
2026-03-20 18:18:47,705 [router_scraper] INFO: Clicked DHCP Information sidebar item
2026-03-20 18:18:49,760 [router_scraper] INFO: Clicked Device List tab
2026-03-20 18:18:49,884 [router_scraper] INFO: Scraped 5 devices from router
2026-03-20 18:18:57,688 [router_scraper] INFO: Clicked DHCP Information sidebar item
2026-03-20 18:18:59,729 [router_scraper] INFO: Clicked Device List tab
2026-03-20 18:18:59,832 [router_scraper] INFO: Scraped 5 devices from router
2026-03-20 18:19:01,958 [router_scraper] INFO: Clicked DHCP Information sidebar item
2026-03-20 18:19:04,009 [router_scraper] INFO: Clicked Device List tab
2026-03-20 18:19:04,134 [router_scraper] INFO: Scraped 5 devices from router
2026-03-20 18:19:11,894 [router_scraper] INFO: Clicked DHCP Information sidebar item
2026-03-20 18:19:13,945 [router_scraper] INFO: Clicked Device List tab
2026-03-20 18:19:14,053 [router_scraper] INFO: Scraped 5 devices from router
2026-03-20 18:19:16,122 [router_scraper] INFO: Clicked DHCP Information sidebar item
2026-03-20 18:19:18,181 [router_scraper] INFO: Clicked Device List tab
2026-03-20 18:19:18,316 [router_scraper] INFO: Scraped 5 devices from router
2026-03-20 18:19:26,103 [router_scraper] INFO: Clicked DHCP Information sidebar item
2026-03-20 18:19:28,163 [router_scraper] INFO: Clicked Device List tab
2026-03-20 18:19:28,265 [router_scraper] INFO: Scraped 5 devices from router
2026-03-20 18:19:30,346 [router_scraper] INFO: Clicked DHCP Information sidebar item
2026-03-20 18:19:32,401 [router_scraper] INFO: Clicked Device List tab
2026-03-20 18:19:32,549 [router_scraper] INFO: Scraped 5 devices from router
2026-03-20 18:19:40,337 [router_scraper] INFO: Clicked DHCP Information sidebar item
2026-03-20 18:19:42,389 [router_scraper] INFO: Clicked Device List tab
2026-03-20 18:19:42,493 [router_scraper] INFO: Scraped 5 devices from router
2026-03-20 18:19:44,578 [router_scraper] INFO: Clicked DHCP Information sidebar item
2026-03-20 18:19:46,667 [router_scraper] INFO: Clicked Device List tab
2026-03-20 18:19:46,788 [router_scraper] INFO: Scraped 5 devices from router
2026-03-20 18:19:54,560 [router_scraper] INFO: Clicked DHCP Information sidebar item
2026-03-20 18:19:56,616 [router_scraper] INFO: Clicked Device List tab
2026-03-20 18:19:56,730 [router_scraper] INFO: Scraped 5 devices from router
2026-03-20 18:19:58,813 [router_scraper] INFO: Clicked DHCP Information sidebar item
2026-03-20 18:20:00,860 [router_scraper] INFO: Clicked Device List tab
2026-03-20 18:20:00,980 [router_scraper] INFO: Scraped 5 devices from router
2026-03-20 18:20:08,793 [router_scraper] INFO: Clicked DHCP Information sidebar item
2026-03-20 18:20:10,844 [router_scraper] INFO: Clicked Device List tab
2026-03-20 18:20:10,972 [router_scraper] INFO: Scraped 5 devices from router
2026-03-20 18:20:12,832 [router_scraper] WARNING: Sidebar click failed: Locator.click: Target page, context or browser has been closed, attempting force-click.
2026-03-20 18:20:12,841 [router_scraper] ERROR: Force-click also failed: Locator.click: Target page, context or browser has been closed
2026-03-20 18:20:12,866 [router_scraper] ERROR: Failed to scrape devices: Page.goto: Target page, context or browser has been closed
2026-03-20 18:20:12,914 [hotzone] INFO: Shutting down — cleaning up Playwright...
2026-03-20 18:20:12,994 [asyncio] ERROR: Future exception was never retrieved
future: <Future finished exception=Exception('Connection closed while reading from the driver')>
Exception: Connection closed while reading from the driver
2026-03-20 18:20:12,998 [asyncio] ERROR: Future exception was never retrieved
future: <Future finished exception=TargetClosedError('Target page, context or browser has been closed')>
playwright._impl._errors.TargetClosedError: Target page, context or browser has been closed
